time,fold,active_sleeves,gross_pnl_bps,cost_bps,net_pnl_bps,turnover,gross_exposure,net_exposure,n_symbols
2025-05-11 02:10:00+00:00,1,0,0.0,0.0,0.0,0.0,0.0,0.0,0
2025-05-11 06:10:00+00:00,1,0,0.0,0.0,0.0,0.0,0.0,0.0,0
2025-05-11 10:10:00+00:00,1,0,0.0,0.0,0.0,0.0,0.0,0.0,0
2025-05-11 14:10:00+00:00,1,0,0.0,0.0,0.0,0.0,0.0,0.0,0
2025-05-11 18:10:00+00:00,1,0,0.0,0.0,0.0,0.0,0.0,0.0,0
2025-05-11 22:10:00+00:00,1,0,0.0,0.0,0.0,0.0,0.0,0.0,0
2025-05-12 02:10:00+00:00,1,0,0.0,0.0,0.0,0.0,0.0,0.0,0
2025-05-12 06:10:00+00:00,1,0,0.0,0.0,0.0,0.0,0.0,0.0,0
2025-05-12 10:10:00+00:00,1,0,0.0,0.0,0.0,0.0,0.0,0.0,0
2025-05-12 14:10:00+00:00,1,0,0.0,0.0,0.0,0.0,0.0,0.0,0
2025-05-12 18:10:00+00:00,1,0,0.0,0.0,0.0,0.0,0.0,0.0,0
2025-05-12 22:10:00+00:00,1,0,0.0,0.0,0.0,0.0,0.0,0.0,0
2025-05-13 02:10:00+00:00,1,0,0.0,0.0,0.0,0.0,0.0,0.0,0
2025-05-13 06:10:00+00:00,1,0,0.0,0.0,0.0,0.0,0.0,0.0,0
2025-05-13 10:10:00+00:00,1,0,0.0,0.0,0.0,0.0,0.0,0.0,0
2025-05-13 14:10:00+00:00,1,0,0.0,0.0,0.0,0.0,0.0,0.0,0
2025-05-13 18:10:00+00:00,1,0,0.0,0.0,0.0,0.0,0.0,0.0,0
2025-05-13 22:10:00+00:00,1,0,0.0,0.0,0.0,0.0,0.0,0.0,0
2025-05-14 02:10:00+00:00,1,0,0.0,0.0,0.0,0.0,0.0,0.0,0
2025-05-14 06:10:00+00:00,1,0,0.0,0.0,0.0,0.0,0.0,0.0,0
2025-05-14 10:10:00+00:00,1,0,0.0,0.0,0.0,0.0,0.0,0.0,0
2025-05-14 14:10:00+00:00,1,0,0.0,0.0,0.0,0.0,0.0,0.0,0
2025-05-14 18:10:00+00:00,1,0,0.0,0.0,0.0,0.0,0.0,0.0,0
2025-05-14 22:10:00+00:00,1,0,0.0,0.0,0.0,0.0,0.0,0.0,0
2025-05-15 02:10:00+00:00,1,0,0.0,0.0,0.0,0.0,0.0,0.0,0
2025-05-15 06:10:00+00:00,1,0,0.0,0.0,0.0,0.0,0.0,0.0,0
2025-05-15 10:10:00+00:00,1,0,0.0,0.0,0.0,0.0,0.0,0.0,0
2025-05-15 14:10:00+00:00,1,0,0.0,0.0,0.0,0.0,0.0,0.0,0
2025-05-15 18:10:00+00:00,1,0,0.0,0.0,0.0,0.0,0.0,0.0,0
2025-05-15 22:10:00+00:00,1,0,0.0,0.0,0.0,0.0,0.0,0.0,0
2025-05-16 02:10:00+00:00,1,0,0.0,0.0,0.0,0.0,0.0,0.0,0
2025-05-16 06:10:00+00:00,1,0,0.0,0.0,0.0,0.0,0.0,0.0,0
2025-05-16 10:10:00+00:00,1,0,0.0,0.0,0.0,0.0,0.0,0.0,0
2025-05-16 14:10:00+00:00,1,0,0.0,0.0,0.0,0.0,0.0,0.0,0
2025-05-16 18:10:00+00:00,1,0,0.0,0.0,0.0,0.0,0.0,0.0,0
2025-05-16 22:10:00+00:00,1,0,0.0,0.0,0.0,0.0,0.0,0.0,0
2025-05-17 02:10:00+00:00,1,0,0.0,0.0,0.0,0.0,0.0,0.0,0
2025-05-17 06:10:00+00:00,1,0,0.0,0.0,0.0,0.0,0.0,0.0,0
2025-05-17 10:10:00+00:00,1,0,0.0,0.0,0.0,0.0,0.0,0.0,0
2025-05-17 14:10:00+00:00,1,0,0.0,0.0,0.0,0.0,0.0,0.0,0
2025-05-17 18:10:00+00:00,1,0,0.0,0.0,0.0,0.0,0.0,0.0,0
2025-05-17 22:10:00+00:00,1,0,0.0,0.0,0.0,0.0,0.0,0.0,0
2025-05-18 02:10:00+00:00,1,0,0.0,0.0,0.0,0.0,0.0,0.0,0
2025-05-18 06:10:00+00:00,1,0,0.0,0.0,0.0,0.0,0.0,0.0,0
2025-05-18 10:10:00+00:00,1,0,0.0,0.0,0.0,0.0,0.0,0.0,0
2025-05-18 14:10:00+00:00,1,0,0.0,0.0,0.0,0.0,0.0,0.0,0
2025-05-18 18:10:00+00:00,1,0,0.0,0.0,0.0,0.0,0.0,0.0,0
2025-05-18 22:10:00+00:00,1,0,0.0,0.0,0.0,0.0,0.0,0.0,0
2025-05-19 02:10:00+00:00,1,0,0.0,0.0,0.0,0.0,0.0,0.0,0
2025-05-19 06:10:00+00:00,1,0,0.0,0.0,0.0,0.0,0.0,0.0,0
2025-05-19 10:10:00+00:00,1,0,0.0,0.0,0.0,0.0,0.0,0.0,0
2025-05-19 14:10:00+00:00,1,0,0.0,0.0,0.0,0.0,0.0,0.0,0
2025-05-19 18:10:00+00:00,1,0,0.0,0.0,0.0,0.0,0.0,0.0,0
2025-05-19 22:10:00+00:00,1,0,0.0,0.0,0.0,0.0,0.0,0.0,0
2025-05-20 02:10:00+00:00,1,0,0.0,0.0,0.0,0.0,0.0,0.0,0
2025-05-20 06:10:00+00:00,1,0,0.0,0.0,0.0,0.0,0.0,0.0,0
2025-05-20 10:10:00+00:00,1,0,0.0,0.0,0.0,0.0,0.0,0.0,0
2025-05-20 14:10:00+00:00,1,0,0.0,0.0,0.0,0.0,0.0,0.0,0
2025-05-20 18:10:00+00:00,1,0,0.0,0.0,0.0,0.0,0.0,0.0,0
2025-05-20 22:10:00+00:00,1,0,0.0,0.0,0.0,0.0,0.0,0.0,0
2025-05-21 02:10:00+00:00,1,0,0.0,0.0,0.0,0.0,0.0,0.0,0
2025-05-21 06:10:00+00:00,1,0,0.0,0.0,0.0,0.0,0.0,0.0,0
2025-05-21 10:10:00+00:00,1,0,0.0,0.0,0.0,0.0,0.0,0.0,0
2025-05-21 14:10:00+00:00,1,0,0.0,0.0,0.0,0.0,0.0,0.0,0
2025-05-21 18:10:00+00:00,1,0,0.0,0.0,0.0,0.0,0.0,0.0,0
2025-05-21 22:10:00+00:00,1,0,0.0,0.0,0.0,0.0,0.0,0.0,0
2025-05-22 02:10:00+00:00,1,0,0.0,0.0,0.0,0.0,0.0,0.0,0
2025-05-22 06:10:00+00:00,1,0,0.0,0.0,0.0,0.0,0.0,0.0,0
2025-05-22 10:10:00+00:00,1,0,0.0,0.0,0.0,0.0,0.0,0.0,0
2025-05-22 14:10:00+00:00,1,0,0.0,0.0,0.0,0.0,0.0,0.0,0
2025-05-22 18:10:00+00:00,1,0,0.0,0.0,0.0,0.0,0.0,0.0,0
2025-05-22 22:10:00+00:00,1,0,0.0,0.0,0.0,0.0,0.0,0.0,0
2025-05-23 02:10:00+00:00,1,0,0.0,0.0,0.0,0.0,0.0,0.0,0
2025-05-23 06:10:00+00:00,1,0,0.0,0.0,0.0,0.0,0.0,0.0,0
2025-05-23 10:10:00+00:00,1,0,0.0,0.0,0.0,0.0,0.0,0.0,0
2025-05-23 14:10:00+00:00,1,0,0.0,0.0,0.0,0.0,0.0,0.0,0
2025-05-23 18:10:00+00:00,1,0,0.0,0.0,0.0,0.0,0.0,0.0,0
2025-05-23 22:10:00+00:00,1,0,0.0,0.0,0.0,0.0,0.0,0.0,0
2025-05-24 02:10:00+00:00,1,0,0.0,0.0,0.0,0.0,0.0,0.0,0
2025-05-24 06:10:00+00:00,1,0,0.0,0.0,0.0,0.0,0.0,0.0,0
2025-05-24 10:10:00+00:00,1,0,0.0,0.0,0.0,0.0,0.0,0.0,0
2025-05-24 14:10:00+00:00,1,0,0.0,0.0,0.0,0.0,0.0,0.0,0
2025-05-24 18:10:00+00:00,1,0,0.0,0.0,0.0,0.0,0.0,0.0,0
2025-05-24 22:10:00+00:00,1,0,0.0,0.0,0.0,0.0,0.0,0.0,0
2025-05-25 02:10:00+00:00,1,0,0.0,0.0,0.0,0.0,0.0,0.0,0
2025-05-25 06:10:00+00:00,1,0,0.0,0.0,0.0,0.0,0.0,0.0,0
2025-05-25 10:10:00+00:00,1,0,0.0,0.0,0.0,0.0,0.0,0.0,0
2025-05-25 14:10:00+00:00,1,0,0.0,0.0,0.0,0.0,0.0,0.0,0
2025-05-25 18:10:00+00:00,1,0,0.0,0.0,0.0,0.0,0.0,0.0,0
2025-05-25 22:10:00+00:00,1,0,0.0,0.0,0.0,0.0,0.0,0.0,0
2025-05-26 02:10:00+00:00,1,0,0.0,0.0,0.0,0.0,0.0,0.0,0
2025-05-26 06:10:00+00:00,1,0,0.0,0.0,0.0,0.0,0.0,0.0,0
2025-05-26 10:10:00+00:00,1,0,0.0,0.0,0.0,0.0,0.0,0.0,0
2025-05-26 14:10:00+00:00,1,0,0.0,0.0,0.0,0.0,0.0,0.0,0
2025-05-26 18:10:00+00:00,1,0,0.0,0.0,0.0,0.0,0.0,0.0,0
2025-05-26 22:10:00+00:00,1,0,0.0,0.0,0.0,0.0,0.0,0.0,0
2025-05-27 02:10:00+00:00,1,0,0.0,0.0,0.0,0.0,0.0,0.0,0
2025-05-27 06:10:00+00:00,1,0,0.0,0.0,0.0,0.0,0.0,0.0,0
2025-05-27 10:10:00+00:00,1,0,0.0,0.0,0.0,0.0,0.0,0.0,0
2025-05-27 14:10:00+00:00,1,0,0.0,0.0,0.0,0.0,0.0,0.0,0
2025-05-27 18:10:00+00:00,1,0,0.0,0.0,0.0,0.0,0.0,0.0,0
2025-05-27 22:10:00+00:00,1,0,0.0,0.0,0.0,0.0,0.0,0.0,0
2025-05-28 02:10:00+00:00,1,0,0.0,0.0,0.0,0.0,0.0,0.0,0
2025-05-28 06:10:00+00:00,1,0,0.0,0.0,0.0,0.0,0.0,0.0,0
2025-05-28 10:10:00+00:00,1,0,0.0,0.0,0.0,0.0,0.0,0.0,0
2025-05-28 14:10:00+00:00,1,0,0.0,0.0,0.0,0.0,0.0,0.0,0
2025-05-28 18:10:00+00:00,1,0,0.0,0.0,0.0,0.0,0.0,0.0,0
2025-05-28 22:10:00+00:00,1,0,0.0,0.0,0.0,0.0,0.0,0.0,0
2025-05-29 02:10:00+00:00,1,0,0.0,0.0,0.0,0.0,0.0,0.0,0
2025-05-29 06:10:00+00:00,1,0,0.0,0.0,0.0,0.0,0.0,0.0,0
2025-05-29 10:10:00+00:00,1,0,0.0,0.0,0.0,0.0,0.0,0.0,0
2025-05-29 14:10:00+00:00,1,0,0.0,0.0,0.0,0.0,0.0,0.0,0
2025-05-29 18:10:00+00:00,1,0,0.0,0.0,0.0,0.0,0.0,0.0,0
2025-05-29 22:10:00+00:00,1,0,0.0,0.0,0.0,0.0,0.0,0.0,0
2025-05-30 02:10:00+00:00,1,0,0.0,0.0,0.0,0.0,0.0,0.0,0
2025-05-30 06:10:00+00:00,1,0,0.0,0.0,0.0,0.0,0.0,0.0,0
2025-05-30 10:10:00+00:00,1,0,0.0,0.0,0.0,0.0,0.0,0.0,0
2025-05-30 14:10:00+00:00,1,0,0.0,0.0,0.0,0.0,0.0,0.0,0
2025-05-30 18:10:00+00:00,1,0,0.0,0.0,0.0,0.0,0.0,0.0,0
2025-05-30 22:10:00+00:00,1,0,0.0,0.0,0.0,0.0,0.0,0.0,0
2025-05-31 02:10:00+00:00,1,0,0.0,0.0,0.0,0.0,0.0,0.0,0
2025-05-31 06:10:00+00:00,1,0,0.0,0.0,0.0,0.0,0.0,0.0,0
2025-05-31 10:10:00+00:00,1,0,0.0,0.0,0.0,0.0,0.0,0.0,0
2025-05-31 14:10:00+00:00,1,0,0.0,0.0,0.0,0.0,0.0,0.0,0
2025-05-31 18:10:00+00:00,1,0,0.0,0.0,0.0,0.0,0.0,0.0,0
2025-05-31 22:10:00+00:00,1,0,0.0,0.0,0.0,0.0,0.0,0.0,0
2025-06-01 02:10:00+00:00,1,0,0.0,0.0,0.0,0.0,0.0,0.0,0
2025-06-01 06:10:00+00:00,1,0,0.0,0.0,0.0,0.0,0.0,0.0,0
2025-06-01 10:10:00+00:00,1,0,0.0,0.0,0.0,0.0,0.0,0.0,0
2025-06-01 14:10:00+00:00,1,0,0.0,0.0,0.0,0.0,0.0,0.0,0
2025-06-01 18:10:00+00:00,1,0,0.0,0.0,0.0,0.0,0.0,0.0,0
2025-06-01 22:10:00+00:00,1,0,0.0,0.0,0.0,0.0,0.0,0.0,0
2025-06-02 02:10:00+00:00,1,0,0.0,0.0,0.0,0.0,0.0,0.0,0
2025-06-02 06:10:00+00:00,1,0,0.0,0.0,0.0,0.0,0.0,0.0,0
2025-06-02 10:10:00+00:00,1,0,0.0,0.0,0.0,0.0,0.0,0.0,0
2025-06-02 14:10:00+00:00,1,0,0.0,0.0,0.0,0.0,0.0,0.0,0
2025-06-02 18:10:00+00:00,1,0,0.0,0.0,0.0,0.0,0.0,0.0,0
2025-06-02 22:10:00+00:00,1,0,0.0,0.0,0.0,0.0,0.0,0.0,0
2025-06-03 02:10:00+00:00,1,0,0.0,0.0,0.0,0.0,0.0,0.0,0
2025-06-03 06:10:00+00:00,1,0,0.0,0.0,0.0,0.0,0.0,0.0,0
2025-06-03 10:10:00+00:00,1,0,0.0,0.0,0.0,0.0,0.0,0.0,0
2025-06-03 14:10:00+00:00,1,0,0.0,0.0,0.0,0.0,0.0,0.0,0
2025-06-03 18:10:00+00:00,1,0,0.0,0.0,0.0,0.0,0.0,0.0,0
2025-06-03 22:10:00+00:00,1,0,0.0,0.0,0.0,0.0,0.0,0.0,0
2025-06-04 02:10:00+00:00,1,0,0.0,0.0,0.0,0.0,0.0,0.0,0
2025-06-04 06:10:00+00:00,1,0,0.0,0.0,0.0,0.0,0.0,0.0,0
2025-06-04 10:10:00+00:00,1,0,0.0,0.0,0.0,0.0,0.0,0.0,0
2025-06-04 14:10:00+00:00,1,0,0.0,0.0,0.0,0.0,0.0,0.0,0
2025-06-04 18:10:00+00:00,1,0,0.0,0.0,0.0,0.0,0.0,0.0,0
2025-06-04 22:10:00+00:00,1,0,0.0,0.0,0.0,0.0,0.0,0.0,0
2025-06-05 02:10:00+00:00,1,0,0.0,0.0,0.0,0.0,0.0,0.0,0
2025-06-05 06:10:00+00:00,1,0,0.0,0.0,0.0,0.0,0.0,0.0,0
2025-06-05 10:10:00+00:00,1,0,0.0,0.0,0.0,0.0,0.0,0.0,0
2025-06-05 14:10:00+00:00,1,0,0.0,0.0,0.0,0.0,0.0,0.0,0
2025-06-05 18:10:00+00:00,1,0,0.0,0.0,0.0,0.0,0.0,0.0,0
2025-06-05 22:10:00+00:00,1,0,0.0,0.0,0.0,0.0,0.0,0.0,0
2025-06-06 02:10:00+00:00,1,0,0.0,0.0,0.0,0.0,0.0,0.0,0
2025-06-06 06:10:00+00:00,1,0,0.0,0.0,0.0,0.0,0.0,0.0,0
2025-06-06 10:10:00+00:00,1,0,0.0,0.0,0.0,0.0,0.0,0.0,0
2025-06-06 14:10:00+00:00,1,0,0.0,0.0,0.0,0.0,0.0,0.0,0
2025-06-06 18:10:00+00:00,1,0,0.0,0.0,0.0,0.0,0.0,0.0,0
2025-06-06 22:10:00+00:00,1,0,0.0,0.0,0.0,0.0,0.0,0.0,0
2025-06-07 02:10:00+00:00,1,0,0.0,0.0,0.0,0.0,0.0,0.0,0
2025-06-07 06:10:00+00:00,1,0,0.0,0.0,0.0,0.0,0.0,0.0,0
2025-06-07 10:10:00+00:00,1,0,0.0,0.0,0.0,0.0,0.0,0.0,0
2025-06-07 14:10:00+00:00,1,0,0.0,0.0,0.0,0.0,0.0,0.0,0
2025-06-07 18:10:00+00:00,1,0,0.0,0.0,0.0,0.0,0.0,0.0,0
2025-06-07 22:10:00+00:00,1,0,0.0,0.0,0.0,0.0,0.0,0.0,0
2025-06-08 02:10:00+00:00,1,0,0.0,0.0,0.0,0.0,0.0,0.0,0
2025-06-08 06:10:00+00:00,1,0,0.0,0.0,0.0,0.0,0.0,0.0,0
2025-06-08 10:10:00+00:00,1,0,0.0,0.0,0.0,0.0,0.0,0.0,0
2025-06-08 14:10:00+00:00,1,0,0.0,0.0,0.0,0.0,0.0,0.0,0
2025-06-08 18:10:00+00:00,1,0,0.0,0.0,0.0,0.0,0.0,0.0,0
2025-06-08 22:10:00+00:00,1,0,0.0,0.0,0.0,0.0,0.0,0.0,0
2025-06-09 02:10:00+00:00,1,0,0.0,0.0,0.0,0.0,0.0,0.0,0
2025-06-09 06:10:00+00:00,1,0,0.0,0.0,0.0,0.0,0.0,0.0,0
2025-06-09 10:10:00+00:00,1,0,0.0,0.0,0.0,0.0,0.0,0.0,0
2025-06-09 14:10:00+00:00,1,0,0.0,0.0,0.0,0.0,0.0,0.0,0
2025-06-09 18:10:00+00:00,1,0,0.0,0.0,0.0,0.0,0.0,0.0,0
2025-06-09 22:10:00+00:00,1,0,0.0,0.0,0.0,0.0,0.0,0.0,0
2025-06-10 02:10:00+00:00,1,0,0.0,0.0,0.0,0.0,0.0,0.0,0
2025-06-10 06:10:00+00:00,1,0,0.0,0.0,0.0,0.0,0.0,0.0,0
2025-06-10 10:10:00+00:00,1,0,0.0,0.0,0.0,0.0,0.0,0.0,0
2025-06-10 14:10:00+00:00,1,0,0.0,0.0,0.0,0.0,0.0,0.0,0
2025-06-10 18:10:00+00:00,1,0,0.0,0.0,0.0,0.0,0.0,0.0,0
2025-06-10 22:10:00+00:00,1,0,0.0,0.0,0.0,0.0,0.0,0.0,0
2025-06-11 02:10:00+00:00,1,0,0.0,0.0,0.0,0.0,0.0,0.0,0
2025-06-11 06:10:00+00:00,1,0,0.0,0.0,0.0,0.0,0.0,0.0,0
2025-06-11 10:10:00+00:00,1,0,0.0,0.0,0.0,0.0,0.0,0.0,0
2025-06-11 14:10:00+00:00,1,0,0.0,0.0,0.0,0.0,0.0,0.0,0
2025-06-11 18:10:00+00:00,1,0,0.0,0.0,0.0,0.0,0.0,0.0,0
2025-06-11 22:10:00+00:00,1,0,0.0,0.0,0.0,0.0,0.0,0.0,0
2025-06-12 02:10:00+00:00,1,0,0.0,0.0,0.0,0.0,0.0,0.0,0
2025-06-12 06:10:00+00:00,1,0,0.0,0.0,0.0,0.0,0.0,0.0,0
2025-06-12 10:10:00+00:00,1,0,0.0,0.0,0.0,0.0,0.0,0.0,0
2025-06-12 14:10:00+00:00,1,0,0.0,0.0,0.0,0.0,0.0,0.0,0
2025-06-12 18:10:00+00:00,1,0,0.0,0.0,0.0,0.0,0.0,0.0,0
2025-06-12 22:10:00+00:00,1,0,0.0,0.0,0.0,0.0,0.0,0.0,0
2025-06-13 02:10:00+00:00,1,0,0.0,0.0,0.0,0.0,0.0,0.0,0
2025-06-13 06:10:00+00:00,1,0,0.0,0.0,0.0,0.0,0.0,0.0,0
2025-06-13 10:10:00+00:00,1,0,0.0,0.0,0.0,0.0,0.0,0.0,0
2025-06-13 14:10:00+00:00,1,0,0.0,0.0,0.0,0.0,0.0,0.0,0
2025-06-13 18:10:00+00:00,1,0,0.0,0.0,0.0,0.0,0.0,0.0,0
2025-06-13 22:10:00+00:00,1,0,0.0,0.0,0.0,0.0,0.0,0.0,0
2025-06-14 02:10:00+00:00,1,0,0.0,0.0,0.0,0.0,0.0,0.0,0
2025-06-14 06:10:00+00:00,1,0,0.0,0.0,0.0,0.0,0.0,0.0,0
2025-06-14 10:10:00+00:00,1,0,0.0,0.0,0.0,0.0,0.0,0.0,0
2025-06-14 14:10:00+00:00,1,0,0.0,0.0,0.0,0.0,0.0,0.0,0
2025-06-14 18:10:00+00:00,1,0,0.0,0.0,0.0,0.0,0.0,0.0,0
2025-06-14 22:10:00+00:00,1,0,0.0,0.0,0.0,0.0,0.0,0.0,0
2025-06-15 02:10:00+00:00,1,0,0.0,0.0,0.0,0.0,0.0,0.0,0
2025-06-15 06:10:00+00:00,1,0,0.0,0.0,0.0,0.0,0.0,0.0,0
2025-06-15 10:10:00+00:00,1,0,0.0,0.0,0.0,0.0,0.0,0.0,0
2025-06-15 14:10:00+00:00,1,0,0.0,0.0,0.0,0.0,0.0,0.0,0
2025-06-15 18:10:00+00:00,1,0,0.0,0.0,0.0,0.0,0.0,0.0,0
2025-06-15 22:10:00+00:00,1,0,0.0,0.0,0.0,0.0,0.0,0.0,0
2025-06-16 02:10:00+00:00,1,0,0.0,0.0,0.0,0.0,0.0,0.0,0
2025-06-16 06:10:00+00:00,1,0,0.0,0.0,0.0,0.0,0.0,0.0,0
2025-06-16 10:10:00+00:00,1,0,0.0,0.0,0.0,0.0,0.0,0.0,0
2025-06-16 14:10:00+00:00,1,0,0.0,0.0,0.0,0.0,0.0,0.0,0
2025-06-16 18:10:00+00:00,1,0,0.0,0.0,0.0,0.0,0.0,0.0,0
2025-06-16 22:10:00+00:00,1,0,0.0,0.0,0.0,0.0,0.0,0.0,0
2025-06-17 02:10:00+00:00,1,0,0.0,0.0,0.0,0.0,0.0,0.0,0
2025-06-17 06:10:00+00:00,1,0,0.0,0.0,0.0,0.0,0.0,0.0,0
2025-06-17 10:10:00+00:00,1,0,0.0,0.0,0.0,0.0,0.0,0.0,0
2025-06-17 14:10:00+00:00,1,0,0.0,0.0,0.0,0.0,0.0,0.0,0
2025-06-17 18:10:00+00:00,1,0,0.0,0.0,0.0,0.0,0.0,0.0,0
2025-06-17 22:10:00+00:00,1,0,0.0,0.0,0.0,0.0,0.0,0.0,0
2025-06-18 02:10:00+00:00,1,0,0.0,0.0,0.0,0.0,0.0,0.0,0
2025-06-18 06:10:00+00:00,1,0,0.0,0.0,0.0,0.0,0.0,0.0,0
2025-06-18 10:10:00+00:00,1,0,0.0,0.0,0.0,0.0,0.0,0.0,0
2025-06-18 14:10:00+00:00,1,0,0.0,0.0,0.0,0.0,0.0,0.0,0
2025-06-18 18:10:00+00:00,1,0,0.0,0.0,0.0,0.0,0.0,0.0,0
2025-06-18 22:10:00+00:00,1,0,0.0,0.0,0.0,0.0,0.0,0.0,0
2025-06-19 02:10:00+00:00,1,0,0.0,0.0,0.0,0.0,0.0,0.0,0
2025-06-19 06:10:00+00:00,1,0,0.0,0.0,0.0,0.0,0.0,0.0,0
2025-06-19 10:10:00+00:00,1,0,0.0,0.0,0.0,0.0,0.0,0.0,0
2025-06-19 14:10:00+00:00,1,0,0.0,0.0,0.0,0.0,0.0,0.0,0
2025-06-19 18:10:00+00:00,1,0,0.0,0.0,0.0,0.0,0.0,0.0,0
2025-06-19 22:10:00+00:00,1,0,0.0,0.0,0.0,0.0,0.0,0.0,0
2025-06-20 02:10:00+00:00,1,0,0.0,0.0,0.0,0.0,0.0,0.0,0
2025-06-20 06:10:00+00:00,1,0,0.0,0.0,0.0,0.0,0.0,0.0,0
2025-06-20 10:10:00+00:00,1,0,0.0,0.0,0.0,0.0,0.0,0.0,0
2025-06-20 14:10:00+00:00,1,0,0.0,0.0,0.0,0.0,0.0,0.0,0
2025-06-20 18:10:00+00:00,1,0,0.0,0.0,0.0,0.0,0.0,0.0,0
2025-06-20 22:10:00+00:00,1,0,0.0,0.0,0.0,0.0,0.0,0.0,0
2025-06-21 02:10:00+00:00,1,0,0.0,0.0,0.0,0.0,0.0,0.0,0
2025-06-21 06:10:00+00:00,1,0,0.0,0.0,0.0,0.0,0.0,0.0,0
2025-06-21 10:10:00+00:00,1,0,0.0,0.0,0.0,0.0,0.0,0.0,0
2025-06-21 14:10:00+00:00,1,0,0.0,0.0,0.0,0.0,0.0,0.0,0
2025-06-21 18:10:00+00:00,1,0,0.0,0.0,0.0,0.0,0.0,0.0,0
2025-06-21 22:10:00+00:00,1,0,0.0,0.0,0.0,0.0,0.0,0.0,0
2025-06-22 02:10:00+00:00,1,0,0.0,0.0,0.0,0.0,0.0,0.0,0
2025-06-22 06:10:00+00:00,1,0,0.0,0.0,0.0,0.0,0.0,0.0,0
2025-06-22 10:10:00+00:00,1,0,0.0,0.0,0.0,0.0,0.0,0.0,0
2025-06-22 14:10:00+00:00,1,0,0.0,0.0,0.0,0.0,0.0,0.0,0
2025-06-22 18:10:00+00:00,1,0,0.0,0.0,0.0,0.0,0.0,0.0,0
2025-06-22 22:10:00+00:00,1,0,0.0,0.0,0.0,0.0,0.0,0.0,0
2025-06-23 02:10:00+00:00,1,0,0.0,0.0,0.0,0.0,0.0,0.0,0
2025-06-23 06:10:00+00:00,1,0,0.0,0.0,0.0,0.0,0.0,0.0,0
2025-06-23 10:10:00+00:00,1,0,0.0,0.0,0.0,0.0,0.0,0.0,0
2025-06-23 14:10:00+00:00,1,0,0.0,0.0,0.0,0.0,0.0,0.0,0
2025-06-23 18:10:00+00:00,1,0,0.0,0.0,0.0,0.0,0.0,0.0,0
2025-06-23 22:10:00+00:00,1,0,0.0,0.0,0.0,0.0,0.0,0.0,0
2025-06-24 02:10:00+00:00,1,0,0.0,0.0,0.0,0.0,0.0,0.0,0
2025-06-24 06:10:00+00:00,1,0,0.0,0.0,0.0,0.0,0.0,0.0,0
2025-06-24 10:10:00+00:00,1,0,0.0,0.0,0.0,0.0,0.0,0.0,0
2025-06-24 14:10:00+00:00,1,0,0.0,0.0,0.0,0.0,0.0,0.0,0
2025-06-24 18:10:00+00:00,1,0,0.0,0.0,0.0,0.0,0.0,0.0,0
2025-06-24 22:10:00+00:00,1,0,0.0,0.0,0.0,0.0,0.0,0.0,0
2025-06-25 02:10:00+00:00,1,0,0.0,0.0,0.0,0.0,0.0,0.0,0
2025-06-25 06:10:00+00:00,2,0,0.0,0.0,0.0,0.0,0.0,0.0,0
2025-06-25 10:10:00+00:00,2,0,0.0,0.0,0.0,0.0,0.0,0.0,0
2025-06-25 14:10:00+00:00,2,0,0.0,0.0,0.0,0.0,0.0,0.0,0
2025-06-25 18:10:00+00:00,2,0,0.0,0.0,0.0,0.0,0.0,0.0,0
2025-06-25 22:10:00+00:00,2,0,0.0,0.0,0.0,0.0,0.0,0.0,0
2025-06-26 02:10:00+00:00,2,0,0.0,0.0,0.0,0.0,0.0,0.0,0
2025-06-26 06:10:00+00:00,2,0,0.0,0.0,0.0,0.0,0.0,0.0,0
2025-06-26 10:10:00+00:00,2,0,0.0,0.0,0.0,0.0,0.0,0.0,0
2025-06-26 14:10:00+00:00,2,0,0.0,0.0,0.0,0.0,0.0,0.0,0
2025-06-26 18:10:00+00:00,2,0,0.0,0.0,0.0,0.0,0.0,0.0,0
2025-06-26 22:10:00+00:00,2,0,0.0,0.0,0.0,0.0,0.0,0.0,0
2025-06-27 02:10:00+00:00,2,0,0.0,0.0,0.0,0.0,0.0,0.0,0
2025-06-27 06:10:00+00:00,2,0,0.0,0.0,0.0,0.0,0.0,0.0,0
2025-06-27 10:10:00+00:00,2,0,0.0,0.0,0.0,0.0,0.0,0.0,0
2025-06-27 14:10:00+00:00,2,0,0.0,0.0,0.0,0.0,0.0,0.0,0
2025-06-27 18:10:00+00:00,2,0,0.0,0.0,0.0,0.0,0.0,0.0,0
2025-06-27 22:10:00+00:00,2,0,0.0,0.0,0.0,0.0,0.0,0.0,0
2025-06-28 02:10:00+00:00,2,0,0.0,0.0,0.0,0.0,0.0,0.0,0
2025-06-28 06:10:00+00:00,2,0,0.0,0.0,0.0,0.0,0.0,0.0,0
2025-06-28 10:10:00+00:00,2,0,0.0,0.0,0.0,0.0,0.0,0.0,0
2025-06-28 14:10:00+00:00,2,0,0.0,0.0,0.0,0.0,0.0,0.0,0
2025-06-28 18:10:00+00:00,2,0,0.0,0.0,0.0,0.0,0.0,0.0,0
2025-06-28 22:10:00+00:00,2,0,0.0,0.0,0.0,0.0,0.0,0.0,0
2025-06-29 02:10:00+00:00,2,0,0.0,0.0,0.0,0.0,0.0,0.0,0
2025-06-29 06:10:00+00:00,2,0,0.0,0.0,0.0,0.0,0.0,0.0,0
2025-06-29 10:10:00+00:00,2,0,0.0,0.0,0.0,0.0,0.0,0.0,0
2025-06-29 14:10:00+00:00,2,0,0.0,0.0,0.0,0.0,0.0,0.0,0
2025-06-29 18:10:00+00:00,2,0,0.0,0.0,0.0,0.0,0.0,0.0,0
2025-06-29 22:10:00+00:00,2,0,0.0,0.0,0.0,0.0,0.0,0.0,0
2025-06-30 02:10:00+00:00,2,0,0.0,0.0,0.0,0.0,0.0,0.0,0
2025-06-30 06:10:00+00:00,2,0,0.0,0.0,0.0,0.0,0.0,0.0,0
2025-06-30 10:10:00+00:00,2,0,0.0,0.0,0.0,0.0,0.0,0.0,0
2025-06-30 14:10:00+00:00,2,0,0.0,0.0,0.0,0.0,0.0,0.0,0
2025-06-30 18:10:00+00:00,2,0,0.0,0.0,0.0,0.0,0.0,0.0,0
2025-06-30 22:10:00+00:00,2,0,0.0,0.0,0.0,0.0,0.0,0.0,0
2025-07-01 02:10:00+00:00,2,0,0.0,0.0,0.0,0.0,0.0,0.0,0
2025-07-01 06:10:00+00:00,2,0,0.0,0.0,0.0,0.0,0.0,0.0,0
2025-07-01 10:10:00+00:00,2,0,0.0,0.0,0.0,0.0,0.0,0.0,0
2025-07-01 14:10:00+00:00,2,0,0.0,0.0,0.0,0.0,0.0,0.0,0
2025-07-01 18:10:00+00:00,2,0,0.0,0.0,0.0,0.0,0.0,0.0,0
2025-07-01 22:10:00+00:00,2,0,0.0,0.0,0.0,0.0,0.0,0.0,0
2025-07-02 02:10:00+00:00,2,0,0.0,0.0,0.0,0.0,0.0,0.0,0
2025-07-02 06:10:00+00:00,2,0,0.0,0.0,0.0,0.0,0.0,0.0,0
2025-07-02 10:10:00+00:00,2,0,0.0,0.0,0.0,0.0,0.0,0.0,0
2025-07-02 14:10:00+00:00,2,0,0.0,0.0,0.0,0.0,0.0,0.0,0
2025-07-02 18:10:00+00:00,2,0,0.0,0.0,0.0,0.0,0.0,0.0,0
2025-07-02 22:10:00+00:00,2,0,0.0,0.0,0.0,0.0,0.0,0.0,0
2025-07-03 02:10:00+00:00,2,0,0.0,0.0,0.0,0.0,0.0,0.0,0
2025-07-03 06:10:00+00:00,2,0,0.0,0.0,0.0,0.0,0.0,0.0,0
2025-07-03 10:10:00+00:00,2,0,0.0,0.0,0.0,0.0,0.0,0.0,0
2025-07-03 14:10:00+00:00,2,0,0.0,0.0,0.0,0.0,0.0,0.0,0
2025-07-03 18:10:00+00:00,2,0,0.0,0.0,0.0,0.0,0.0,0.0,0
2025-07-03 22:10:00+00:00,2,0,0.0,0.0,0.0,0.0,0.0,0.0,0
2025-07-04 02:10:00+00:00,2,0,0.0,0.0,0.0,0.0,0.0,0.0,0
2025-07-04 06:10:00+00:00,2,0,0.0,0.0,0.0,0.0,0.0,0.0,0
2025-07-04 10:10:00+00:00,2,0,0.0,0.0,0.0,0.0,0.0,0.0,0
2025-07-04 14:10:00+00:00,2,0,0.0,0.0,0.0,0.0,0.0,0.0,0
2025-07-04 18:10:00+00:00,2,0,0.0,0.0,0.0,0.0,0.0,0.0,0
2025-07-04 22:10:00+00:00,2,0,0.0,0.0,0.0,0.0,0.0,0.0,0
2025-07-05 02:10:00+00:00,2,0,0.0,0.0,0.0,0.0,0.0,0.0,0
2025-07-05 06:10:00+00:00,2,0,0.0,0.0,0.0,0.0,0.0,0.0,0
2025-07-05 10:10:00+00:00,2,0,0.0,0.0,0.0,0.0,0.0,0.0,0
2025-07-05 14:10:00+00:00,2,0,0.0,0.0,0.0,0.0,0.0,0.0,0
2025-07-05 18:10:00+00:00,2,0,0.0,0.0,0.0,0.0,0.0,0.0,0
2025-07-05 22:10:00+00:00,2,0,0.0,0.0,0.0,0.0,0.0,0.0,0
2025-07-06 02:10:00+00:00,2,0,0.0,0.0,0.0,0.0,0.0,0.0,0
2025-07-06 06:10:00+00:00,2,0,0.0,0.0,0.0,0.0,0.0,0.0,0
2025-07-06 10:10:00+00:00,2,0,0.0,0.0,0.0,0.0,0.0,0.0,0
2025-07-06 14:10:00+00:00,2,0,0.0,0.0,0.0,0.0,0.0,0.0,0
2025-07-06 18:10:00+00:00,2,0,0.0,0.0,0.0,0.0,0.0,0.0,0
2025-07-06 22:10:00+00:00,2,0,0.0,0.0,0.0,0.0,0.0,0.0,0
2025-07-07 02:10:00+00:00,2,0,0.0,0.0,0.0,0.0,0.0,0.0,0
2025-07-07 06:10:00+00:00,2,0,0.0,0.0,0.0,0.0,0.0,0.0,0
2025-07-07 10:10:00+00:00,2,0,0.0,0.0,0.0,0.0,0.0,0.0,0
2025-07-07 14:10:00+00:00,2,0,0.0,0.0,0.0,0.0,0.0,0.0,0
2025-07-07 18:10:00+00:00,2,0,0.0,0.0,0.0,0.0,0.0,0.0,0
2025-07-07 22:10:00+00:00,2,0,0.0,0.0,0.0,0.0,0.0,0.0,0
2025-07-08 02:10:00+00:00,2,0,0.0,0.0,0.0,0.0,0.0,0.0,0
2025-07-08 06:10:00+00:00,2,0,0.0,0.0,0.0,0.0,0.0,0.0,0
2025-07-08 10:10:00+00:00,2,0,0.0,0.0,0.0,0.0,0.0,0.0,0
2025-07-08 14:10:00+00:00,2,0,0.0,0.0,0.0,0.0,0.0,0.0,0
2025-07-08 18:10:00+00:00,2,0,0.0,0.0,0.0,0.0,0.0,0.0,0
2025-07-08 22:10:00+00:00,2,0,0.0,0.0,0.0,0.0,0.0,0.0,0
2025-07-09 02:10:00+00:00,2,0,0.0,0.0,0.0,0.0,0.0,0.0,0
2025-07-09 06:10:00+00:00,2,0,0.0,0.0,0.0,0.0,0.0,0.0,0
2025-07-09 10:10:00+00:00,2,0,0.0,0.0,0.0,0.0,0.0,0.0,0
2025-07-09 14:10:00+00:00,2,0,0.0,0.0,0.0,0.0,0.0,0.0,0
2025-07-09 18:10:00+00:00,2,0,0.0,0.0,0.0,0.0,0.0,0.0,0
2025-07-09 22:10:00+00:00,2,0,0.0,0.0,0.0,0.0,0.0,0.0,0
2025-07-10 02:10:00+00:00,2,0,0.0,0.0,0.0,0.0,0.0,0.0,0
2025-07-10 06:10:00+00:00,2,0,0.0,0.0,0.0,0.0,0.0,0.0,0
2025-07-10 10:10:00+00:00,2,0,0.0,0.0,0.0,0.0,0.0,0.0,0
2025-07-10 14:10:00+00:00,2,0,0.0,0.0,0.0,0.0,0.0,0.0,0
2025-07-10 18:10:00+00:00,2,0,0.0,0.0,0.0,0.0,0.0,0.0,0
2025-07-10 22:10:00+00:00,2,0,0.0,0.0,0.0,0.0,0.0,0.0,0
2025-07-11 02:10:00+00:00,2,0,0.0,0.0,0.0,0.0,0.0,0.0,0
2025-07-11 06:10:00+00:00,2,0,0.0,0.0,0.0,0.0,0.0,0.0,0
2025-07-11 10:10:00+00:00,2,0,0.0,0.0,0.0,0.0,0.0,0.0,0
2025-07-11 14:10:00+00:00,2,0,0.0,0.0,0.0,0.0,0.0,0.0,0
2025-07-11 18:10:00+00:00,2,0,0.0,0.0,0.0,0.0,0.0,0.0,0
2025-07-11 22:10:00+00:00,2,0,0.0,0.0,0.0,0.0,0.0,0.0,0
2025-07-12 02:10:00+00:00,2,0,0.0,0.0,0.0,0.0,0.0,0.0,0
2025-07-12 06:10:00+00:00,2,0,0.0,0.0,0.0,0.0,0.0,0.0,0
2025-07-12 10:10:00+00:00,2,0,0.0,0.0,0.0,0.0,0.0,0.0,0
2025-07-12 14:10:00+00:00,2,0,0.0,0.0,0.0,0.0,0.0,0.0,0
2025-07-12 18:10:00+00:00,2,0,0.0,0.0,0.0,0.0,0.0,0.0,0
2025-07-12 22:10:00+00:00,2,0,0.0,0.0,0.0,0.0,0.0,0.0,0
2025-07-13 02:10:00+00:00,2,0,0.0,0.0,0.0,0.0,0.0,0.0,0
2025-07-13 06:10:00+00:00,2,0,0.0,0.0,0.0,0.0,0.0,0.0,0
2025-07-13 10:10:00+00:00,2,0,0.0,0.0,0.0,0.0,0.0,0.0,0
2025-07-13 14:10:00+00:00,2,0,0.0,0.0,0.0,0.0,0.0,0.0,0
2025-07-13 18:10:00+00:00,2,0,0.0,0.0,0.0,0.0,0.0,0.0,0
2025-07-13 22:10:00+00:00,2,0,0.0,0.0,0.0,0.0,0.0,0.0,0
2025-07-14 02:10:00+00:00,2,0,0.0,0.0,0.0,0.0,0.0,0.0,0
2025-07-14 06:10:00+00:00,2,0,0.0,0.0,0.0,0.0,0.0,0.0,0
2025-07-14 10:10:00+00:00,2,0,0.0,0.0,0.0,0.0,0.0,0.0,0
2025-07-14 14:10:00+00:00,2,0,0.0,0.0,0.0,0.0,0.0,0.0,0
2025-07-14 18:10:00+00:00,2,0,0.0,0.0,0.0,0.0,0.0,0.0,0
2025-07-14 22:10:00+00:00,2,0,0.0,0.0,0.0,0.0,0.0,0.0,0
2025-07-15 02:10:00+00:00,2,0,0.0,0.0,0.0,0.0,0.0,0.0,0
2025-07-15 06:10:00+00:00,2,0,0.0,0.0,0.0,0.0,0.0,0.0,0
2025-07-15 10:10:00+00:00,2,0,0.0,0.0,0.0,0.0,0.0,0.0,0
2025-07-15 14:10:00+00:00,2,0,0.0,0.0,0.0,0.0,0.0,0.0,0
2025-07-15 18:10:00+00:00,2,0,0.0,0.0,0.0,0.0,0.0,0.0,0
2025-07-15 22:10:00+00:00,2,0,0.0,0.0,0.0,0.0,0.0,0.0,0
2025-07-16 02:10:00+00:00,2,0,0.0,0.0,0.0,0.0,0.0,0.0,0
2025-07-16 06:10:00+00:00,2,0,0.0,0.0,0.0,0.0,0.0,0.0,0
2025-07-16 10:10:00+00:00,2,0,0.0,0.0,0.0,0.0,0.0,0.0,0
2025-07-16 14:10:00+00:00,2,0,0.0,0.0,0.0,0.0,0.0,0.0,0
2025-07-16 18:10:00+00:00,2,0,0.0,0.0,0.0,0.0,0.0,0.0,0
2025-07-16 22:10:00+00:00,2,0,0.0,0.0,0.0,0.0,0.0,0.0,0
2025-07-17 02:10:00+00:00,2,0,0.0,0.0,0.0,0.0,0.0,0.0,0
2025-07-17 06:10:00+00:00,2,0,0.0,0.0,0.0,0.0,0.0,0.0,0
2025-07-17 10:10:00+00:00,2,0,0.0,0.0,0.0,0.0,0.0,0.0,0
2025-07-17 14:10:00+00:00,2,0,0.0,0.0,0.0,0.0,0.0,0.0,0
2025-07-17 18:10:00+00:00,2,0,0.0,0.0,0.0,0.0,0.0,0.0,0
2025-07-17 22:10:00+00:00,2,0,0.0,0.0,0.0,0.0,0.0,0.0,0
2025-07-18 02:10:00+00:00,2,0,0.0,0.0,0.0,0.0,0.0,0.0,0
2025-07-18 06:10:00+00:00,2,0,0.0,0.0,0.0,0.0,0.0,0.0,0
2025-07-18 10:10:00+00:00,2,0,0.0,0.0,0.0,0.0,0.0,0.0,0
2025-07-18 14:10:00+00:00,2,0,0.0,0.0,0.0,0.0,0.0,0.0,0
2025-07-18 18:10:00+00:00,2,0,0.0,0.0,0.0,0.0,0.0,0.0,0
2025-07-18 22:10:00+00:00,2,0,0.0,0.0,0.0,0.0,0.0,0.0,0
2025-07-19 02:10:00+00:00,2,0,0.0,0.0,0.0,0.0,0.0,0.0,0
2025-07-19 06:10:00+00:00,2,0,0.0,0.0,0.0,0.0,0.0,0.0,0
2025-07-19 10:10:00+00:00,2,0,0.0,0.0,0.0,0.0,0.0,0.0,0
2025-07-19 14:10:00+00:00,2,0,0.0,0.0,0.0,0.0,0.0,0.0,0
2025-07-19 18:10:00+00:00,2,0,0.0,0.0,0.0,0.0,0.0,0.0,0
2025-07-19 22:10:00+00:00,2,0,0.0,0.0,0.0,0.0,0.0,0.0,0
2025-07-20 02:10:00+00:00,2,0,0.0,0.0,0.0,0.0,0.0,0.0,0
2025-07-20 06:10:00+00:00,2,0,0.0,0.0,0.0,0.0,0.0,0.0,0
2025-07-20 10:10:00+00:00,2,0,0.0,0.0,0.0,0.0,0.0,0.0,0
2025-07-20 14:10:00+00:00,2,0,0.0,0.0,0.0,0.0,0.0,0.0,0
2025-07-20 18:10:00+00:00,2,0,0.0,0.0,0.0,0.0,0.0,0.0,0
2025-07-20 22:10:00+00:00,2,0,0.0,0.0,0.0,0.0,0.0,0.0,0
2025-07-21 02:10:00+00:00,2,0,0.0,0.0,0.0,0.0,0.0,0.0,0
2025-07-21 06:10:00+00:00,2,0,0.0,0.0,0.0,0.0,0.0,0.0,0
2025-07-21 10:10:00+00:00,2,0,0.0,0.0,0.0,0.0,0.0,0.0,0
2025-07-21 14:10:00+00:00,2,0,0.0,0.0,0.0,0.0,0.0,0.0,0
2025-07-21 18:10:00+00:00,2,0,0.0,0.0,0.0,0.0,0.0,0.0,0
2025-07-21 22:10:00+00:00,2,0,0.0,0.0,0.0,0.0,0.0,0.0,0
2025-07-22 02:10:00+00:00,2,0,0.0,0.0,0.0,0.0,0.0,0.0,0
2025-07-22 06:10:00+00:00,2,0,0.0,0.0,0.0,0.0,0.0,0.0,0
2025-07-22 10:10:00+00:00,2,0,0.0,0.0,0.0,0.0,0.0,0.0,0
2025-07-22 14:10:00+00:00,2,0,0.0,0.0,0.0,0.0,0.0,0.0,0
2025-07-22 18:10:00+00:00,2,0,0.0,0.0,0.0,0.0,0.0,0.0,0
2025-07-22 22:10:00+00:00,2,0,0.0,0.0,0.0,0.0,0.0,0.0,0
2025-07-23 02:10:00+00:00,2,0,0.0,0.0,0.0,0.0,0.0,0.0,0
2025-07-23 06:10:00+00:00,2,0,0.0,0.0,0.0,0.0,0.0,0.0,0
2025-07-23 10:10:00+00:00,2,0,0.0,0.0,0.0,0.0,0.0,0.0,0
2025-07-23 14:10:00+00:00,2,0,0.0,0.0,0.0,0.0,0.0,0.0,0
2025-07-23 18:10:00+00:00,2,0,0.0,0.0,0.0,0.0,0.0,0.0,0
2025-07-23 22:10:00+00:00,2,0,0.0,0.0,0.0,0.0,0.0,0.0,0
2025-07-24 02:10:00+00:00,2,0,0.0,0.0,0.0,0.0,0.0,0.0,0
2025-07-24 06:10:00+00:00,2,0,0.0,0.0,0.0,0.0,0.0,0.0,0
2025-07-24 10:10:00+00:00,2,0,0.0,0.0,0.0,0.0,0.0,0.0,0
2025-07-24 14:10:00+00:00,2,0,0.0,0.0,0.0,0.0,0.0,0.0,0
2025-07-24 18:10:00+00:00,2,0,0.0,0.0,0.0,0.0,0.0,0.0,0
2025-07-24 22:10:00+00:00,2,0,0.0,0.0,0.0,0.0,0.0,0.0,0
2025-07-25 02:10:00+00:00,2,0,0.0,0.0,0.0,0.0,0.0,0.0,0
2025-07-25 06:10:00+00:00,2,0,0.0,0.0,0.0,0.0,0.0,0.0,0
2025-07-25 10:10:00+00:00,2,0,0.0,0.0,0.0,0.0,0.0,0.0,0
2025-07-25 14:10:00+00:00,2,0,0.0,0.0,0.0,0.0,0.0,0.0,0
2025-07-25 18:10:00+00:00,2,0,0.0,0.0,0.0,0.0,0.0,0.0,0
2025-07-25 22:10:00+00:00,2,0,0.0,0.0,0.0,0.0,0.0,0.0,0
2025-07-26 02:10:00+00:00,2,0,0.0,0.0,0.0,0.0,0.0,0.0,0
2025-07-26 06:10:00+00:00,2,0,0.0,0.0,0.0,0.0,0.0,0.0,0
2025-07-26 10:10:00+00:00,2,0,0.0,0.0,0.0,0.0,0.0,0.0,0
2025-07-26 14:10:00+00:00,2,0,0.0,0.0,0.0,0.0,0.0,0.0,0
2025-07-26 18:10:00+00:00,2,0,0.0,0.0,0.0,0.0,0.0,0.0,0
2025-07-26 22:10:00+00:00,2,0,0.0,0.0,0.0,0.0,0.0,0.0,0
2025-07-27 02:10:00+00:00,2,0,0.0,0.0,0.0,0.0,0.0,0.0,0
2025-07-27 06:10:00+00:00,2,0,0.0,0.0,0.0,0.0,0.0,0.0,0
2025-07-27 10:10:00+00:00,2,0,0.0,0.0,0.0,0.0,0.0,0.0,0
2025-07-27 14:10:00+00:00,2,0,0.0,0.0,0.0,0.0,0.0,0.0,0
2025-07-27 18:10:00+00:00,2,0,0.0,0.0,0.0,0.0,0.0,0.0,0
2025-07-27 22:10:00+00:00,2,0,0.0,0.0,0.0,0.0,0.0,0.0,0
2025-07-28 02:10:00+00:00,2,0,0.0,0.0,0.0,0.0,0.0,0.0,0
2025-07-28 06:10:00+00:00,2,0,0.0,0.0,0.0,0.0,0.0,0.0,0
2025-07-28 10:10:00+00:00,2,0,0.0,0.0,0.0,0.0,0.0,0.0,0
2025-07-28 14:10:00+00:00,2,0,0.0,0.0,0.0,0.0,0.0,0.0,0
2025-07-28 18:10:00+00:00,2,0,0.0,0.0,0.0,0.0,0.0,0.0,0
2025-07-28 22:10:00+00:00,2,0,0.0,0.0,0.0,0.0,0.0,0.0,0
2025-07-29 02:10:00+00:00,2,0,0.0,0.0,0.0,0.0,0.0,0.0,0
2025-07-29 06:10:00+00:00,2,0,0.0,0.0,0.0,0.0,0.0,0.0,0
2025-07-29 10:10:00+00:00,2,0,0.0,0.0,0.0,0.0,0.0,0.0,0
2025-07-29 14:10:00+00:00,2,0,0.0,0.0,0.0,0.0,0.0,0.0,0
2025-07-29 18:10:00+00:00,2,0,0.0,0.0,0.0,0.0,0.0,0.0,0
2025-07-29 22:10:00+00:00,2,0,0.0,0.0,0.0,0.0,0.0,0.0,0
2025-07-30 02:10:00+00:00,2,0,0.0,0.0,0.0,0.0,0.0,0.0,0
2025-07-30 06:10:00+00:00,2,0,0.0,0.0,0.0,0.0,0.0,0.0,0
2025-07-30 10:10:00+00:00,2,0,0.0,0.0,0.0,0.0,0.0,0.0,0
2025-07-30 14:10:00+00:00,2,0,0.0,0.0,0.0,0.0,0.0,0.0,0
2025-07-30 18:10:00+00:00,2,0,0.0,0.0,0.0,0.0,0.0,0.0,0
2025-07-30 22:10:00+00:00,2,0,0.0,0.0,0.0,0.0,0.0,0.0,0
2025-07-31 02:10:00+00:00,2,0,0.0,0.0,0.0,0.0,0.0,0.0,0
2025-07-31 06:10:00+00:00,2,0,0.0,0.0,0.0,0.0,0.0,0.0,0
2025-07-31 10:10:00+00:00,2,0,0.0,0.0,0.0,0.0,0.0,0.0,0
2025-07-31 14:10:00+00:00,2,0,0.0,0.0,0.0,0.0,0.0,0.0,0
2025-07-31 18:10:00+00:00,2,0,0.0,0.0,0.0,0.0,0.0,0.0,0
2025-07-31 22:10:00+00:00,2,0,0.0,0.0,0.0,0.0,0.0,0.0,0
2025-08-01 02:10:00+00:00,2,0,0.0,0.0,0.0,0.0,0.0,0.0,0
2025-08-01 06:10:00+00:00,2,0,0.0,0.0,0.0,0.0,0.0,0.0,0
2025-08-01 10:10:00+00:00,2,0,0.0,0.0,0.0,0.0,0.0,0.0,0
2025-08-01 14:10:00+00:00,2,0,0.0,0.0,0.0,0.0,0.0,0.0,0
2025-08-01 18:10:00+00:00,2,0,0.0,0.0,0.0,0.0,0.0,0.0,0
2025-08-01 22:10:00+00:00,2,0,0.0,0.0,0.0,0.0,0.0,0.0,0
2025-08-02 02:10:00+00:00,2,0,0.0,0.0,0.0,0.0,0.0,0.0,0
2025-08-02 06:10:00+00:00,2,0,0.0,0.0,0.0,0.0,0.0,0.0,0
2025-08-02 10:10:00+00:00,2,0,0.0,0.0,0.0,0.0,0.0,0.0,0
2025-08-02 14:10:00+00:00,2,0,0.0,0.0,0.0,0.0,0.0,0.0,0
2025-08-02 18:10:00+00:00,2,0,0.0,0.0,0.0,0.0,0.0,0.0,0
2025-08-02 22:10:00+00:00,2,0,0.0,0.0,0.0,0.0,0.0,0.0,0
2025-08-03 02:10:00+00:00,2,0,0.0,0.0,0.0,0.0,0.0,0.0,0
2025-08-03 06:10:00+00:00,2,0,0.0,0.0,0.0,0.0,0.0,0.0,0
2025-08-03 10:10:00+00:00,2,0,0.0,0.0,0.0,0.0,0.0,0.0,0
2025-08-03 14:10:00+00:00,2,0,0.0,0.0,0.0,0.0,0.0,0.0,0
2025-08-03 18:10:00+00:00,2,0,0.0,0.0,0.0,0.0,0.0,0.0,0
2025-08-03 22:10:00+00:00,2,0,0.0,0.0,0.0,0.0,0.0,0.0,0
2025-08-04 02:10:00+00:00,2,0,0.0,0.0,0.0,0.0,0.0,0.0,0
2025-08-04 06:10:00+00:00,2,0,0.0,0.0,0.0,0.0,0.0,0.0,0
2025-08-04 10:10:00+00:00,2,0,0.0,0.0,0.0,0.0,0.0,0.0,0
2025-08-04 14:10:00+00:00,2,0,0.0,0.0,0.0,0.0,0.0,0.0,0
2025-08-04 18:10:00+00:00,2,0,0.0,0.0,0.0,0.0,0.0,0.0,0
2025-08-04 22:10:00+00:00,2,0,0.0,0.0,0.0,0.0,0.0,0.0,0
2025-08-05 02:10:00+00:00,2,0,0.0,0.0,0.0,0.0,0.0,0.0,0
2025-08-05 06:10:00+00:00,2,0,0.0,0.0,0.0,0.0,0.0,0.0,0
2025-08-05 10:10:00+00:00,2,0,0.0,0.0,0.0,0.0,0.0,0.0,0
2025-08-05 14:10:00+00:00,2,0,0.0,0.0,0.0,0.0,0.0,0.0,0
2025-08-05 18:10:00+00:00,2,0,0.0,0.0,0.0,0.0,0.0,0.0,0
2025-08-05 22:10:00+00:00,2,0,0.0,0.0,0.0,0.0,0.0,0.0,0
2025-08-06 02:10:00+00:00,2,0,0.0,0.0,0.0,0.0,0.0,0.0,0
2025-08-06 06:10:00+00:00,2,0,0.0,0.0,0.0,0.0,0.0,0.0,0
2025-08-06 10:10:00+00:00,2,0,0.0,0.0,0.0,0.0,0.0,0.0,0
2025-08-06 14:10:00+00:00,2,0,0.0,0.0,0.0,0.0,0.0,0.0,0
2025-08-06 18:10:00+00:00,2,0,0.0,0.0,0.0,0.0,0.0,0.0,0
2025-08-06 22:10:00+00:00,2,0,0.0,0.0,0.0,0.0,0.0,0.0,0
2025-08-07 02:10:00+00:00,2,0,0.0,0.0,0.0,0.0,0.0,0.0,0
2025-08-07 06:10:00+00:00,2,0,0.0,0.0,0.0,0.0,0.0,0.0,0
2025-08-07 10:10:00+00:00,2,0,0.0,0.0,0.0,0.0,0.0,0.0,0
2025-08-07 14:10:00+00:00,2,0,0.0,0.0,0.0,0.0,0.0,0.0,0
2025-08-07 18:10:00+00:00,2,0,0.0,0.0,0.0,0.0,0.0,0.0,0
2025-08-07 22:10:00+00:00,2,0,0.0,0.0,0.0,0.0,0.0,0.0,0
2025-08-08 02:10:00+00:00,2,0,0.0,0.0,0.0,0.0,0.0,0.0,0
2025-08-08 06:10:00+00:00,2,0,0.0,0.0,0.0,0.0,0.0,0.0,0
2025-08-08 10:10:00+00:00,2,0,0.0,0.0,0.0,0.0,0.0,0.0,0
2025-08-08 14:10:00+00:00,2,0,0.0,0.0,0.0,0.0,0.0,0.0,0
2025-08-08 18:10:00+00:00,2,0,0.0,0.0,0.0,0.0,0.0,0.0,0
2025-08-08 22:10:00+00:00,2,0,0.0,0.0,0.0,0.0,0.0,0.0,0
2025-08-09 02:10:00+00:00,2,1,0.0,0.75,-0.75,0.3333333333333333,0.3333333333333333,0.0,6
2025-08-09 06:10:00+00:00,2,2,28.19557088271254,0.7500000000000001,27.44557088271254,0.33333333333333337,0.6666666666666666,-2.7755575615628914e-17,6
2025-08-09 10:10:00+00:00,3,2,3.579543148131231,0.0,3.579543148131231,0.0,0.6666666666666666,-2.7755575615628914e-17,6
2025-08-09 14:10:00+00:00,3,3,23.872615851779322,0.7499999999999998,23.122615851779322,0.33333333333333326,1.0,-5.551115123125783e-17,8
2025-08-09 18:10:00+00:00,3,4,-12.674135021441336,0.75,-13.424135021441336,0.3333333333333333,1.3333333333333333,-6.938893903907228e-17,9
2025-08-09 22:10:00+00:00,3,5,10.815232350219954,0.75,10.065232350219954,0.3333333333333333,1.6666666666666665,-8.326672684688674e-17,9
2025-08-10 02:10:00+00:00,3,5,15.48665504488385,0.7500000000000002,14.73665504488385,0.3333333333333334,1.6666666666666667,4.163336342344337e-17,7
2025-08-10 06:10:00+00:00,3,5,94.80384242236468,0.75,94.05384242236468,0.3333333333333333,1.6666666666666667,8.326672684688674e-17,7
2025-08-10 10:10:00+00:00,3,6,-13.92103784872587,0.75,-14.67103784872587,0.3333333333333333,2.0,5.551115123125783e-17,9
2025-08-10 14:10:00+00:00,3,6,-94.12951703744312,1.125,-95.25451703744312,0.5,2.0,-4.163336342344337e-17,10
2025-08-10 18:10:00+00:00,3,6,50.513859008219654,1.0000000000000002,49.513859008219654,0.44444444444444453,2.0,-1.1102230246251565e-16,9
2025-08-10 22:10:00+00:00,3,6,108.22249373127103,1.0,107.22249373127103,0.4444444444444444,2.0,-1.1102230246251565e-16,9
2025-08-11 02:10:00+00:00,3,6,30.04001130747248,1.0,29.04001130747248,0.4444444444444445,2.0,-1.1102230246251565e-16,7
2025-08-11 06:10:00+00:00,3,6,132.37445565267282,1.125,131.24945565267282,0.5,2.0,-1.1102230246251565e-16,7
2025-08-11 10:10:00+00:00,3,6,-7.711072891692972,0.7500000000000001,-8.461072891692972,0.33333333333333337,1.9999999999999998,-2.7755575615628914e-17,7
2025-08-11 14:10:00+00:00,3,6,383.75962249169277,0.7499999999999997,383.00962249169277,0.3333333333333332,1.8888888888888888,8.326672684688674e-17,9
2025-08-11 18:10:00+00:00,3,6,-7.051143316148977,0.7499999999999996,-7.801143316148977,0.33333333333333315,1.8888888888888888,1.6653345369377348e-16,8
2025-08-11 22:10:00+00:00,3,6,21.82433291720119,0.7500000000000002,21.07433291720119,0.3333333333333334,1.8888888888888888,2.7755575615628914e-17,9
2025-08-12 02:10:00+00:00,3,6,-8.972647801150586,1.25,-10.222647801150586,0.5555555555555556,2.0,1.3877787807814457e-16,10
2025-08-12 06:10:00+00:00,3,6,-48.845029495616636,1.125,-49.970029495616636,0.5,1.8888888888888886,0.0,9
2025-08-12 10:10:00+00:00,3,6,-246.31962048579067,1.4999999999999996,-247.81962048579067,0.6666666666666665,1.8888888888888888,0.0,9
2025-08-12 14:10:00+00:00,3,5,-22.411319269051447,0.7499999999999998,-23.161319269051447,0.33333333333333326,1.6666666666666665,-1.3877787807814457e-17,8
2025-08-12 18:10:00+00:00,3,4,38.16619394416065,0.75,37.41619394416065,0.3333333333333333,1.3333333333333333,1.3877787807814457e-17,7
2025-08-12 22:10:00+00:00,3,3,-57.895700241713655,0.75,-58.645700241713655,0.3333333333333333,1.0,0.0,5
2025-08-13 02:10:00+00:00,3,3,13.62025281482939,0.75,12.87025281482939,0.3333333333333333,1.0,1.3877787807814457e-17,7
2025-08-13 06:10:00+00:00,3,3,14.31613654258108,1.5,12.81613654258108,0.6666666666666666,0.6666666666666666,-1.3877787807814457e-17,6
2025-08-13 10:10:00+00:00,3,3,20.14611059683855,1.5000000000000002,18.64611059683855,0.6666666666666667,1.0,0.0,8
2025-08-13 14:10:00+00:00,3,4,30.464895324168083,0.75,29.714895324168083,0.3333333333333333,1.3333333333333333,-2.7755575615628914e-17,8
2025-08-13 18:10:00+00:00,3,5,-23.077609102087198,0.75,-23.827609102087198,0.3333333333333333,1.6666666666666665,0.0,9
2025-08-13 22:10:00+00:00,3,6,35.66507292576837,0.7499999999999998,34.91507292576837,0.33333333333333326,1.8333333333333333,-1.3877787807814457e-17,9
2025-08-14 02:10:00+00:00,3,6,-72.11196801374071,1.4999999999999996,-73.61196801374071,0.6666666666666665,1.9999999999999998,-1.3877787807814457e-17,7
2025-08-14 06:10:00+00:00,3,6,10.33903365648295,1.125,9.21403365648295,0.5,1.9999999999999998,-4.163336342344337e-17,7
2025-08-14 10:10:00+00:00,3,6,-257.48012517414486,0.3750000000000003,-257.85512517414486,0.1666666666666668,2.0,-1.6653345369377348e-16,6
2025-08-14 14:10:00+00:00,3,6,66.23437712144832,1.1250000000000002,65.10937712144832,0.5000000000000001,1.9999999999999998,5.551115123125783e-17,6
2025-08-14 18:10:00+00:00,3,5,-20.153197048874457,0.75,-20.903197048874457,0.3333333333333333,1.6666666666666665,-1.3877787807814457e-17,5
2025-08-14 22:10:00+00:00,3,4,25.165946776806614,0.7499999999999998,24.415946776806614,0.33333333333333326,1.3333333333333333,0.0,4
2025-08-15 02:10:00+00:00,3,3,11.154356757342235,0.75,10.404356757342235,0.3333333333333333,1.0,0.0,4
2025-08-15 06:10:00+00:00,3,3,30.60816873665035,1.2499999999999998,29.35816873665035,0.5555555555555555,0.8888888888888888,-1.3877787807814457e-17,7
2025-08-15 10:10:00+00:00,3,2,-15.089454903227226,0.7500000000000001,-15.839454903227226,0.33333333333333337,0.5555555555555556,0.0,6
2025-08-15 14:10:00+00:00,3,2,14.862569558720304,1.5,13.362569558720304,0.6666666666666666,0.6666666666666666,0.0,8
2025-08-15 18:10:00+00:00,3,3,39.73421706396845,0.75,38.98421706396845,0.3333333333333333,1.0,1.3877787807814457e-17,10
2025-08-15 22:10:00+00:00,3,4,11.786999061776871,0.75,11.036999061776871,0.3333333333333333,1.3333333333333333,-1.3877787807814457e-17,10
2025-08-16 02:10:00+00:00,3,5,31.533856221641816,0.7499999999999998,30.783856221641816,0.33333333333333326,1.6666666666666665,1.3877787807814457e-17,10
2025-08-16 06:10:00+00:00,3,5,-34.67753636475024,1.5,-36.17753636475024,0.6666666666666666,1.6666666666666665,0.0,7
2025-08-16 10:10:00+00:00,3,6,-91.28099548538836,0.75,-92.03099548538836,0.3333333333333333,1.9999999999999998,-1.3877787807814457e-17,8
2025-08-16 14:10:00+00:00,3,6,28.44885947234553,1.0,27.44885947234553,0.4444444444444444,1.9999999999999998,6.938893903907228e-17,8
2025-08-16 18:10:00+00:00,3,5,58.50258864376183,0.7499999999999996,57.75258864376183,0.33333333333333315,1.6666666666666667,-6.938893903907228e-17,8
2025-08-16 22:10:00+00:00,3,5,51.32571673631068,0.7500000000000001,50.57571673631068,0.33333333333333337,1.6666666666666665,4.163336342344337e-17,8
2025-08-17 02:10:00+00:00,3,5,-54.93418706702862,1.5,-56.43418706702862,0.6666666666666666,1.6666666666666665,1.3877787807814457e-17,8
2025-08-17 06:10:00+00:00,3,4,14.54381023869724,0.75,13.79381023869724,0.3333333333333333,1.3333333333333333,0.0,7
2025-08-17 10:10:00+00:00,3,3,-17.696463759413657,0.7499999999999998,-18.446463759413657,0.33333333333333326,1.0,-1.3877787807814457e-17,6
2025-08-17 14:10:00+00:00,3,2,-3.91600634089074,0.75,-4.66600634089074,0.3333333333333333,0.6666666666666666,0.0,5
2025-08-17 18:10:00+00:00,3,2,117.88606231968984,0.0,117.88606231968984,0.0,0.6666666666666666,0.0,5
2025-08-17 22:10:00+00:00,3,2,-35.71839964165684,1.2499999999999998,-36.96839964165684,0.5555555555555555,0.6666666666666666,1.3877787807814457e-17,7
2025-08-18 02:10:00+00:00,3,2,62.92638937482963,1.125,61.80138937482963,0.5,0.6666666666666666,2.7755575615628914e-17,6
2025-08-18 06:10:00+00:00,3,3,57.98797744050519,0.75,57.23797744050519,0.3333333333333333,1.0,0.0,8
2025-08-18 10:10:00+00:00,3,4,-24.599852450218155,0.75,-25.349852450218155,0.3333333333333333,1.3333333333333333,2.7755575615628914e-17,8
2025-08-18 14:10:00+00:00,3,5,-19.82579103802857,0.75,-20.57579103802857,0.3333333333333333,1.6666666666666665,4.163336342344337e-17,9
2025-08-18 18:10:00+00:00,3,6,-40.44196237045219,0.7500000000000001,-41.19196237045219,0.33333333333333337,2.0,-5.551115123125783e-17,9
2025-08-18 22:10:00+00:00,3,6,109.30253816444674,1.5,107.80253816444674,0.6666666666666666,2.0,-2.7755575615628914e-17,9
2025-08-19 02:10:00+00:00,3,6,212.87201214599617,1.1249999999999998,211.74701214599617,0.4999999999999999,2.0,-1.3877787807814457e-16,9
2025-08-19 06:10:00+00:00,3,6,-19.070618281933328,0.7500000000000006,-19.820618281933328,0.3333333333333336,2.0,1.1102230246251565e-16,9
2025-08-19 10:10:00+00:00,3,6,30.91341552131233,0.37500000000000044,30.53841552131233,0.16666666666666685,2.0,-1.1102230246251565e-16,9
2025-08-19 14:10:00+00:00,3,5,-13.830191482192348,0.7500000000000002,-14.580191482192348,0.3333333333333334,1.6666666666666665,1.3877787807814457e-17,8
2025-08-19 18:10:00+00:00,3,5,81.04494170768729,1.249000902703301e-16,81.04494170768729,5.551115123125783e-17,1.6666666666666665,-4.163336342344337e-17,8
2025-08-19 22:10:00+00:00,3,5,-50.71836007910301,1.1249999999999998,-51.84336007910301,0.49999999999999994,1.6666666666666665,-6.938893903907228e-17,8
2025-08-20 02:10:00+00:00,3,4,-52.642020674548654,0.75,-53.392020674548654,0.3333333333333333,1.3333333333333333,0.0,7
2025-08-20 06:10:00+00:00,3,3,-18.53192432944333,0.7499999999999998,-19.28192432944333,0.33333333333333326,1.0,-1.3877787807814457e-17,7
2025-08-20 10:10:00+00:00,3,2,-36.8390802298717,0.75,-37.5890802298717,0.3333333333333333,0.6666666666666666,-2.7755575615628914e-17,6
2025-08-20 14:10:00+00:00,3,3,-30.085595755133614,0.75,-30.835595755133614,0.3333333333333333,1.0,0.0,7
2025-08-20 18:10:00+00:00,3,2,-21.613092793483318,0.75,-22.363092793483318,0.3333333333333333,0.6666666666666666,1.3877787807814457e-17,5
2025-08-20 22:10:00+00:00,3,1,14.906968751168069,0.75,14.156968751168069,0.3333333333333333,0.3333333333333333,0.0,3
2025-08-21 02:10:00+00:00,3,1,-0.979783172867525,0.0,-0.979783172867525,0.0,0.3333333333333333,0.0,3
2025-08-21 06:10:00+00:00,3,2,-2.417456425574395,0.75,-3.167456425574395,0.3333333333333333,0.6666666666666666,0.0,5
2025-08-21 10:10:00+00:00,3,2,2.3511057620056732,0.0,2.3511057620056732,0.0,0.6666666666666666,0.0,5
2025-08-21 14:10:00+00:00,3,1,15.092853093571403,0.75,14.342853093571403,0.3333333333333333,0.3333333333333333,0.0,2
2025-08-21 18:10:00+00:00,3,2,14.408918046752268,0.75,13.658918046752268,0.3333333333333333,0.6666666666666666,1.3877787807814457e-17,5
2025-08-21 22:10:00+00:00,3,2,9.893529768992984,0.0,9.893529768992984,0.0,0.6666666666666666,1.3877787807814457e-17,5
2025-08-22 02:10:00+00:00,3,2,-7.02046355481396,0.0,-7.02046355481396,0.0,0.6666666666666666,1.3877787807814457e-17,5
2025-08-22 06:10:00+00:00,3,1,12.755836805059975,0.7500000000000001,12.005836805059975,0.33333333333333337,0.3333333333333333,0.0,4
2025-08-22 10:10:00+00:00,3,1,-47.0960451893215,0.0,-47.0960451893215,0.0,0.3333333333333333,0.0,4
2025-08-22 14:10:00+00:00,3,1,37.780059942733715,0.0,37.780059942733715,0.0,0.3333333333333333,0.0,4
2025-08-22 18:10:00+00:00,3,1,20.287049371179652,1.5,18.787049371179652,0.6666666666666666,0.3333333333333333,0.0,2
2025-08-22 22:10:00+00:00,3,2,47.34210088281142,0.75,46.59210088281142,0.3333333333333333,0.6666666666666666,-1.3877787807814457e-17,3
2025-08-23 02:10:00+00:00,3,3,-36.29114189204689,0.7499999999999998,-37.04114189204689,0.33333333333333326,0.9999999999999999,1.3877787807814457e-17,4
2025-08-23 06:10:00+00:00,3,4,-6.278295509061252,0.75,-7.028295509061252,0.3333333333333333,1.3333333333333333,2.7755575615628914e-17,7
2025-08-23 10:10:00+00:00,3,4,-14.539168649827271,0.0,-14.539168649827271,0.0,1.3333333333333333,2.7755575615628914e-17,7
2025-08-23 14:10:00+00:00,3,4,-31.015562428268474,0.0,-31.015562428268474,0.0,1.3333333333333333,2.7755575615628914e-17,7
2025-08-23 18:10:00+00:00,3,3,34.36901451270826,0.7499999999999998,33.61901451270826,0.33333333333333326,1.0,0.0,7
2025-08-23 22:10:00+00:00,3,2,-1.4009702892042104,0.75,-2.1509702892042104,0.3333333333333333,0.6666666666666666,-1.3877787807814457e-17,5
2025-08-24 02:10:00+00:00,3,2,29.228208338091385,1.5,27.728208338091385,0.6666666666666666,0.6666666666666666,0.0,7
2025-08-24 06:10:00+00:00,3,2,11.403505231899528,0.75,10.653505231899528,0.3333333333333333,0.6666666666666666,1.3877787807814457e-17,5
2025-08-24 10:10:00+00:00,3,3,-7.781776362649458,0.75,-8.531776362649458,0.3333333333333333,1.0,-1.3877787807814457e-17,6
2025-08-24 14:10:00+00:00,3,3,56.982294022677706,0.0,56.982294022677706,0.0,1.0,-1.3877787807814457e-17,6
2025-08-24 18:10:00+00:00,3,3,-111.91249000363202,0.0,-111.91249000363202,0.0,1.0,-1.3877787807814457e-17,6
2025-08-24 22:10:00+00:00,3,3,-65.15233839358325,0.0,-65.15233839358325,0.0,1.0,-1.3877787807814457e-17,6
2025-08-25 02:10:00+00:00,3,2,-28.376369429174638,0.75,-29.126369429174638,0.3333333333333333,0.6666666666666666,0.0,5
2025-08-25 06:10:00+00:00,3,1,29.346029491789942,0.75,28.596029491789942,0.3333333333333333,0.3333333333333333,0.0,4
2025-08-25 10:10:00+00:00,3,0,15.294875753472237,0.75,14.544875753472237,0.3333333333333333,0.0,0.0,0
2025-08-25 14:10:00+00:00,3,0,0.0,0.0,0.0,0.0,0.0,0.0,0
2025-08-25 18:10:00+00:00,3,0,0.0,0.0,0.0,0.0,0.0,0.0,0
2025-08-25 22:10:00+00:00,3,0,0.0,0.0,0.0,0.0,0.0,0.0,0
2025-08-26 02:10:00+00:00,3,0,0.0,0.0,0.0,0.0,0.0,0.0,0
2025-08-26 06:10:00+00:00,3,0,0.0,0.0,0.0,0.0,0.0,0.0,0
2025-08-26 10:10:00+00:00,3,0,0.0,0.0,0.0,0.0,0.0,0.0,0
2025-08-26 14:10:00+00:00,3,0,0.0,0.0,0.0,0.0,0.0,0.0,0
2025-08-26 18:10:00+00:00,3,0,0.0,0.0,0.0,0.0,0.0,0.0,0
2025-08-26 22:10:00+00:00,3,0,0.0,0.0,0.0,0.0,0.0,0.0,0
2025-08-27 02:10:00+00:00,3,0,0.0,0.0,0.0,0.0,0.0,0.0,0
2025-08-27 06:10:00+00:00,3,0,0.0,0.0,0.0,0.0,0.0,0.0,0
2025-08-27 10:10:00+00:00,3,0,0.0,0.0,0.0,0.0,0.0,0.0,0
2025-08-27 14:10:00+00:00,3,1,0.0,0.75,-0.75,0.3333333333333333,0.3333333333333333,0.0,3
2025-08-27 18:10:00+00:00,3,1,13.444786009519166,0.0,13.444786009519166,0.0,0.3333333333333333,0.0,3
2025-08-27 22:10:00+00:00,3,2,-45.688587684068146,0.75,-46.438587684068146,0.3333333333333333,0.6666666666666666,1.3877787807814457e-17,5
2025-08-28 02:10:00+00:00,3,3,17.70933845930735,0.75,16.95933845930735,0.3333333333333333,1.0,-1.3877787807814457e-17,6
2025-08-28 06:10:00+00:00,3,4,40.13407446052611,0.75,39.38407446052611,0.3333333333333333,1.3333333333333333,4.163336342344337e-17,6
2025-08-28 10:10:00+00:00,3,5,-116.3862242373365,0.7500000000000001,-117.1362242373365,0.33333333333333337,1.5,9.71445146547012e-17,7
2025-08-28 14:10:00+00:00,3,4,129.99370127976013,0.7500000000000001,129.24370127976013,0.33333333333333337,1.1666666666666665,1.3877787807814457e-17,6
2025-08-28 18:10:00+00:00,3,4,-27.299423484292348,0.0,-27.299423484292348,0.0,1.1666666666666665,1.3877787807814457e-17,6
2025-08-28 22:10:00+00:00,3,4,34.493776914659634,1.1249999999999998,33.368776914659634,0.49999999999999994,1.1666666666666665,4.163336342344337e-17,5
2025-08-29 02:10:00+00:00,3,4,71.211427906679,1.1249999999999998,70.086427906679,0.49999999999999994,1.3333333333333333,5.551115123125783e-17,6
2025-08-29 06:10:00+00:00,3,4,40.4549999892092,0.875,39.5799999892092,0.3888888888888889,1.3333333333333333,6.938893903907228e-17,6
2025-08-29 10:10:00+00:00,3,4,34.679282827123615,1.5,33.179282827123615,0.6666666666666666,1.3333333333333333,-2.7755575615628914e-17,5
2025-08-29 14:10:00+00:00,3,5,-51.1049217466843,0.7500000000000001,-51.8549217466843,0.33333333333333337,1.6666666666666665,-5.551115123125783e-17,6
2025-08-29 18:10:00+00:00,3,6,40.98101146086791,0.7499999999999998,40.23101146086791,0.33333333333333326,1.9999999999999998,-2.7755575615628914e-17,6
2025-08-29 22:10:00+00:00,3,6,75.19782471145679,1.125,74.07282471145679,0.5,2.0,5.551115123125783e-17,6
2025-08-30 02:10:00+00:00,3,6,1.8945186461717363,0.75,1.1445186461717363,0.3333333333333333,1.9999999999999998,4.163336342344337e-17,6
2025-08-30 06:10:00+00:00,3,5,-38.82879612067006,0.7499999999999997,-39.57879612067006,0.3333333333333332,1.6666666666666665,2.7755575615628914e-17,4
2025-08-30 10:10:00+00:00,3,5,57.16294126551263,0.3749999999999999,56.78794126551263,0.16666666666666663,1.6666666666666665,2.7755575615628914e-17,4
2025-08-30 14:10:00+00:00,3,5,-101.51435954336274,1.1249999999999998,-102.63935954336274,0.4999999999999999,1.6666666666666665,-5.551115123125783e-17,5
2025-08-30 18:10:00+00:00,3,5,2.3264898915754295,1.1249999999999998,1.2014898915754297,0.4999999999999999,1.6666666666666667,-1.1102230246251565e-16,7
2025-08-30 22:10:00+00:00,3,5,-17.038380495497623,0.8750000000000004,-17.913380495497623,0.38888888888888906,1.6666666666666665,2.7755575615628914e-17,8
2025-08-31 02:10:00+00:00,3,4,-49.72877962012884,0.7499999999999998,-50.47877962012884,0.33333333333333326,1.3333333333333333,1.3877787807814457e-17,8
2025-08-31 06:10:00+00:00,3,5,11.613013177817692,0.7499999999999998,10.863013177817692,0.33333333333333326,1.6666666666666665,2.7755575615628914e-17,8
2025-08-31 10:10:00+00:00,3,4,-48.038779260954385,0.7499999999999997,-48.788779260954385,0.3333333333333332,1.3333333333333333,6.938893903907228e-17,7
2025-08-31 14:10:00+00:00,3,3,3.3669992781111726,0.7500000000000001,2.6169992781111726,0.33333333333333337,1.0,0.0,6
2025-08-31 18:10:00+00:00,3,3,12.703856763466092,1.125,11.578856763466092,0.5,1.0,-2.7755575615628914e-17,6
2025-08-31 22:10:00+00:00,3,2,-32.51364819840423,0.7500000000000001,-33.26364819840423,0.33333333333333337,0.6666666666666666,-1.3877787807814457e-17,5
2025-09-01 02:10:00+00:00,3,2,-9.983614015611593,0.0,-9.983614015611593,0.0,0.6666666666666666,-1.3877787807814457e-17,5
2025-09-01 06:10:00+00:00,3,2,-16.27371368513073,0.8749999999999999,-17.14871368513073,0.38888888888888884,0.6666666666666666,-1.3877787807814457e-17,3
2025-09-01 10:10:00+00:00,3,2,2.1403060942772374,0.0,2.1403060942772374,0.0,0.6666666666666666,-1.3877787807814457e-17,3
2025-09-01 14:10:00+00:00,3,2,-32.023770892290145,0.0,-32.023770892290145,0.0,0.6666666666666666,-1.3877787807814457e-17,3
2025-09-01 18:10:00+00:00,3,1,-20.430738622695362,0.7500000000000001,-21.180738622695362,0.33333333333333337,0.3333333333333333,0.0,3
2025-09-01 22:10:00+00:00,3,1,-62.258203594644726,0.0,-62.258203594644726,0.0,0.3333333333333333,0.0,3
2025-09-02 02:10:00+00:00,3,1,-14.800184463570002,0.0,-14.800184463570002,0.0,0.3333333333333333,0.0,3
2025-09-02 06:10:00+00:00,3,0,-25.62935969321214,0.75,-26.37935969321214,0.3333333333333333,0.0,0.0,0
2025-09-02 10:10:00+00:00,3,0,0.0,0.0,0.0,0.0,0.0,0.0,0
2025-09-02 14:10:00+00:00,3,0,0.0,0.0,0.0,0.0,0.0,0.0,0
2025-09-02 18:10:00+00:00,3,0,0.0,0.0,0.0,0.0,0.0,0.0,0
2025-09-02 22:10:00+00:00,3,1,0.0,0.75,-0.75,0.3333333333333333,0.3333333333333333,0.0,2
2025-09-03 02:10:00+00:00,3,1,-2.3639679545354007,0.0,-2.3639679545354007,0.0,0.3333333333333333,0.0,2
2025-09-03 06:10:00+00:00,3,1,-21.047336651487814,0.0,-21.047336651487814,0.0,0.3333333333333333,0.0,2
2025-09-03 10:10:00+00:00,3,1,39.04559517852319,0.0,39.04559517852319,0.0,0.3333333333333333,0.0,2
2025-09-03 14:10:00+00:00,3,1,-0.2888719236834012,0.0,-0.2888719236834012,0.0,0.3333333333333333,0.0,2
2025-09-03 18:10:00+00:00,3,2,-0.7826664636195844,0.75,-1.5326664636195844,0.3333333333333333,0.6666666666666666,0.0,6
2025-09-03 22:10:00+00:00,3,2,7.374300948150974,1.5,5.874300948150974,0.6666666666666666,0.6666666666666666,-1.3877787807814457e-17,4
2025-09-04 02:10:00+00:00,3,2,28.784764670320907,0.0,28.784764670320907,0.0,0.6666666666666666,-1.3877787807814457e-17,4
2025-09-04 06:10:00+00:00,3,2,-56.77218348751886,0.0,-56.77218348751886,0.0,0.6666666666666666,-1.3877787807814457e-17,4
2025-09-04 10:10:00+00:00,3,3,5.011790812963358,0.7499999999999998,4.261790812963358,0.33333333333333326,0.9999999999999999,1.3877787807814457e-17,4
2025-09-04 14:10:00+00:00,3,3,42.87027281699814,0.0,42.87027281699814,0.0,0.9999999999999999,1.3877787807814457e-17,4
2025-09-04 18:10:00+00:00,3,3,44.636849822950204,0.875,43.761849822950204,0.3888888888888889,0.9999999999999999,2.7755575615628914e-17,6
2025-09-04 22:10:00+00:00,3,3,-18.762217634193767,0.75,-19.512217634193767,0.3333333333333333,0.9999999999999999,-1.3877787807814457e-17,5
2025-09-05 02:10:00+00:00,3,4,-32.45729525720218,0.7499999999999998,-33.20729525720218,0.33333333333333326,1.3333333333333333,1.3877787807814457e-17,8
2025-09-05 06:10:00+00:00,3,5,-45.101690728154075,0.7500000000000001,-45.851690728154075,0.33333333333333337,1.6666666666666665,0.0,8
2025-09-05 10:10:00+00:00,3,5,-38.01500412321899,0.7499999999999998,-38.76500412321899,0.33333333333333326,1.6666666666666665,1.3877787807814457e-17,9
2025-09-05 14:10:00+00:00,3,6,56.178978285318635,0.75,55.428978285318635,0.3333333333333333,2.0,0.0,10
2025-09-05 18:10:00+00:00,3,6,-222.86259907810154,1.2499999999999998,-224.11259907810154,0.5555555555555555,2.0,-1.3877787807814457e-17,10
2025-09-05 22:10:00+00:00,3,6,-43.28073693242467,1.5,-44.78073693242467,0.6666666666666666,1.9999999999999998,4.163336342344337e-17,10
2025-09-06 02:10:00+00:00,3,6,47.46087246113588,1.1249999999999998,46.33587246113588,0.4999999999999999,1.8888888888888888,1.3877787807814457e-17,9
2025-09-06 06:10:00+00:00,3,6,11.882577414923546,0.7500000000000001,11.132577414923546,0.33333333333333337,1.8333333333333333,-1.3877787807814457e-17,9
2025-09-06 10:10:00+00:00,3,6,-12.978568898058565,1.5,-14.478568898058565,0.6666666666666666,1.611111111111111,-5.551115123125783e-17,8
2025-09-06 14:10:00+00:00,3,6,82.01252690982335,1.2499999999999998,80.76252690982335,0.5555555555555555,1.6666666666666667,-1.6653345369377348e-16,6
2025-09-06 18:10:00+00:00,3,6,21.681231319277856,1.125,20.556231319277856,0.5,2.0,-1.1102230246251565e-16,6
2025-09-06 22:10:00+00:00,3,6,-61.924056819163624,1.1249999999999998,-63.049056819163624,0.49999999999999994,2.0,-5.551115123125783e-17,6
2025-09-07 02:10:00+00:00,3,6,-34.04511933778114,1.25,-35.29511933778114,0.5555555555555556,1.9999999999999998,4.163336342344337e-17,8
2025-09-07 06:10:00+00:00,3,6,-47.15881163768641,1.1249999999999998,-48.28381163768641,0.49999999999999994,1.9999999999999998,1.3877787807814457e-16,8
2025-09-07 10:10:00+00:00,3,6,82.37913051035292,1.25,81.12913051035292,0.5555555555555556,2.0,-8.326672684688674e-17,9
2025-09-07 14:10:00+00:00,3,6,-35.08328267455725,1.2499999999999998,-36.33328267455725,0.5555555555555555,1.9999999999999998,0.0,9
2025-09-07 18:10:00+00:00,3,6,-28.629642297194017,1.125,-29.754642297194017,0.5,2.0,-8.326672684688674e-17,8
2025-09-07 22:10:00+00:00,3,5,572.0152102800844,0.7500000000000001,571.2652102800844,0.33333333333333337,1.6666666666666665,-2.7755575615628914e-17,7
2025-09-08 02:10:00+00:00,3,5,681.835940207715,0.625,681.210940207715,0.2777777777777778,1.6666666666666665,-2.7755575615628914e-17,5
2025-09-08 06:10:00+00:00,3,5,-245.00326206691307,0.7499999999999997,-245.75326206691307,0.3333333333333332,1.6666666666666665,-8.326672684688674e-17,5
2025-09-08 10:10:00+00:00,3,5,525.592048457621,0.3750000000000003,525.217048457621,0.1666666666666668,1.6666666666666665,6.938893903907228e-17,6
2025-09-08 14:10:00+00:00,3,5,201.00642807271726,1.125,199.88142807271726,0.5,1.6666666666666665,0.0,8
2025-09-08 18:10:00+00:00,3,5,261.41061832544176,1.5,259.91061832544176,0.6666666666666666,1.5555555555555556,-5.551115123125783e-17,8
2025-09-08 22:10:00+00:00,3,6,483.89158884034174,0.7499999999999998,483.14158884034174,0.33333333333333326,1.8888888888888888,-4.163336342344337e-17,9
2025-09-09 02:10:00+00:00,3,6,271.8231312459442,0.8749999999999999,270.9481312459442,0.38888888888888884,1.9999999999999998,0.0,9
2025-09-09 06:10:00+00:00,3,6,114.39318862735301,1.125,113.26818862735301,0.5,2.0,5.551115123125783e-17,8
2025-09-09 10:10:00+00:00,3,5,-38.51120235798163,0.75,-39.26120235798163,0.3333333333333333,1.6666666666666665,6.938893903907228e-17,7
2025-09-09 14:10:00+00:00,3,4,11.403206036343011,0.75,10.653206036343011,0.3333333333333333,1.3333333333333333,6.938893903907228e-17,5
2025-09-09 18:10:00+00:00,3,4,-19.811418072917224,0.7499999999999998,-20.561418072917224,0.33333333333333326,1.3333333333333333,4.163336342344337e-17,7
2025-09-09 22:10:00+00:00,3,4,-7.190263283680977,1.25,-8.440263283680977,0.5555555555555556,1.222222222222222,1.3877787807814457e-17,7
2025-09-10 02:10:00+00:00,3,4,4.726877098162537,0.7500000000000001,3.9768770981625368,0.33333333333333337,1.222222222222222,-2.7755575615628914e-17,8
2025-09-10 06:10:00+00:00,3,4,-54.388144936266364,1.1249999999999998,-55.513144936266364,0.49999999999999994,1.3333333333333333,-1.3877787807814457e-17,9
2025-09-10 10:10:00+00:00,3,4,-77.6208310500425,0.0,-77.6208310500425,0.0,1.3333333333333333,-1.3877787807814457e-17,9
2025-09-10 14:10:00+00:00,3,4,-25.262875530855577,0.0,-25.262875530855577,0.0,1.3333333333333333,-1.3877787807814457e-17,9
2025-09-10 18:10:00+00:00,3,4,-12.399658601059713,1.1249999999999998,-13.524658601059713,0.49999999999999994,1.3333333333333333,0.0,9
2025-09-10 22:10:00+00:00,3,3,-16.773926423114673,0.75,-17.523926423114673,0.3333333333333333,1.0,-1.3877787807814457e-17,7
2025-09-11 02:10:00+00:00,3,2,53.76957578782404,0.75,53.01957578782404,0.3333333333333333,0.6666666666666666,-1.3877787807814457e-17,5
2025-09-11 06:10:00+00:00,3,2,-15.249684480846403,1.5,-16.749684480846405,0.6666666666666666,0.6666666666666666,0.0,3
2025-09-11 10:10:00+00:00,3,2,-0.9660105584243723,0.0,-0.9660105584243723,0.0,0.6666666666666666,0.0,3
2025-09-11 14:10:00+00:00,3,3,-1.8671130938780482,0.75,-2.6171130938780482,0.3333333333333333,1.0,0.0,4
2025-09-11 18:10:00+00:00,3,2,-69.6172703621351,0.75,-70.3672703621351,0.3333333333333333,0.6666666666666666,0.0,3
2025-09-11 22:10:00+00:00,3,3,53.38967827522942,0.75,52.63967827522942,0.3333333333333333,1.0,1.3877787807814457e-17,5
2025-09-12 02:10:00+00:00,3,4,35.712808085142385,0.75,34.962808085142385,0.3333333333333333,1.3333333333333333,-2.7755575615628914e-17,6
2025-09-12 06:10:00+00:00,3,4,78.60949647706755,1.1249999999999998,77.48449647706755,0.49999999999999994,1.3333333333333333,-2.7755575615628914e-17,7
2025-09-12 10:10:00+00:00,3,5,-12.89492061459097,0.7499999999999998,-13.64492061459097,0.33333333333333326,1.6666666666666665,-2.7755575615628914e-17,9
2025-09-12 14:10:00+00:00,3,5,22.153875117756755,0.75,21.403875117756755,0.3333333333333333,1.6666666666666665,-1.3877787807814457e-17,9
2025-09-12 18:10:00+00:00,3,6,8.62298380174097,0.7500000000000001,7.87298380174097,0.33333333333333337,1.9999999999999998,-2.7755575615628914e-17,9
2025-09-12 22:10:00+00:00,3,6,99.06963610398637,1.1249999999999996,97.94463610398637,0.49999999999999983,1.8333333333333333,-4.163336342344337e-17,8
2025-09-13 02:10:00+00:00,3,6,-23.213417018188192,1.5000000000000002,-24.713417018188192,0.6666666666666667,1.9999999999999998,1.3877787807814457e-17,9
2025-09-13 06:10:00+00:00,3,5,-88.96631672620912,0.7499999999999998,-89.71631672620912,0.33333333333333326,1.6666666666666665,1.3877787807814457e-17,9
2025-09-13 10:10:00+00:00,3,5,36.509377366432616,1.5,35.009377366432616,0.6666666666666666,1.6666666666666665,2.7755575615628914e-17,8
2025-09-13 14:10:00+00:00,3,5,49.94598090782645,1.1249999999999998,48.82098090782645,0.49999999999999994,1.6666666666666665,4.163336342344337e-17,7
2025-09-13 18:10:00+00:00,3,5,-28.215336660010774,1.125,-29.340336660010774,0.5,1.6666666666666665,2.7755575615628914e-17,7
2025-09-13 22:10:00+00:00,3,5,-40.87609579938147,0.75,-41.62609579938147,0.3333333333333333,1.6666666666666665,4.163336342344337e-17,8
2025-09-14 02:10:00+00:00,3,4,153.80369590999976,0.75,153.05369590999976,0.3333333333333333,1.3333333333333333,0.0,7
2025-09-14 06:10:00+00:00,3,5,-42.4771164020758,0.7499999999999998,-43.2271164020758,0.33333333333333326,1.6666666666666665,0.0,8
2025-09-14 10:10:00+00:00,3,4,140.1153240879674,0.75,139.3653240879674,0.3333333333333333,1.3333333333333333,-1.3877787807814457e-17,6
2025-09-14 14:10:00+00:00,3,3,-154.45427188316523,0.75,-155.20427188316523,0.3333333333333333,1.0,-2.7755575615628914e-17,5
2025-09-14 18:10:00+00:00,3,2,49.78253450875338,0.75,49.03253450875338,0.3333333333333333,0.6666666666666666,1.3877787807814457e-17,4
2025-09-14 22:10:00+00:00,3,2,5.073801229021697,1.125,3.948801229021697,0.5,0.6666666666666666,-1.3877787807814457e-17,5
2025-09-15 02:10:00+00:00,3,2,-31.25235053649671,0.0,-31.25235053649671,0.0,0.6666666666666666,-1.3877787807814457e-17,5
2025-09-15 06:10:00+00:00,3,1,54.65431155734534,0.75,53.90431155734534,0.3333333333333333,0.3333333333333333,0.0,2
2025-09-15 10:10:00+00:00,3,1,14.537874421753845,0.0,14.537874421753845,0.0,0.3333333333333333,0.0,2
2025-09-15 14:10:00+00:00,3,1,30.57278282052103,0.0,30.57278282052103,0.0,0.3333333333333333,0.0,2
2025-09-15 18:10:00+00:00,3,1,3.3053635925463984,0.0,3.3053635925463984,0.0,0.3333333333333333,0.0,2
2025-09-15 22:10:00+00:00,3,0,3.164684564543716,0.75,2.414684564543716,0.3333333333333333,0.0,0.0,0
2025-09-16 02:10:00+00:00,3,0,0.0,0.0,0.0,0.0,0.0,0.0,0
2025-09-16 06:10:00+00:00,3,1,0.0,0.75,-0.75,0.3333333333333333,0.3333333333333333,0.0,3
2025-09-16 10:10:00+00:00,3,1,14.782600508200254,0.0,14.782600508200254,0.0,0.3333333333333333,0.0,3
2025-09-16 14:10:00+00:00,3,1,12.836262300907652,0.0,12.836262300907652,0.0,0.3333333333333333,0.0,3
2025-09-16 18:10:00+00:00,3,1,-1.8021557538705268,0.0,-1.8021557538705268,0.0,0.3333333333333333,0.0,3
2025-09-16 22:10:00+00:00,3,2,-1.3284191748302776,0.7500000000000001,-2.0784191748302776,0.33333333333333337,0.6666666666666666,1.3877787807814457e-17,4
2025-09-17 02:10:00+00:00,3,2,-4.3687365777190275,0.0,-4.3687365777190275,0.0,0.6666666666666666,1.3877787807814457e-17,4
2025-09-17 06:10:00+00:00,3,1,23.475775415020905,0.75,22.725775415020905,0.3333333333333333,0.3333333333333333,0.0,2
2025-09-17 10:10:00+00:00,3,1,-11.105567578653872,0.0,-11.105567578653872,0.0,0.3333333333333333,0.0,2
2025-09-17 14:10:00+00:00,3,1,11.68162279056974,0.0,11.68162279056974,0.0,0.3333333333333333,0.0,2
2025-09-17 18:10:00+00:00,3,2,0.36939322314030676,0.75,-0.38060677685969324,0.3333333333333333,0.6666666666666666,0.0,2
2025-09-17 22:10:00+00:00,3,1,17.991876918276198,0.75,17.241876918276198,0.3333333333333333,0.3333333333333333,0.0,2
2025-09-18 02:10:00+00:00,3,2,21.884322874768465,0.75,21.134322874768465,0.3333333333333333,0.5,1.3877787807814457e-17,3
2025-09-18 06:10:00+00:00,3,3,-1.6062347438785043,0.75,-2.3562347438785043,0.3333333333333333,0.8333333333333333,1.3877787807814457e-17,5
2025-09-18 10:10:00+00:00,3,3,3.3442035234126237,0.0,3.3442035234126237,0.0,0.8333333333333333,1.3877787807814457e-17,5
2025-09-18 14:10:00+00:00,3,3,-106.24569614494197,0.0,-106.24569614494197,0.0,0.8333333333333333,1.3877787807814457e-17,5
2025-09-18 18:10:00+00:00,3,3,79.80804407343336,1.5,78.30804407343336,0.6666666666666666,1.0,1.3877787807814457e-17,7
2025-09-18 22:10:00+00:00,3,4,-6.087256806819175,0.75,-6.837256806819175,0.3333333333333333,1.3333333333333333,1.3877787807814457e-17,8
2025-09-19 02:10:00+00:00,3,4,72.29055343165746,1.5,70.79055343165746,0.6666666666666666,1.3333333333333333,1.3877787807814457e-17,7
2025-09-19 06:10:00+00:00,3,4,-21.16097537063393,1.25,-22.41097537063393,0.5555555555555556,1.3333333333333333,4.163336342344337e-17,8
2025-09-19 10:10:00+00:00,3,5,25.66214205980383,0.75,24.91214205980383,0.3333333333333333,1.6666666666666665,9.71445146547012e-17,8
2025-09-19 14:10:00+00:00,3,6,-87.5290712620094,0.7500000000000001,-88.2790712620094,0.33333333333333337,2.0,5.551115123125783e-17,9
2025-09-19 18:10:00+00:00,3,5,87.56514436258607,0.7499999999999998,86.81514436258607,0.33333333333333326,1.6666666666666667,-2.7755575615628914e-17,8
2025-09-19 22:10:00+00:00,3,4,-23.300780668602012,0.7500000000000001,-24.050780668602012,0.33333333333333337,1.3333333333333333,8.326672684688674e-17,6
2025-09-20 02:10:00+00:00,3,4,53.0358157758748,0.2500000000000003,52.7858157758748,0.11111111111111124,1.3333333333333333,-5.551115123125783e-17,7
2025-09-20 06:10:00+00:00,3,4,-16.914149342023507,0.8750000000000001,-17.789149342023507,0.38888888888888895,1.222222222222222,5.551115123125783e-17,6
2025-09-20 10:10:00+00:00,3,3,70.83685738997805,0.7499999999999998,70.08685738997805,0.33333333333333326,1.0,5.551115123125783e-17,6
2025-09-20 14:10:00+00:00,3,2,-30.279309953862956,0.7500000000000001,-31.029309953862956,0.33333333333333337,0.6666666666666666,-1.3877787807814457e-17,5
2025-09-20 18:10:00+00:00,3,2,17.833608370528353,0.0,17.833608370528353,0.0,0.6666666666666666,-1.3877787807814457e-17,5
2025-09-20 22:10:00+00:00,3,2,16.379400809291703,0.0,16.379400809291703,0.0,0.6666666666666666,-1.3877787807814457e-17,5
2025-09-21 02:10:00+00:00,3,1,-1.071746506015692,0.7500000000000001,-1.821746506015692,0.33333333333333337,0.3333333333333333,0.0,3
2025-09-21 06:10:00+00:00,3,0,-13.418187862840805,0.75,-14.168187862840805,0.3333333333333333,0.0,0.0,0
2025-09-21 10:10:00+00:00,3,1,0.0,0.75,-0.75,0.3333333333333333,0.3333333333333333,0.0,3
2025-09-21 14:10:00+00:00,3,1,-0.9738716313044056,0.0,-0.9738716313044056,0.0,0.3333333333333333,0.0,3
2025-09-21 18:10:00+00:00,3,1,-17.725603059836267,0.0,-17.725603059836267,0.0,0.3333333333333333,0.0,3
2025-09-21 22:10:00+00:00,3,1,4.634538374046954,0.0,4.634538374046954,0.0,0.3333333333333333,0.0,3
2025-09-22 02:10:00+00:00,3,1,-58.536333118253346,0.0,-58.536333118253346,0.0,0.3333333333333333,0.0,3
2025-09-22 06:10:00+00:00,3,2,-11.108686329572613,0.75,-11.858686329572613,0.3333333333333333,0.6666666666666666,0.0,5
2025-09-22 10:10:00+00:00,3,2,15.393947247840188,1.125,14.268947247840188,0.5,0.6666666666666666,1.3877787807814457e-17,4
2025-09-22 14:10:00+00:00,3,3,-7.902240235949945,0.7499999999999998,-8.652240235949945,0.33333333333333326,0.9999999999999999,-1.3877787807814457e-17,4
2025-09-22 18:10:00+00:00,3,4,-60.74095461519931,0.75,-61.49095461519931,0.3333333333333333,1.3333333333333333,-2.7755575615628914e-17,6
2025-09-22 22:10:00+00:00,3,5,-18.661589385368128,0.75,-19.411589385368128,0.3333333333333333,1.6666666666666665,-4.163336342344337e-17,7
2025-09-23 02:10:00+00:00,3,6,-205.5338653717462,0.75,-206.2838653717462,0.3333333333333333,1.9999999999999998,0.0,8
2025-09-23 06:10:00+00:00,3,6,-36.46463746192135,1.1249999999999998,-37.58963746192135,0.49999999999999994,1.9999999999999998,1.3877787807814457e-17,9
2025-09-23 10:10:00+00:00,4,6,-22.8246498040976,1.125,-23.9496498040976,0.5,2.0,-1.3877787807814457e-17,8
2025-09-23 14:10:00+00:00,4,6,-4.026147517205235,0.75,-4.776147517205235,0.3333333333333333,2.0,-5.551115123125783e-17,10
2025-09-23 18:10:00+00:00,4,6,123.7744589692278,1.5000000000000002,122.2744589692278,0.6666666666666667,2.0,-5.551115123125783e-17,10
2025-09-23 22:10:00+00:00,4,6,-76.56860799682457,1.5000000000000002,-78.06860799682457,0.6666666666666667,1.8888888888888888,-1.1102230246251565e-16,9
2025-09-24 02:10:00+00:00,4,5,27.89029972990575,0.7500000000000001,27.14029972990575,0.33333333333333337,1.5555555555555556,1.1102230246251565e-16,8
2025-09-24 06:10:00+00:00,4,4,28.99595588074552,0.7499999999999998,28.24595588074552,0.33333333333333326,1.3333333333333333,0.0,7
2025-09-24 10:10:00+00:00,4,3,19.476435016933635,0.7499999999999998,18.726435016933635,0.33333333333333326,1.0,-2.7755575615628914e-17,7
2025-09-24 14:10:00+00:00,4,3,-10.650504916041903,0.625,-11.275504916041903,0.2777777777777778,1.0,2.7755575615628914e-17,6
2025-09-24 18:10:00+00:00,4,2,118.48158109997016,0.75,117.73158109997016,0.3333333333333333,0.6666666666666666,-2.7755575615628914e-17,6
2025-09-24 22:10:00+00:00,4,1,-10.31282372944223,0.7500000000000001,-11.06282372944223,0.33333333333333337,0.3333333333333333,0.0,5
2025-09-25 02:10:00+00:00,4,2,-8.469992286239222,0.75,-9.219992286239222,0.3333333333333333,0.6666666666666666,0.0,6
2025-09-25 06:10:00+00:00,4,2,30.910388048206993,0.0,30.910388048206993,0.0,0.6666666666666666,0.0,6
2025-09-25 10:10:00+00:00,4,2,20.100627215262346,0.0,20.100627215262346,0.0,0.6666666666666666,0.0,6
2025-09-25 14:10:00+00:00,4,2,15.036538324006305,1.125,13.911538324006305,0.5,0.6666666666666666,0.0,4
2025-09-25 18:10:00+00:00,4,2,-10.349836324605281,0.0,-10.349836324605281,0.0,0.6666666666666666,0.0,4
2025-09-25 22:10:00+00:00,4,2,6.27446306278183,0.0,6.27446306278183,0.0,0.6666666666666666,0.0,4
2025-09-26 02:10:00+00:00,4,2,24.517344431525373,1.125,23.392344431525373,0.5,0.6666666666666666,0.0,5
2025-09-26 06:10:00+00:00,4,2,-24.49011177390794,0.0,-24.49011177390794,0.0,0.6666666666666666,0.0,5
2025-09-26 10:10:00+00:00,4,3,9.961035008267492,0.75,9.211035008267492,0.3333333333333333,1.0,0.0,5
2025-09-26 14:10:00+00:00,4,3,-43.9662027644457,1.1249999999999998,-45.0912027644457,0.49999999999999994,0.9999999999999999,-1.3877787807814457e-17,5
2025-09-26 18:10:00+00:00,4,3,-7.957059050490363,0.0,-7.957059050490363,0.0,0.9999999999999999,-1.3877787807814457e-17,5
2025-09-26 22:10:00+00:00,4,4,5.301630328828068,0.7500000000000001,4.551630328828068,0.33333333333333337,1.3333333333333333,-2.7755575615628914e-17,5
2025-09-27 02:10:00+00:00,4,4,56.768604061188206,1.5,55.268604061188206,0.6666666666666666,1.3333333333333333,2.7755575615628914e-17,6
2025-09-27 06:10:00+00:00,4,5,59.63236111978639,0.75,58.88236111978639,0.3333333333333333,1.6666666666666665,1.3877787807814457e-17,7
2025-09-27 10:10:00+00:00,4,4,-3.0032959858745603,0.7499999999999998,-3.7532959858745603,0.33333333333333326,1.3333333333333333,-1.3877787807814457e-17,7
2025-09-27 14:10:00+00:00,4,4,-1.914411001266636,0.7500000000000001,-2.664411001266636,0.33333333333333337,1.1666666666666665,0.0,8
2025-09-27 18:10:00+00:00,4,4,26.92664299973558,0.0,26.92664299973558,0.0,1.1666666666666665,0.0,8
2025-09-27 22:10:00+00:00,4,3,-12.851632371609316,0.75,-13.601632371609316,0.3333333333333333,1.0,0.0,8
2025-09-28 02:10:00+00:00,4,2,19.99494823413257,0.75,19.24494823413257,0.3333333333333333,0.6666666666666666,0.0,7
2025-09-28 06:10:00+00:00,4,2,-5.4475740701435,1.5,-6.9475740701435,0.6666666666666666,0.6666666666666666,1.3877787807814457e-17,5
2025-09-28 10:10:00+00:00,4,3,27.94517875072286,0.75,27.19517875072286,0.3333333333333333,1.0,0.0,6
2025-09-28 14:10:00+00:00,4,3,-18.0393438673172,0.875,-18.9143438673172,0.3888888888888889,1.0,0.0,6
2025-09-28 18:10:00+00:00,4,3,-26.08747141662925,0.0,-26.08747141662925,0.0,1.0,0.0,6
2025-09-28 22:10:00+00:00,4,3,49.87096036187034,0.0,49.87096036187034,0.0,1.0,0.0,6
2025-09-29 02:10:00+00:00,4,3,15.754218535614593,0.0,15.754218535614593,0.0,1.0,0.0,6
2025-09-29 06:10:00+00:00,4,3,2.9032015667952744,0.37500000000000006,2.5282015667952744,0.16666666666666669,1.0,-5.551115123125783e-17,6
2025-09-29 10:10:00+00:00,4,3,-24.11952823533087,1.5000000000000002,-25.61952823533087,0.6666666666666667,1.0,0.0,7
2025-09-29 14:10:00+00:00,4,3,-55.261205596427864,1.25,-56.511205596427864,0.5555555555555556,1.0,-1.3877787807814457e-17,7
2025-09-29 18:10:00+00:00,4,4,-13.08146323956961,0.75,-13.83146323956961,0.3333333333333333,1.3333333333333333,0.0,8
2025-09-29 22:10:00+00:00,4,4,-13.296910888133432,0.0,-13.296910888133432,0.0,1.3333333333333333,0.0,8
2025-09-30 02:10:00+00:00,4,4,38.410609888827516,0.0,38.410609888827516,0.0,1.3333333333333333,0.0,8
2025-09-30 06:10:00+00:00,4,3,21.309210811266382,0.75,20.559210811266382,0.3333333333333333,1.0,0.0,6
2025-09-30 10:10:00+00:00,4,2,-24.651839361827527,0.75,-25.401839361827527,0.3333333333333333,0.6666666666666666,0.0,5
2025-09-30 14:10:00+00:00,4,1,-29.38796641622443,0.75,-30.13796641622443,0.3333333333333333,0.3333333333333333,0.0,3
2025-09-30 18:10:00+00:00,4,1,18.533162469847014,1.125,17.408162469847014,0.5,0.3333333333333333,0.0,3
2025-09-30 22:10:00+00:00,4,2,-10.87069904060019,0.7500000000000001,-11.62069904060019,0.33333333333333337,0.6666666666666666,0.0,4
2025-10-01 02:10:00+00:00,4,2,1.7029531440876493,0.0,1.7029531440876493,0.0,0.6666666666666666,0.0,4
2025-10-01 06:10:00+00:00,4,2,31.30641188179999,0.0,31.30641188179999,0.0,0.6666666666666666,0.0,4
2025-10-01 10:10:00+00:00,4,2,20.28538445949798,0.0,20.28538445949798,0.0,0.6666666666666666,0.0,4
2025-10-01 14:10:00+00:00,4,2,-22.651990517337705,0.0,-22.651990517337705,0.0,0.6666666666666666,0.0,4
2025-10-01 18:10:00+00:00,4,1,-6.379405340031271,0.7500000000000001,-7.129405340031271,0.33333333333333337,0.3333333333333333,0.0,3
2025-10-01 22:10:00+00:00,4,0,15.81519077204614,0.75,15.06519077204614,0.3333333333333333,0.0,0.0,0
2025-10-02 02:10:00+00:00,4,0,0.0,0.0,0.0,0.0,0.0,0.0,0
2025-10-02 06:10:00+00:00,4,0,0.0,0.0,0.0,0.0,0.0,0.0,0
2025-10-02 10:10:00+00:00,4,1,0.0,0.75,-0.75,0.3333333333333333,0.3333333333333333,0.0,4
2025-10-02 14:10:00+00:00,4,1,-0.4879138977331614,0.0,-0.4879138977331614,0.0,0.3333333333333333,0.0,4
2025-10-02 18:10:00+00:00,4,2,10.475297470532459,0.7500000000000001,9.725297470532459,0.33333333333333337,0.6666666666666666,-1.3877787807814457e-17,5
2025-10-02 22:10:00+00:00,4,2,6.901187579056719,0.0,6.901187579056719,0.0,0.6666666666666666,-1.3877787807814457e-17,5
2025-10-03 02:10:00+00:00,4,3,-0.8673088515852418,0.75,-1.6173088515852418,0.3333333333333333,1.0,0.0,7
2025-10-03 06:10:00+00:00,4,4,4.21264223988614,0.75,3.46264223988614,0.3333333333333333,1.3333333333333333,-1.3877787807814457e-17,9
2025-10-03 10:10:00+00:00,4,4,-42.26597903282187,1.25,-43.51597903282187,0.5555555555555556,1.3333333333333333,-2.7755575615628914e-17,8
2025-10-03 14:10:00+00:00,4,4,-3.5260161706719213,0.0,-3.5260161706719213,0.0,1.3333333333333333,-2.7755575615628914e-17,8
2025-10-03 18:10:00+00:00,4,3,-63.2932122860141,0.7499999999999998,-64.0432122860141,0.33333333333333326,1.0,0.0,7
2025-10-03 22:10:00+00:00,4,4,9.069873152432143,0.75,8.319873152432143,0.3333333333333333,1.1666666666666667,-1.3877787807814457e-17,8
2025-10-04 02:10:00+00:00,4,3,9.861460083958727,0.75,9.111460083958727,0.3333333333333333,1.0,1.3877787807814457e-17,8
2025-10-04 06:10:00+00:00,4,2,22.830101612198913,0.7500000000000001,22.080101612198913,0.33333333333333337,0.6666666666666666,0.0,8
2025-10-04 10:10:00+00:00,4,1,32.971225857935046,0.75,32.221225857935046,0.3333333333333333,0.3333333333333333,0.0,3
2025-10-04 14:10:00+00:00,4,1,-0.047772255065672065,0.0,-0.047772255065672065,0.0,0.3333333333333333,0.0,3
2025-10-04 18:10:00+00:00,4,1,-8.335386420540457,0.0,-8.335386420540457,0.0,0.3333333333333333,0.0,3
2025-10-04 22:10:00+00:00,4,0,-18.382660389800144,0.75,-19.132660389800144,0.3333333333333333,0.0,0.0,0
2025-10-05 02:10:00+00:00,4,0,0.0,0.0,0.0,0.0,0.0,0.0,0
2025-10-05 06:10:00+00:00,4,0,0.0,0.0,0.0,0.0,0.0,0.0,0
2025-10-05 10:10:00+00:00,4,0,0.0,0.0,0.0,0.0,0.0,0.0,0
2025-10-05 14:10:00+00:00,4,1,0.0,0.75,-0.75,0.3333333333333333,0.3333333333333333,0.0,3
2025-10-05 18:10:00+00:00,4,2,38.95309783290585,0.75,38.20309783290585,0.3333333333333333,0.6666666666666666,0.0,3
2025-10-05 22:10:00+00:00,4,2,11.094161592631341,0.0,11.094161592631341,0.0,0.6666666666666666,0.0,3
2025-10-06 02:10:00+00:00,4,3,58.57276282724804,0.75,57.82276282724804,0.3333333333333333,1.0,0.0,5
2025-10-06 06:10:00+00:00,4,3,-95.39214030599295,0.0,-95.39214030599295,0.0,1.0,0.0,5
2025-10-06 10:10:00+00:00,4,3,34.956966328652896,0.0,34.956966328652896,0.0,1.0,0.0,5
2025-10-06 14:10:00+00:00,4,2,-36.103386710644735,0.75,-36.853386710644735,0.3333333333333333,0.6666666666666666,-1.3877787807814457e-17,5
2025-10-06 18:10:00+00:00,4,1,-0.6720944827035686,0.75,-1.4220944827035686,0.3333333333333333,0.3333333333333333,0.0,3
2025-10-06 22:10:00+00:00,4,2,-22.849226647737858,0.75,-23.599226647737858,0.3333333333333333,0.5555555555555556,0.0,6
2025-10-07 02:10:00+00:00,4,2,-12.858982177354232,1.5,-14.358982177354232,0.6666666666666666,0.6666666666666666,0.0,5
2025-10-07 06:10:00+00:00,4,2,39.13916260814906,0.0,39.13916260814906,0.0,0.6666666666666666,0.0,5
2025-10-07 10:10:00+00:00,4,3,2.1128358690154982,0.75,1.3628358690154982,0.3333333333333333,0.9999999999999999,4.163336342344337e-17,6
2025-10-07 14:10:00+00:00,4,4,-787.0915425194777,0.75,-787.8415425194777,0.3333333333333333,1.3333333333333333,2.7755575615628914e-17,7
2025-10-07 18:10:00+00:00,4,4,272.7057189265512,0.0,272.7057189265512,0.0,1.3333333333333333,2.7755575615628914e-17,7
2025-10-07 22:10:00+00:00,4,3,-173.96359496381046,0.7499999999999998,-174.71359496381046,0.33333333333333326,1.0,2.7755575615628914e-17,6
2025-10-08 02:10:00+00:00,4,3,-159.89802717332944,0.75,-160.64802717332944,0.3333333333333333,0.9999999999999999,1.3877787807814457e-17,7
2025-10-08 06:10:00+00:00,4,4,68.11383450494611,0.7500000000000001,67.36383450494611,0.33333333333333337,1.3333333333333333,0.0,7
2025-10-08 10:10:00+00:00,4,4,-46.88906076592697,1.5,-48.38906076592697,0.6666666666666666,1.2222222222222223,-2.7755575615628914e-17,7
2025-10-08 14:10:00+00:00,4,3,-322.52182032078736,0.7500000000000001,-323.27182032078736,0.33333333333333337,1.0,2.7755575615628914e-17,6
2025-10-08 18:10:00+00:00,4,3,75.2793757465105,0.0,75.2793757465105,0.0,1.0,2.7755575615628914e-17,6
2025-10-08 22:10:00+00:00,4,3,-46.67946273273095,0.0,-46.67946273273095,0.0,1.0,2.7755575615628914e-17,6
2025-10-09 02:10:00+00:00,4,2,-31.50398101229018,0.7500000000000001,-32.25398101229018,0.33333333333333337,0.6666666666666666,0.0,5
2025-10-09 06:10:00+00:00,4,1,27.588401663639267,0.75,26.838401663639267,0.3333333333333333,0.3333333333333333,0.0,5
2025-10-09 10:10:00+00:00,4,0,12.57727668665057,0.75,11.82727668665057,0.3333333333333333,0.0,0.0,0
2025-10-09 14:10:00+00:00,4,1,0.0,0.75,-0.75,0.3333333333333333,0.3333333333333333,0.0,2
2025-10-09 18:10:00+00:00,4,2,-10.225857891486221,0.75,-10.975857891486221,0.3333333333333333,0.6666666666666666,-1.3877787807814457e-17,5
2025-10-09 22:10:00+00:00,4,3,-19.59453500192376,0.75,-20.34453500192376,0.3333333333333333,1.0,-5.551115123125783e-17,5
2025-10-10 02:10:00+00:00,4,3,-32.31017556469727,0.0,-32.31017556469727,0.0,1.0,-5.551115123125783e-17,5
2025-10-10 06:10:00+00:00,4,3,45.33171209314928,0.0,45.33171209314928,0.0,1.0,-5.551115123125783e-17,5
2025-10-10 10:10:00+00:00,4,4,90.92411013699743,0.7499999999999998,90.17411013699743,0.33333333333333326,1.3333333333333333,-5.551115123125783e-17,5
2025-10-10 14:10:00+00:00,4,4,-19.046192959221372,1.5,-20.546192959221372,0.6666666666666666,1.3333333333333333,2.7755575615628914e-17,6
2025-10-10 18:10:00+00:00,4,4,-1294.3026234590714,0.6249999999999998,-1294.9276234590714,0.2777777777777777,1.3333333333333333,2.7755575615628914e-17,5
2025-10-10 22:10:00+00:00,4,4,1133.9635044630381,0.7500000000000001,1133.2135044630381,0.33333333333333337,1.3333333333333333,-2.7755575615628914e-17,5
2025-10-11 02:10:00+00:00,4,5,273.92159290470744,0.7499999999999998,273.17159290470744,0.33333333333333326,1.5,-1.3877787807814457e-17,5
2025-10-11 06:10:00+00:00,4,6,276.96506424223156,0.75,276.21506424223156,0.3333333333333333,1.3333333333333333,-2.7755575615628914e-17,5
2025-10-11 10:10:00+00:00,4,6,-297.8784099672489,1.4999999999999996,-299.3784099672489,0.6666666666666665,1.3333333333333333,-8.326672684688674e-17,5
2025-10-11 14:10:00+00:00,4,6,16.757246884453632,1.25,15.507246884453632,0.5555555555555556,1.6666666666666667,2.7755575615628914e-17,7
2025-10-11 18:10:00+00:00,4,6,-142.09148153034357,1.1249999999999998,-143.21648153034357,0.4999999999999999,2.0,5.551115123125783e-17,7
2025-10-11 22:10:00+00:00,4,6,-78.61815835978165,1.125,-79.74315835978165,0.5,2.0,-2.7755575615628914e-17,7
2025-10-12 02:10:00+00:00,4,6,86.0679587842768,0.3749999999999999,85.6929587842768,0.16666666666666663,2.0,-1.3877787807814457e-17,7
2025-10-12 06:10:00+00:00,4,5,537.3759644495605,0.7500000000000001,536.6259644495605,0.33333333333333337,1.6666666666666665,-1.249000902703301e-16,7
2025-10-12 10:10:00+00:00,4,5,128.16995906606493,1.0,127.16995906606493,0.4444444444444445,1.6666666666666665,-1.249000902703301e-16,8
2025-10-12 14:10:00+00:00,4,5,36.54596611219634,0.7500000000000003,35.79596611219634,0.3333333333333335,1.6666666666666667,1.5265566588595902e-16,7
2025-10-12 18:10:00+00:00,4,5,156.97571516180238,0.5000000000000002,156.47571516180238,0.22222222222222232,1.6666666666666665,2.7755575615628914e-17,6
2025-10-12 22:10:00+00:00,4,5,153.8958345918927,1.125,152.7708345918927,0.5,1.6666666666666665,6.938893903907228e-17,8
2025-10-13 02:10:00+00:00,4,4,106.09883513815993,0.7500000000000001,105.34883513815993,0.33333333333333337,1.3333333333333333,-2.7755575615628914e-17,7
2025-10-13 06:10:00+00:00,4,5,-83.82003329631563,0.75,-84.57003329631563,0.3333333333333333,1.6666666666666665,-2.7755575615628914e-17,9
2025-10-13 10:10:00+00:00,4,5,-72.60594749474652,1.4999999999999996,-74.10594749474652,0.6666666666666665,1.6666666666666665,0.0,10
2025-10-13 14:10:00+00:00,4,5,-11.066139808979322,1.5,-12.566139808979322,0.6666666666666666,1.6666666666666665,0.0,9
2025-10-13 18:10:00+00:00,4,5,26.229229458336587,0.75,25.479229458336587,0.3333333333333333,1.6666666666666665,1.3877787807814457e-17,7
2025-10-13 22:10:00+00:00,4,4,40.91039154240006,0.7500000000000001,40.16039154240006,0.33333333333333337,1.3333333333333333,2.7755575615628914e-17,7
2025-10-14 02:10:00+00:00,4,5,-75.82324645117926,0.7500000000000001,-76.57324645117926,0.33333333333333337,1.6666666666666665,1.3877787807814457e-17,9
2025-10-14 06:10:00+00:00,4,5,63.72206155178761,1.125,62.59706155178761,0.5,1.6666666666666665,-1.3877787807814457e-17,9
2025-10-14 10:10:00+00:00,4,5,63.54445909844074,1.1249999999999998,62.41945909844074,0.49999999999999994,1.6666666666666665,0.0,8
2025-10-14 14:10:00+00:00,4,5,-20.8925776559049,1.125,-22.0175776559049,0.5,1.6666666666666665,0.0,6
2025-10-14 18:10:00+00:00,4,4,-33.24059412369838,0.7500000000000001,-33.99059412369838,0.33333333333333337,1.3333333333333333,1.3877787807814457e-17,5
2025-10-14 22:10:00+00:00,4,5,-20.33636484771287,0.7499999999999998,-21.08636484771287,0.33333333333333326,1.6666666666666665,-1.3877787807814457e-17,6
2025-10-15 02:10:00+00:00,4,5,-119.42261534097014,1.0,-120.42261534097014,0.4444444444444444,1.6666666666666665,0.0,8
2025-10-15 06:10:00+00:00,4,5,-30.0211895157816,0.7500000000000002,-30.7711895157816,0.3333333333333334,1.6666666666666667,8.326672684688674e-17,7
2025-10-15 10:10:00+00:00,4,5,-34.46919582364446,1.5000000000000002,-35.96919582364446,0.6666666666666667,1.6666666666666665,1.3877787807814457e-17,7
2025-10-15 14:10:00+00:00,4,5,66.78098605913326,1.5,65.28098605913326,0.6666666666666666,1.6666666666666665,5.551115123125783e-17,8
2025-10-15 18:10:00+00:00,4,6,81.597631517624,0.75,80.847631517624,0.3333333333333333,1.8333333333333333,8.326672684688674e-17,9
2025-10-15 22:10:00+00:00,4,6,-13.11589269543585,1.5,-14.61589269543585,0.6666666666666666,2.0,8.326672684688674e-17,9
2025-10-16 02:10:00+00:00,4,6,-21.504528291361225,1.25,-22.754528291361225,0.5555555555555556,1.9999999999999998,6.938893903907228e-17,9
2025-10-16 06:10:00+00:00,4,6,-71.86340427450773,0.7500000000000002,-72.61340427450773,0.3333333333333334,2.0,-6.938893903907228e-17,7
2025-10-16 10:10:00+00:00,4,6,113.1849591913045,0.37500000000000006,112.8099591913045,0.16666666666666669,2.0,-1.3877787807814457e-17,7
2025-10-16 14:10:00+00:00,4,6,-39.206126453830294,1.125,-40.331126453830294,0.5,1.9999999999999998,2.7755575615628914e-17,7
2025-10-16 18:10:00+00:00,4,6,20.883194896094864,0.75,20.133194896094864,0.3333333333333333,1.9999999999999998,4.163336342344337e-17,7
2025-10-16 22:10:00+00:00,4,6,37.675287254436284,0.75,36.925287254436284,0.3333333333333333,1.9999999999999998,4.163336342344337e-17,8
2025-10-17 02:10:00+00:00,4,6,-86.83973882686078,1.2499999999999998,-88.08973882686078,0.5555555555555555,1.9999999999999998,0.0,8
2025-10-17 06:10:00+00:00,4,6,-17.949305479278728,0.5000000000000001,-18.449305479278728,0.22222222222222227,2.0,1.3877787807814457e-17,9
2025-10-17 10:10:00+00:00,4,6,2.3998557777709735,1.1250000000000002,1.2748557777709733,0.5000000000000001,2.0,4.163336342344337e-17,10
2025-10-17 14:10:00+00:00,4,5,-14.16672052741994,0.7499999999999998,-14.91672052741994,0.33333333333333326,1.6666666666666667,-1.3877787807814457e-17,8
2025-10-17 18:10:00+00:00,4,5,91.59466541409242,1.125,90.46966541409242,0.5,1.6666666666666667,0.0,8
2025-10-17 22:10:00+00:00,4,5,-12.8683822234851,1.125,-13.9933822234851,0.5,1.5,4.163336342344337e-17,7
2025-10-18 02:10:00+00:00,4,4,-46.62475796853084,0.7499999999999998,-47.37475796853084,0.33333333333333326,1.1666666666666667,-5.551115123125783e-17,6
2025-10-18 06:10:00+00:00,4,3,-84.24940018396441,0.7500000000000001,-84.99940018396441,0.33333333333333337,0.8333333333333333,0.0,5
2025-10-18 10:10:00+00:00,4,3,8.592137490142845,1.1249999999999998,7.467137490142845,0.49999999999999994,1.0,1.3877787807814457e-17,5
2025-10-18 14:10:00+00:00,4,3,-10.27440096920139,0.0,-10.27440096920139,0.0,1.0,1.3877787807814457e-17,5
2025-10-18 18:10:00+00:00,4,3,4.182964858221582,1.5000000000000002,2.682964858221582,0.6666666666666667,1.0,0.0,7
2025-10-18 22:10:00+00:00,4,3,-2.66950503805805,1.1249999999999998,-3.79450503805805,0.49999999999999994,1.0,-2.7755575615628914e-17,6
2025-10-19 02:10:00+00:00,4,4,-9.079583229389145,0.7499999999999998,-9.829583229389145,0.33333333333333326,1.3333333333333333,-4.163336342344337e-17,6
2025-10-19 06:10:00+00:00,4,5,-49.64667834042926,0.7500000000000001,-50.39667834042926,0.33333333333333337,1.6666666666666665,-2.7755575615628914e-17,6
2025-10-19 10:10:00+00:00,4,4,-122.0479843581578,0.7499999999999998,-122.7979843581578,0.33333333333333326,1.3333333333333333,-1.3877787807814457e-17,5
2025-10-19 14:10:00+00:00,4,4,78.95514880543179,0.0,78.95514880543179,0.0,1.3333333333333333,-1.3877787807814457e-17,5
2025-10-19 18:10:00+00:00,4,3,16.08433373741079,0.75,15.334333737410791,0.3333333333333333,1.0,-2.7755575615628914e-17,4
2025-10-19 22:10:00+00:00,4,3,36.06038111001243,1.125,34.93538111001243,0.5,1.0,0.0,4
2025-10-20 02:10:00+00:00,4,3,27.38363056466534,1.1249999999999998,26.25863056466534,0.49999999999999994,0.9999999999999999,0.0,4
2025-10-20 06:10:00+00:00,4,3,189.02997389423527,0.37500000000000006,188.65497389423527,0.16666666666666669,1.0,-4.163336342344337e-17,3
2025-10-20 10:10:00+00:00,4,4,-6.73907707147209,0.7500000000000001,-7.48907707147209,0.33333333333333337,1.3333333333333333,-8.326672684688674e-17,6
2025-10-20 14:10:00+00:00,4,5,91.47604512052642,0.7500000000000001,90.72604512052642,0.33333333333333337,1.6666666666666667,-1.249000902703301e-16,7
2025-10-20 18:10:00+00:00,4,6,14.852637428843233,0.7500000000000001,14.102637428843233,0.33333333333333337,2.0,-1.942890293094024e-16,7
2025-10-20 22:10:00+00:00,4,6,58.75829229685313,1.1250000000000002,57.63329229685313,0.5000000000000001,2.0,1.3877787807814457e-17,7
2025-10-21 02:10:00+00:00,4,6,-7.221402316421226,1.1249999999999998,-8.346402316421226,0.49999999999999994,1.9999999999999998,5.551115123125783e-17,7
2025-10-21 06:10:00+00:00,4,6,66.16587446875958,1.1249999999999998,65.04087446875958,0.49999999999999994,1.9999999999999998,1.3877787807814457e-17,7
2025-10-21 10:10:00+00:00,4,6,-10.319353824965237,0.75,-11.069353824965237,0.3333333333333333,1.9999999999999998,0.0,8
2025-10-21 14:10:00+00:00,4,6,-7.04625195357786,1.1249999999999998,-8.17125195357786,0.4999999999999999,1.8333333333333333,6.938893903907228e-17,8
2025-10-21 18:10:00+00:00,4,5,83.49385870040037,0.75,82.74385870040037,0.3333333333333333,1.6666666666666665,0.0,8
2025-10-21 22:10:00+00:00,4,5,45.53734953023245,1.1249999999999998,44.41234953023245,0.49999999999999994,1.6666666666666665,0.0,8
2025-10-22 02:10:00+00:00,4,5,-34.91509526078397,1.125,-36.04009526078397,0.5,1.6666666666666665,0.0,11
2025-10-22 06:10:00+00:00,4,4,26.042208732896274,0.75,25.292208732896274,0.3333333333333333,1.3333333333333333,-1.3877787807814457e-17,9
2025-10-22 10:10:00+00:00,4,3,-14.729139689158288,0.7499999999999998,-15.479139689158288,0.33333333333333326,1.0,0.0,8
2025-10-22 14:10:00+00:00,4,2,-21.781949746664836,0.7500000000000001,-22.531949746664836,0.33333333333333337,0.6666666666666666,0.0,6
2025-10-22 18:10:00+00:00,4,2,-18.049508407491796,0.0,-18.049508407491796,0.0,0.6666666666666666,0.0,6
2025-10-22 22:10:00+00:00,4,1,24.635899941663254,0.75,23.885899941663254,0.3333333333333333,0.3333333333333333,0.0,4
2025-10-23 02:10:00+00:00,4,1,4.455545050899023,1.125,3.3305450508990226,0.5,0.3333333333333333,0.0,3
2025-10-23 06:10:00+00:00,4,2,16.26497263365272,0.7500000000000001,15.514972633652722,0.33333333333333337,0.6666666666666666,0.0,4
2025-10-23 10:10:00+00:00,4,3,54.474103443678445,0.7499999999999998,53.724103443678445,0.33333333333333326,1.0,0.0,5
2025-10-23 14:10:00+00:00,4,3,-35.42328572221544,0.0,-35.42328572221544,0.0,1.0,0.0,5
2025-10-23 18:10:00+00:00,4,3,-43.84993077477937,0.0,-43.84993077477937,0.0,1.0,0.0,5
2025-10-23 22:10:00+00:00,4,4,-13.27292454716735,0.75,-14.02292454716735,0.3333333333333333,1.3333333333333333,0.0,6
2025-10-24 02:10:00+00:00,4,4,9.53213258169762,1.1249999999999998,8.40713258169762,0.49999999999999994,1.3333333333333333,1.3877787807814457e-17,7
2025-10-24 06:10:00+00:00,4,4,42.885698073904635,1.125,41.760698073904635,0.5,1.3333333333333333,2.7755575615628914e-17,7
2025-10-24 10:10:00+00:00,4,4,58.31167237128561,1.1249999999999998,57.18667237128561,0.49999999999999994,1.3333333333333333,4.163336342344337e-17,6
2025-10-24 14:10:00+00:00,4,5,11.50060280506965,0.7500000000000001,10.75060280506965,0.33333333333333337,1.6666666666666665,0.0,7
2025-10-24 18:10:00+00:00,4,6,72.29963784814649,0.7499999999999998,71.54963784814649,0.33333333333333326,2.0,0.0,7
2025-10-24 22:10:00+00:00,4,6,93.92775952989675,1.1249999999999998,92.80275952989675,0.49999999999999994,1.9999999999999998,5.551115123125783e-17,8
2025-10-25 02:10:00+00:00,4,6,-83.68641143174054,1.1250000000000002,-84.81141143174054,0.5000000000000001,2.0,-4.163336342344337e-17,7
2025-10-25 06:10:00+00:00,4,6,-137.3506152432515,1.0,-138.3506152432515,0.4444444444444444,1.8888888888888888,0.0,8
2025-10-25 10:10:00+00:00,4,6,-9.190256681568808,1.25,-10.440256681568808,0.5555555555555556,1.8888888888888888,5.551115123125783e-17,9
2025-10-25 14:10:00+00:00,4,6,-168.7516161407472,1.0000000000000002,-169.7516161407472,0.4444444444444446,2.0,-6.938893903907228e-17,9
2025-10-25 18:10:00+00:00,4,6,33.78051694735658,1.125,32.65551694735658,0.5,2.0,-2.7755575615628914e-17,9
2025-10-25 22:10:00+00:00,4,6,-26.446253203859364,1.25,-27.696253203859364,0.5555555555555556,1.722222222222222,2.7755575615628914e-17,8
2025-10-26 02:10:00+00:00,4,6,-33.96693537672221,1.0,-34.96693537672221,0.4444444444444444,1.6666666666666665,2.7755575615628914e-17,7
2025-10-26 06:10:00+00:00,4,6,76.00003317825286,1.0000000000000004,75.00003317825286,0.44444444444444464,1.8888888888888888,-2.0816681711721685e-16,7
2025-10-26 10:10:00+00:00,4,6,-0.507681764766069,1.0,-1.507681764766069,0.4444444444444444,2.0,-1.5265566588595902e-16,7
2025-10-26 14:10:00+00:00,4,6,798.8643036297095,0.5000000000000003,798.3643036297095,0.22222222222222238,2.0,-5.551115123125783e-17,8
2025-10-26 18:10:00+00:00,4,6,-72.65178471784165,0.7500000000000001,-73.40178471784165,0.33333333333333337,2.0,1.249000902703301e-16,7
2025-10-26 22:10:00+00:00,4,6,103.94528154509979,1.2499999999999998,102.69528154509979,0.5555555555555555,2.0,0.0,7
2025-10-27 02:10:00+00:00,4,6,9.385775914361425,0.8750000000000001,8.510775914361425,0.38888888888888895,1.9999999999999998,6.938893903907228e-17,8
2025-10-27 06:10:00+00:00,4,5,-122.29528483025742,0.7500000000000001,-123.04528483025742,0.33333333333333337,1.6666666666666665,-1.3877787807814457e-17,8
2025-10-27 10:10:00+00:00,4,5,-141.75886595212972,0.875,-142.63386595212972,0.3888888888888889,1.6666666666666665,0.0,8
2025-10-27 14:10:00+00:00,4,5,71.74857657432452,1.5,70.24857657432452,0.6666666666666666,1.5555555555555554,4.163336342344337e-17,9
2025-10-27 18:10:00+00:00,4,5,-96.04733586966634,1.125,-97.17233586966634,0.5,1.3888888888888888,5.551115123125783e-17,7
2025-10-27 22:10:00+00:00,4,5,-37.52906683262768,1.1249999999999998,-38.65406683262768,0.49999999999999994,1.4999999999999998,1.3877787807814457e-17,8
2025-10-28 02:10:00+00:00,4,5,-7.212459139068929,0.625,-7.837459139068929,0.2777777777777778,1.5555555555555556,2.7755575615628914e-17,8
2025-10-28 06:10:00+00:00,4,5,-98.711301831382,0.0,-98.711301831382,0.0,1.5555555555555556,2.7755575615628914e-17,8
2025-10-28 10:10:00+00:00,4,4,32.811002020610815,0.75,32.061002020610815,0.3333333333333333,1.222222222222222,1.3877787807814457e-17,7
2025-10-28 14:10:00+00:00,4,3,-50.49280062760756,0.7499999999999998,-51.24280062760756,0.33333333333333326,0.8888888888888888,2.7755575615628914e-17,6
2025-10-28 18:10:00+00:00,4,3,40.41337177293609,1.1249999999999998,39.28837177293609,0.4999999999999999,0.9999999999999999,-2.7755575615628914e-17,6
2025-10-28 22:10:00+00:00,4,3,25.045800353878143,0.75,24.295800353878143,0.3333333333333333,1.0,-1.3877787807814457e-17,6
2025-10-29 02:10:00+00:00,4,3,1.2357413316183967,1.0,0.23574133161839672,0.4444444444444444,1.0,-1.3877787807814457e-17,5
2025-10-29 06:10:00+00:00,4,4,19.59614374416016,0.75,18.84614374416016,0.3333333333333333,1.3333333333333333,-1.3877787807814457e-17,7
2025-10-29 10:10:00+00:00,4,5,35.01470486973691,0.7499999999999998,34.26470486973691,0.33333333333333326,1.6666666666666665,-4.163336342344337e-17,8
2025-10-29 14:10:00+00:00,4,5,12.87116567525452,0.0,12.87116567525452,0.0,1.6666666666666665,-4.163336342344337e-17,8
2025-10-29 18:10:00+00:00,4,5,-116.11028489107858,0.75,-116.86028489107858,0.3333333333333333,1.6666666666666665,1.3877787807814457e-17,8
2025-10-29 22:10:00+00:00,4,5,-35.48693413926654,0.37500000000000006,-35.86193413926654,0.16666666666666669,1.5,-2.7755575615628914e-17,8
2025-10-30 02:10:00+00:00,4,5,38.790344236486476,0.75,38.040344236486476,0.3333333333333333,1.6666666666666665,-1.3877787807814457e-17,8
2025-10-30 06:10:00+00:00,4,5,-19.17669873710381,1.0,-20.17669873710381,0.4444444444444444,1.5555555555555556,1.3877787807814457e-17,7
2025-10-30 10:10:00+00:00,4,5,-99.2658176985831,0.7500000000000001,-100.0158176985831,0.33333333333333337,1.6666666666666665,2.7755575615628914e-17,7
2025-10-30 14:10:00+00:00,4,6,-59.33283166534332,0.7499999999999998,-60.08283166534332,0.33333333333333326,1.9999999999999998,2.7755575615628914e-17,7
2025-10-30 18:10:00+00:00,4,6,35.77342958442879,1.5,34.27342958442879,0.6666666666666666,2.0,4.163336342344337e-17,8
2025-10-30 22:10:00+00:00,4,6,-13.633436632466289,0.7499999999999998,-14.383436632466289,0.33333333333333326,1.8333333333333333,4.163336342344337e-17,8
2025-10-31 02:10:00+00:00,4,6,-187.77565995700945,1.5,-189.27565995700945,0.6666666666666666,1.5555555555555554,-1.3877787807814457e-17,8
2025-10-31 06:10:00+00:00,4,5,-40.35932865965745,0.75,-41.10932865965745,0.3333333333333333,1.3333333333333333,4.163336342344337e-17,7
2025-10-31 10:10:00+00:00,4,5,-289.18697579437065,1.125,-290.31197579437065,0.5,1.5,5.551115123125783e-17,7
2025-10-31 14:10:00+00:00,4,4,-226.99870582420428,0.7500000000000001,-227.74870582420428,0.33333333333333337,1.3333333333333333,0.0,6
2025-10-31 18:10:00+00:00,4,4,136.39940440321266,1.1249999999999998,135.27440440321266,0.49999999999999994,1.0,-1.3877787807814457e-17,6
2025-10-31 22:10:00+00:00,4,4,-52.12833561249488,1.5,-53.62833561249488,0.6666666666666666,1.0,4.163336342344337e-17,6
2025-11-01 02:10:00+00:00,4,4,-63.93313555419631,1.125,-65.05813555419631,0.5,1.0,-1.3877787807814457e-17,6
2025-11-01 06:10:00+00:00,4,5,24.398734699843725,0.75,23.648734699843725,0.3333333333333333,1.3333333333333333,-2.7755575615628914e-17,6
2025-11-01 10:10:00+00:00,4,5,17.38151773749229,1.1249999999999998,16.25651773749229,0.49999999999999994,1.5,-5.551115123125783e-17,5
2025-11-01 14:10:00+00:00,4,6,23.31035867358172,0.7499999999999998,22.56035867358172,0.33333333333333326,1.6666666666666665,-5.551115123125783e-17,5
2025-11-01 18:10:00+00:00,4,5,3.5853710143822255,0.75,2.8353710143822255,0.3333333333333333,1.3333333333333333,-1.3877787807814457e-17,5
2025-11-01 22:10:00+00:00,4,5,53.33613211516122,1.1249999999999998,52.21113211516122,0.49999999999999994,1.1666666666666667,-4.163336342344337e-17,5
2025-11-02 02:10:00+00:00,4,5,-30.568581746340215,0.7500000000000001,-31.318581746340215,0.33333333333333337,1.1666666666666665,5.551115123125783e-17,6
2025-11-02 06:10:00+00:00,4,5,-10.556551823923613,1.5,-12.056551823923613,0.6666666666666666,1.3333333333333333,1.3877787807814457e-17,6
2025-11-02 10:10:00+00:00,4,5,-48.35801633945563,1.5,-49.85801633945563,0.6666666666666666,1.6666666666666665,-4.163336342344337e-17,7
2025-11-02 14:10:00+00:00,4,5,-18.49893087617963,0.7499999999999998,-19.24893087617963,0.33333333333333326,1.6666666666666665,-1.3877787807814457e-17,7
2025-11-02 18:10:00+00:00,4,6,119.22462474313596,0.7499999999999998,118.47462474313596,0.33333333333333326,1.9999999999999998,-1.3877787807814457e-17,7
2025-11-02 22:10:00+00:00,4,5,-26.504640665042896,0.75,-27.254640665042896,0.3333333333333333,1.6666666666666665,1.3877787807814457e-17,7
2025-11-03 02:10:00+00:00,4,5,55.5364975915037,1.2499999999999998,54.2864975915037,0.5555555555555555,1.3888888888888888,-1.3877787807814457e-17,7
2025-11-03 06:10:00+00:00,4,5,42.56927668501872,1.5,41.06927668501872,0.6666666666666666,1.3888888888888888,-8.326672684688674e-17,7
2025-11-03 10:10:00+00:00,4,5,-54.9548700964166,0.625,-55.5798700964166,0.2777777777777778,1.2777777777777777,0.0,7
2025-11-03 14:10:00+00:00,4,5,-52.0768893597331,1.125,-53.2018893597331,0.5,1.2777777777777777,-2.7755575615628914e-17,6
2025-11-03 18:10:00+00:00,4,4,-1.6129083906662576,0.7499999999999998,-2.3629083906662576,0.33333333333333326,0.9444444444444444,4.163336342344337e-17,5
2025-11-03 22:10:00+00:00,4,5,28.518182372350267,0.7499999999999998,27.768182372350267,0.33333333333333326,1.2777777777777777,4.163336342344337e-17,6
2025-11-04 02:10:00+00:00,4,5,-39.02931371153058,0.25,-39.27931371153058,0.11111111111111112,1.3888888888888886,2.7755575615628914e-17,6
2025-11-04 06:10:00+00:00,4,5,41.68069142265568,0.7499999999999998,40.93069142265568,0.33333333333333326,1.222222222222222,9.71445146547012e-17,6
2025-11-04 10:10:00+00:00,4,5,-45.405504780730354,0.8749999999999999,-46.280504780730354,0.38888888888888884,1.4999999999999998,1.3877787807814457e-17,6
2025-11-04 14:10:00+00:00,4,5,130.4339457086202,1.0,129.4339457086202,0.4444444444444444,1.4999999999999998,-6.938893903907228e-17,7
2025-11-04 18:10:00+00:00,4,6,-111.74959033493951,0.75,-112.49959033493951,0.3333333333333333,1.833333333333333,-9.71445146547012e-17,7
2025-11-04 22:10:00+00:00,4,6,-75.0761523127978,0.5,-75.5761523127978,0.2222222222222222,1.8333333333333333,5.551115123125783e-17,8
2025-11-05 02:10:00+00:00,4,6,18.580286576748247,0.8750000000000002,17.705286576748247,0.388888888888889,1.722222222222222,-5.551115123125783e-17,8
2025-11-05 06:10:00+00:00,4,5,-59.740864481280994,0.7499999999999998,-60.490864481280994,0.33333333333333326,1.5555555555555556,-8.326672684688674e-17,8
2025-11-05 10:10:00+00:00,4,4,-3.615300859488258,0.75,-4.365300859488258,0.3333333333333333,1.2222222222222223,-2.7755575615628914e-17,8
2025-11-05 14:10:00+00:00,4,4,-2.6509898802947696,0.8749999999999999,-3.5259898802947696,0.38888888888888884,0.8888888888888888,-5.551115123125783e-17,7
2025-11-05 18:10:00+00:00,4,3,-11.358487786926702,0.7500000000000001,-12.108487786926702,0.33333333333333337,0.5555555555555556,-2.7755575615628914e-17,7
2025-11-05 22:10:00+00:00,4,2,-12.409233249369585,0.7500000000000001,-13.159233249369585,0.33333333333333337,0.2777777777777778,0.0,6
2025-11-06 02:10:00+00:00,4,1,2.7151944142572075,0.75,1.9651944142572075,0.3333333333333333,0.3333333333333333,0.0,4
2025-11-06 06:10:00+00:00,4,1,-3.6148859215378213,0.0,-3.6148859215378213,0.0,0.3333333333333333,0.0,4
2025-11-06 10:10:00+00:00,4,1,4.819927781145944,0.0,4.819927781145944,0.0,0.3333333333333333,0.0,4
2025-11-06 14:10:00+00:00,4,0,-23.400055728700906,0.75,-24.150055728700906,0.3333333333333333,0.0,0.0,0
2025-11-06 18:10:00+00:00,4,0,0.0,0.0,0.0,0.0,0.0,0.0,0
2025-11-06 22:10:00+00:00,4,1,0.0,0.75,-0.75,0.3333333333333333,0.3333333333333333,0.0,4
2025-11-07 02:10:00+00:00,4,2,-106.57886797599103,0.75,-107.32886797599103,0.3333333333333333,0.6666666666666666,0.0,4
2025-11-07 06:10:00+00:00,4,3,-110.24873720728088,0.7500000000000001,-110.99873720728088,0.33333333333333337,1.0,2.7755575615628914e-17,6
2025-11-07 10:10:00+00:00,4,4,-111.70626403702464,0.7499999999999998,-112.45626403702464,0.33333333333333326,1.3333333333333333,0.0,6
