era,feature,label,n_cyc,med_n_sym,block_days,ic_raw,t_raw,ic_pred_orth,t_pred_orth,ic_v0_orth,t_v0_orth
rec,ret_12h,h4,1601,167,1,-0.04306622168015088,-12.515889490069897,-0.04012011136850983,-12.021280913878796,0.013648879895789822,6.342301402344621
rec,ret_24h,h4,1601,167,1,-0.04472786562292229,-12.276897306658041,-0.04079950022595037,-11.679758456784601,0.021065974906116655,9.498573648097961
rec,ret_36h,h4,1601,167,1,-0.037146207480646884,-10.469520835369595,-0.03342609048498015,-9.891582361942751,0.0028400973438644428,1.1363564728396458
rec,ret_3d_c,h4,1601,167,1,-0.030263060634644044,-8.375320072590643,-0.026828889836847464,-7.7643895687276,0.002779536772318968,0.8983534844999913
rec,ret_5d,h4,1601,167,1,-0.025192357244969578,-7.1483103860154085,-0.02222321421209978,-6.622407384783682,0.00407093045058627,1.6845738758588527
rec,ret_7d,h4,1601,167,1,-0.023272823823527772,-6.620165091972608,-0.020777059838354123,-6.161628932380936,0.00422606462907539,1.682726475398526
rec,ret_12h,h12,1597,167,1,-0.048442755103393326,-10.900760735566752,-0.04473682860948756,-10.345424419193106,0.007027225991863148,2.9156920901527568
rec,ret_24h,h12,1597,167,1,-0.05324328880130858,-10.314542107426572,-0.048040749100660037,-9.779862951361402,0.012619512787117359,5.836775666525634
rec,ret_36h,h12,1597,167,1,-0.0411316182352966,-7.942681545682481,-0.03616287591567671,-7.3786118769005515,0.00224535448769295,0.7260656658724305
rec,ret_3d_c,h12,1597,167,1,-0.03381367158395376,-6.0825864562188565,-0.029326417632597166,-5.488580839399864,0.011385478723168118,3.6554524089212053
rec,ret_5d,h12,1597,167,1,-0.029100495347431334,-5.432925311408204,-0.025426958987160093,-4.947606587383619,0.0037403764870532195,1.0828369983779624
rec,ret_7d,h12,1597,167,1,-0.028040242506573675,-5.1593331065407835,-0.024988449048866754,-4.7810962033103745,0.005331070491214974,1.4100424014421293
rec,ret_12h,h24,1591,167,1,-0.04672229905299062,-9.128576362355128,-0.042376552585200816,-8.612154522711316,-0.0006278019272886057,-0.2651239757811699
rec,ret_24h,h24,1591,167,1,-0.042574261318617704,-7.069905402778773,-0.03676404150059814,-6.462792790130171,0.010566454343125574,4.9313439723659185
rec,ret_36h,h24,1591,167,1,-0.036915867311409924,-5.937679361117188,-0.031286619048733665,-5.322402713918838,-0.0022195560636101785,-0.6700069964018593
rec,ret_3d_c,h24,1591,167,1,-0.029517605106052145,-4.321492315984798,-0.024279735284466433,-3.6897959214719105,0.009221959489322992,2.8007437007452105
rec,ret_5d,h24,1591,167,1,-0.024901139590085438,-3.6394038223706566,-0.020812026664607398,-3.1549932638888296,0.006034786015822081,1.3777276619355994
rec,ret_7d,h24,1591,167,1,-0.025307709978571576,-3.6978362989686717,-0.021841241959051447,-3.311766566920709,0.008068019603014245,1.7556827492618223
rec,ret_12h,h48,1579,167,2,-0.027925327436352274,-5.594204661929465,-0.023276362478341216,-5.011557875973099,-0.0005728639088475433,-0.24389859986544746
rec,ret_24h,h48,1579,167,2,-0.02879707118039824,-4.6152110379813935,-0.023040194909138268,-3.954547570461863,0.006532994372213073,3.021658153899301
rec,ret_36h,h48,1579,167,2,-0.022858769713210315,-3.2368187186480646,-0.017234893644071516,-2.583822746225485,0.0014574223852257195,0.4488765166133111
rec,ret_3d_c,h48,1579,167,2,-0.016268666348585897,-1.8757963548578291,-0.011799457724755298,-1.4114955168882415,0.003164091601585375,1.0141981659786594
rec,ret_5d,h48,1579,167,2,-0.012811402045301555,-1.3748872959297878,-0.009338161776760612,-1.0383390529712555,0.006736623377303246,1.1077523420933775
rec,ret_7d,h48,1579,167,2,-0.018262169474626267,-1.9700691410344309,-0.015282656488516826,-1.7006144720291616,0.006250832560991101,0.9446187118885969
rec,ret_12h,h72,1567,167,3,-0.020113979343695524,-4.006316224157863,-0.015289745418763085,-3.196876098221904,-0.0017185897197267638,-0.8369790328609025
rec,ret_24h,h72,1567,167,3,-0.01840597167580057,-2.6434847209571752,-0.01250040564830402,-1.8873505864357143,0.005000038916765065,2.6251234610598817
rec,ret_36h,h72,1567,167,3,-0.01469844589331087,-1.747514244457924,-0.008972683901424552,-1.101563478540411,0.003942786642512786,1.1410540515144219
rec,ret_3d_c,h72,1567,167,3,-0.009986312865869564,-1.0547382324016155,-0.005407681623835551,-0.5862478019998577,0.005423726047814603,1.9327947599276423
rec,ret_5d,h72,1567,167,3,-0.008586174640130567,-0.7810814270275627,-0.0051656605957152105,-0.48184061554841934,0.004831833851243802,0.711771917332268
rec,ret_7d,h72,1567,167,3,-0.01548059319588371,-1.4156094325160227,-0.012319072735276757,-1.1528165883620611,0.002866066297957797,0.3786248878805776
rec,ret_12h,m48,1579,167,2,0.007345314312131634,1.493218260267386,0.010664182592948861,2.2853161068447942,0.000275678622554878,0.11768843192114573
rec,ret_24h,m48,1579,167,2,0.0013730547133131285,0.2277873559469304,0.0051007980585586745,0.8885108893018648,0.001628112171617489,0.7440654330969542
rec,ret_36h,m48,1579,167,2,0.0033980411760148347,0.5333152804354805,0.007106604397955046,1.1622900618099574,0.004816238263233022,1.5208190350776487
rec,ret_3d_c,m48,1579,167,2,0.003211356431825147,0.44030280564145086,0.005613795954739068,0.7897275305854241,-0.00329811574738621,-1.1301913419596812
rec,ret_5d,m48,1579,167,2,0.0018694968397920452,0.23728786716964811,0.003742680809391022,0.48630830700840444,0.0043846187762828295,0.9256616535068333
rec,ret_7d,m48,1579,167,2,-0.005263697440988714,-0.6705296935551925,-0.003621231137228122,-0.46853849495028244,0.0026303370544337873,0.518645283111492
rec,ret_12h,m72,1567,167,3,0.0076133401179351605,1.4384127605649013,0.011156747069191604,2.178838198429729,-0.0008163171897651417,-0.40896987329157386
rec,ret_24h,m72,1567,167,3,0.0067169637085644105,0.8889750776786634,0.010807034570272154,1.4622444475725187,0.0010981339716148275,0.5987639778806053
rec,ret_36h,m72,1567,167,3,0.006512961823304705,0.7418220686728604,0.01048560026533144,1.211033217882396,0.006222200314330879,1.667475869607267
rec,ret_3d_c,m72,1567,167,3,0.006230725295492986,0.6688711070127998,0.009047812569546735,0.9916377095957613,0.001466441622595618,0.5101336484180854
rec,ret_5d,m72,1567,167,3,0.004759064263330238,0.4847586325783673,0.007066293758754942,0.7320232968232107,0.0036671850250167724,0.6380252046246703
rec,ret_7d,m72,1567,167,3,-0.005087418339236504,-0.5126192996296199,-0.002797375382597302,-0.2873063001025391,-0.0010396404506948665,-0.16240015060742194
rec,ret_12h,r4,1601,167,1,-0.04544842413876697,-11.98525773865855,-0.042521924297676476,-11.576342225551906,0.012800390039310081,5.981140610061733
rec,ret_24h,r4,1601,167,1,-0.04654907429487656,-12.253053456922792,-0.042817731813602426,-11.614765876022965,0.021114153383319106,9.585597587047458
rec,ret_36h,r4,1601,167,1,-0.03793486247865673,-10.429702949512313,-0.034447777221481714,-9.789129545620014,0.0025542781013645336,1.0395908981668804
rec,ret_3d_c,r4,1601,167,1,-0.03273885540504667,-9.002912726754802,-0.02946608537295152,-8.384639988721883,0.0015727033966331635,0.46766926230759265
rec,ret_5d,r4,1601,167,1,-0.026010034977181587,-7.387337283732624,-0.023087039838785996,-6.845009480900753,0.0033197234658250115,1.385014928563771
rec,ret_7d,r4,1601,167,1,-0.022537018846840694,-6.176910040571248,-0.020151739414941805,-5.764191912446725,0.00391037047403812,1.5880627751756535
rec,ret_12h,r12,1597,167,1,-0.049282873435382034,-10.344701574183341,-0.04567147893467562,-9.848004354545797,0.007118363735674579,3.0024034927194987
rec,ret_24h,r12,1597,167,1,-0.052008334551359565,-9.873509438746035,-0.04709981111804377,-9.240182180767937,0.012945351149080948,6.17646040765162
rec,ret_36h,r12,1597,167,1,-0.039335238993078676,-7.443730286001067,-0.034712343248748154,-6.815216144254285,0.0031224723448468445,1.0063840716508643
rec,ret_3d_c,r12,1597,167,1,-0.03495407766349583,-6.203716318843867,-0.03056878307459792,-5.606940323592131,0.00797120656470745,2.2991311385806577
rec,ret_5d,r12,1597,167,1,-0.028339425243580216,-5.2984546681622655,-0.024705000736605743,-4.7943507831568795,0.0032279140589579454,0.9378284656400222
rec,ret_7d,r12,1597,167,1,-0.024769491047481246,-4.418848229930884,-0.021816184004429195,-4.056899116930827,0.0052775768099806745,1.411151395163702
rec,ret_12h,r24,1591,167,1,-0.045873734827333215,-8.711411181316286,-0.04175496696012801,-8.245398426262776,0.00010966655906883458,0.04751432681993537
rec,ret_24h,r24,1591,167,1,-0.03953556604711852,-6.513451873793923,-0.03420101960889305,-5.913092894120926,0.011038437061931273,5.107777317447317
rec,ret_36h,r24,1591,167,1,-0.03336327084277182,-5.193363283027749,-0.02820111094708832,-4.605590898634309,-0.0009260933729645786,-0.2800808917414331
rec,ret_3d_c,r24,1591,167,1,-0.02958525414748651,-4.15906391209051,-0.024539774633450338,-3.5714183614153137,0.009136758334861684,2.549151741296687
rec,ret_5d,r24,1591,167,1,-0.021453844757050946,-3.0897191534971,-0.017441898442363237,-2.604338921154925,0.0065014207157463285,1.475856450421688
rec,ret_7d,r24,1591,167,1,-0.019567326568047633,-2.769941193153643,-0.01638303725401806,-2.410128905186009,0.008491781212731446,1.8853931621592317
rec,ret_12h,r48,1579,167,2,-0.02454485127732559,-4.469303052010717,-0.020081575043285067,-3.912071539986003,0.0007462288763342196,0.32357662033611884
rec,ret_24h,r48,1579,167,2,-0.026911401770359788,-3.9599501769344694,-0.021244987516612898,-3.322380890615234,0.005555527987937603,2.608741796730381
rec,ret_36h,r48,1579,167,2,-0.02262253000358929,-2.8161925078567043,-0.017094475067984442,-2.2397727321097776,0.0007606942266988759,0.22805932072063798
rec,ret_3d_c,r48,1579,167,2,-0.01712676621490131,-1.804437497020309,-0.012459158828457061,-1.3590312596764589,0.004594145462975857,1.330195229015236
rec,ret_5d,r48,1579,167,2,-0.008592955387092866,-0.8533825319390591,-0.005058716579954864,-0.5192417060844923,0.007990817373891436,1.2805380425534982
rec,ret_7d,r48,1579,167,2,-0.008910465010257473,-0.891362811052559,-0.006085518569038453,-0.6264815132896839,0.009717577043827813,1.4791354970483137
rec,ret_12h,r72,1567,167,3,-0.01884814758794332,-3.4382901260782694,-0.013723027751032553,-2.6202531304278702,-0.0013689484458173648,-0.6335389234424257
rec,ret_24h,r72,1567,167,3,-0.01655762736339317,-2.155126153211206,-0.010076053595811424,-1.3713171144215555,0.004420698363884695,2.4191598352957655
rec,ret_36h,r72,1567,167,3,-0.013626757697801835,-1.463269255453647,-0.007396795577312855,-0.821248376279432,0.003398203946397655,0.9729164408809041
rec,ret_3d_c,r72,1567,167,3,-0.006781541512982412,-0.6806676329729194,-0.00166523248891296,-0.1718427888062182,0.009379529611239999,3.0845755996734776
rec,ret_5d,r72,1567,167,3,0.0014267735207794826,0.12680234633767043,0.005206836222415888,0.4733466443900722,0.007615325018465675,1.1079724326583202
rec,ret_7d,r72,1567,167,3,-0.003496504851563084,-0.3086292750229266,-0.0002581992986782948,-0.02322377472643025,0.00740944142086505,0.9928075025149696
rec,resid_ret_12h,h4,1601,167,1,-0.04046686727882162,-11.505329597445721,-0.037674884411329226,-10.98975889866316,0.016691127443638102,7.680881804160939
rec,resid_ret_24h,h4,1601,167,1,-0.04079859543990182,-10.463957082572326,-0.03715867487601823,-9.824616013952818,0.016928971465350107,7.511583426484054
rec,resid_ret_36h,h4,1601,167,1,-0.03516920930548154,-9.220606681915127,-0.03170087813900546,-8.631049417642663,0.003801740553390561,1.5313841559851717
rec,resid_ret_3d,h4,1601,167,1,-0.028436376100968445,-7.379051244200512,-0.0252704706790239,-6.781308233094395,0.004991286595986133,2.1797955322904863
rec,resid_ret_5d,h4,1601,167,1,-0.02408847681059086,-6.2641732542299335,-0.021294318370012076,-5.7594336905185095,0.005337234494694747,2.210050878846291
rec,resid_ret_12h,h12,1597,167,1,-0.042004871320460546,-9.193397278906314,-0.03838527695926127,-8.610846650443515,0.011969136101611103,5.571387372878611
rec,resid_ret_24h,h12,1597,167,1,-0.04575284972992113,-8.669448049689908,-0.040780448321190294,-8.047360502236272,0.015205318027637563,5.515151271127115
rec,resid_ret_36h,h12,1597,167,1,-0.03840920749092474,-7.429008496270676,-0.03354357514317464,-6.813615802954108,0.003458843305034909,1.1369766957988265
rec,resid_ret_3d,h12,1597,167,1,-0.02900743187559394,-5.194151749424959,-0.024734320273653954,-4.5964802161964355,0.010106667383943597,3.2340141725870395
rec,resid_ret_5d,h12,1597,167,1,-0.025133155589210185,-4.573403874902321,-0.021658912767518183,-4.111037064512488,0.006926249249517766,1.9812811054530806
rec,resid_ret_12h,h24,1591,167,1,-0.039968310429716075,-7.6019848589620995,-0.03571529472603297,-7.036359665154337,0.006864672422153676,3.1737039509862712
rec,resid_ret_24h,h24,1591,167,1,-0.038143062485223096,-6.284937809269994,-0.03240806323469751,-5.594968510049935,0.011346143168937825,4.1290260419451945
rec,resid_ret_36h,h24,1591,167,1,-0.03579256849471127,-5.813182128340452,-0.030144429879240178,-5.126356054988112,-0.0005818807687327198,-0.17634034279281477
rec,resid_ret_3d,h24,1591,167,1,-0.024611144490590344,-3.4808901525580835,-0.019531550299213527,-2.844369663857259,0.012920948766298679,3.3595156052061568
rec,resid_ret_5d,h24,1591,167,1,-0.020943032095128898,-2.912114239980726,-0.01697370705936358,-2.440063079682929,0.010238285189817026,2.291262909441117
rec,resid_ret_12h,h48,1579,167,2,-0.023601240013565353,-4.525347707781741,-0.018955771558736883,-3.846304629236527,0.004429237994748036,2.048506663205226
rec,resid_ret_24h,h48,1579,167,2,-0.025640364352026643,-4.143373015165221,-0.01988288910634151,-3.3863483224430793,0.007836429147661743,2.6974499377563355
rec,resid_ret_36h,h48,1579,167,2,-0.020284108482433467,-2.86975397472786,-0.01461806868818093,-2.1602738858959745,0.003073526093103583,0.9417602297463595
rec,resid_ret_3d,h48,1579,167,2,-0.007938787862655786,-0.8719877400453364,-0.003447607853266364,-0.3908043720179814,0.01979867787342257,4.281420093018548
rec,resid_ret_5d,h48,1579,167,2,-0.006503385962272382,-0.6690622869549906,-0.0028678422250497486,-0.30496981362754577,0.012909049591717004,2.0356840619868164
rec,resid_ret_12h,h72,1567,167,3,-0.014473492290131198,-2.922861660890497,-0.009745096606153091,-2.0334525699774546,0.004340801967822396,2.4117143980598
rec,resid_ret_24h,h72,1567,167,3,-0.013331663624732721,-1.9416476241669691,-0.007506526965597041,-1.1326557443577607,0.009331221107422061,2.808889638846163
rec,resid_ret_36h,h72,1567,167,3,-0.009591482247831174,-1.1266077458958126,-0.003896112769957319,-0.46744357258748426,0.006814303741267572,1.8917666895905154
rec,resid_ret_3d,h72,1567,167,3,-0.0012308041722051358,-0.12346387050085357,0.003539463524695299,0.3613588048538338,0.021291319344667034,4.4349668284814845
rec,resid_ret_5d,h72,1567,167,3,-0.0005947658174802426,-0.052917767062009485,0.0030770825408752765,0.2790848338557159,0.012919190392013743,1.7776844673854686
rec,resid_ret_12h,m48,1579,167,2,0.0051429082809578705,1.0850017367546134,0.008598516456526026,1.8997425971017559,0.0005037062029993939,0.2343490898585043
rec,resid_ret_24h,m48,1579,167,2,0.000346182936304435,0.05824708142263845,0.004164788589844696,0.7324738704448234,0.0018858113052775897,0.6334478777639497
rec,resid_ret_36h,m48,1579,167,2,0.0029964099034100757,0.449863609814315,0.0067145825777276315,1.048704386340346,0.004415613458767517,1.2947030513294264
rec,resid_ret_3d,m48,1579,167,2,0.006964033988169289,0.941469471792811,0.009651002657711285,1.3375232613243542,0.012371860953853614,3.182613346070076
rec,resid_ret_5d,m48,1579,167,2,0.0045489793025017275,0.5650717967781934,0.006872280951833128,0.8740828381121446,0.008342669251512657,1.6904795396915477
rec,resid_ret_12h,m72,1567,167,3,0.01030371779200675,1.9836767931019297,0.013812505948336608,2.737568499868398,0.002105187617639613,1.0734071229690967
rec,resid_ret_24h,m72,1567,167,3,0.010840820691521294,1.4775983549198068,0.014923702919118018,2.0720746473677503,0.006480561493199564,1.9092524587960258
rec,resid_ret_36h,m72,1567,167,3,0.011843857714682876,1.3531805219655264,0.01574759322287737,1.8187362583585138,0.008925885123380148,2.3057932109712724
rec,resid_ret_3d,m72,1567,167,3,0.013626771549770895,1.4522191981019643,0.01685052627274535,1.8155637098168604,0.019531660325432562,4.059619127480724
rec,resid_ret_5d,m72,1567,167,3,0.010875007031397816,1.1207685914544916,0.013666862151406785,1.423148635148489,0.009934605271643663,1.6368873839407494
rec,resid_ret_12h,r4,1601,167,1,-0.04056375359765109,-11.729587597019187,-0.03782330125662891,-11.276943585747146,0.016602525078180257,7.694135569172487
rec,resid_ret_24h,r4,1601,167,1,-0.04035258068258782,-11.567934414701963,-0.03688229217385337,-10.926487474761906,0.01784241138621419,7.780560647216066
rec,resid_ret_36h,r4,1601,167,1,-0.03446946334941593,-10.172831278062036,-0.03126669558050974,-9.562241832419206,0.0037816122530187116,1.5669822631708903
rec,resid_ret_3d,r4,1601,167,1,-0.02732051257117213,-7.797214729233419,-0.024384835540824972,-7.179423719071718,0.00651237394745584,2.739961762232888
rec,resid_ret_5d,r4,1601,167,1,-0.023721743608412157,-6.653777861151966,-0.020972780924580547,-6.120664267875709,0.0046615045218457735,1.9517133113017653
rec,resid_ret_12h,r12,1597,167,1,-0.042850254847956695,-9.843955844723464,-0.03927783833843018,-9.298422916629875,0.012371610604220415,5.70998360888287
rec,resid_ret_24h,r12,1597,167,1,-0.044175424321219826,-9.195404454309447,-0.039423498453620795,-8.519577573238102,0.015525302453100381,5.54962178800366
rec,resid_ret_36h,r12,1597,167,1,-0.036457662389794365,-7.594212398885061,-0.03188614301913943,-6.930131694322504,0.004197985448010899,1.3908686449361325
rec,resid_ret_3d,r12,1597,167,1,-0.027405396842180716,-5.115708249267377,-0.023263105616405783,-4.492048944642763,0.010851218702072828,3.2607201863563384
rec,resid_ret_5d,r12,1597,167,1,-0.023769906870193563,-4.420560622359523,-0.02022528734381541,-3.9152395930688453,0.00652393285057328,1.8541249164002143
rec,resid_ret_12h,r24,1591,167,1,-0.03898975483624028,-7.898661876530255,-0.034938002530387695,-7.36576095518852,0.007156735340355898,3.348681708073444
rec,resid_ret_24h,r24,1591,167,1,-0.0347128779837434,-6.209529719198111,-0.029403830600345893,-5.503649957134714,0.01119708007061176,3.9847270894613187
rec,resid_ret_36h,r24,1591,167,1,-0.03201628851332505,-5.427199416627385,-0.026750867869114556,-4.739145867992699,0.0009581830880673818,0.2938106622229055
rec,resid_ret_3d,r24,1591,167,1,-0.02134887948297183,-3.0087902556997057,-0.016459946918719433,-2.3816960551977,0.01432781549389811,3.406454165331672
rec,resid_ret_5d,r24,1591,167,1,-0.017487694860309672,-2.4362085625512067,-0.013393238967674087,-1.9217878724427295,0.010597018564792324,2.3452630162356303
rec,resid_ret_12h,r48,1579,167,2,-0.02194835419698344,-4.390682823918659,-0.01751363201115332,-3.758492705788447,0.004505318142767897,2.088957374638384
rec,resid_ret_24h,r48,1579,167,2,-0.022879756041476945,-3.835282904557511,-0.017224860819251592,-3.0589058916459893,0.006532520995992496,2.354767403556044
rec,resid_ret_36h,r48,1579,167,2,-0.01815120843537152,-2.55428190127046,-0.012594155594446604,-1.8582148306943778,0.0030112325687750895,0.9041066807424767
rec,resid_ret_3d,r48,1579,167,2,-0.005797627919864631,-0.6214805307150955,-0.0011699906492830426,-0.1291049487862308,0.020741004102027536,4.110715323781926
rec,resid_ret_5d,r48,1579,167,2,-0.0035409224360253965,-0.3578618324408387,0.00032125358012583547,0.03333397326886916,0.01299099624997249,2.0017072629998287
rec,resid_ret_12h,r72,1567,167,3,-0.011657169420708697,-2.332249515407397,-0.00671108878031858,-1.386095600700871,0.004813635189501255,2.576936796453983
rec,resid_ret_24h,r72,1567,167,3,-0.008818865765787314,-1.2513357540088295,-0.0024172500132964565,-0.3533870567963901,0.009025136350734925,2.871187663913128
rec,resid_ret_36h,r72,1567,167,3,-0.004992356747559435,-0.5592894646697382,0.0011894174508364917,0.1361320028600061,0.0073013083145905345,2.1168287488922046
rec,resid_ret_3d,r72,1567,167,3,0.003960210728515079,0.38047915169789515,0.009261771352987813,0.904344647592571,0.021145564589195823,4.255137154732249
rec,resid_ret_5d,r72,1567,167,3,0.006358947654729988,0.5411835265942985,0.010636233925850358,0.9183727519705371,0.01380993061519334,1.8553405307186497
rec,resid_rev_2c,h4,1601,167,1,0.047319616162632645,13.231147456141652,0.04490533957066818,12.918394146973005,0.0009816946976636844,0.30446230048062084
rec,resid_rev_3c,h4,1601,167,1,0.04589794881692528,12.842314998192194,0.04310638432938993,12.415670298812973,0.0017640480463402316,0.5614599971568031
rec,resid_rev_6c,h4,1601,167,1,0.04521890012356799,12.064057527799115,0.041559576757834144,11.526119903715832,0.00030810820902825084,0.1356687947512063
rec,resid_rev_12c,h4,1601,167,1,0.03639284382289711,10.315420642585666,0.0330314340588201,9.824674088177126,0.00271841857310366,1.1786747194799037
rec,resid_rev_2c,h12,1597,167,1,0.04457119326148096,10.286577441169198,0.04156152118629317,9.83554579314587,-0.005493921432489281,-1.6068670679480324
rec,resid_rev_3c,h12,1597,167,1,0.046912069028334745,10.121189139298465,0.04326544437640166,9.57345814870145,-0.0047631143312193295,-1.3886330850459903
rec,resid_rev_6c,h12,1597,167,1,0.04961561170145991,9.530193731674137,0.0445418082668264,8.934631982039912,-0.004989091746096347,-1.6787308023379008
rec,resid_rev_12c,h12,1597,167,1,0.04124544671787504,8.205564151836612,0.03637976393012117,7.5941730333400175,0.005356594531084935,1.7860216828384277
rec,resid_rev_2c,h24,1591,167,1,0.039775689362462646,8.430904468088698,0.036049039457482716,7.908396606464145,-0.005761951145643155,-1.7599907072378391
rec,resid_rev_3c,h24,1591,167,1,0.04289810774140309,8.120713648575887,0.03869189752174889,7.5796109159944915,-0.0027271368067589563,-0.8076180790077057
rec,resid_rev_6c,h24,1591,167,1,0.04100281509450935,6.926530813932837,0.035158421340368076,6.241925849736991,-0.0029052307619488473,-0.8893172525200224
rec,resid_rev_12c,h24,1591,167,1,0.036846363283269574,5.7568811258501205,0.03107788360205014,5.057919356438973,0.0032871162179125605,0.941398611171462
rec,resid_rev_2c,h48,1579,167,2,0.02268124293599374,4.895519352281982,0.018560940203396572,4.246644724513925,-0.006562104660469808,-2.1229727045945754
rec,resid_rev_3c,h48,1579,167,2,0.02615799677366362,5.020087846185619,0.021497489439532773,4.382413791775996,0.00019650460082158382,0.06636483530854326
rec,resid_rev_6c,h48,1579,167,2,0.027530241909128374,4.50080908758402,0.021609173134675454,3.7419808675173627,-0.0023065331175646563,-0.6798651817982632
rec,resid_rev_12c,h48,1579,167,2,0.015166749494930581,1.9576050380618093,0.009687533860587441,1.3096421169764598,-0.005573348724981067,-1.5359948236811456
rec,resid_rev_2c,h72,1567,167,3,0.014407912419602091,3.3816021184818963,0.010056393780912509,2.446811024793857,-0.006526605889071505,-2.0174716889617663
rec,resid_rev_3c,h72,1567,167,3,0.01570756442279818,3.1594128229243057,0.010958478857174584,2.2853008239201573,-0.001119751385144244,-0.34658661844801075
rec,resid_rev_6c,h72,1567,167,3,0.012675442697321054,1.8606584064322533,0.006713723095953842,1.021308004915525,-0.007645356990277127,-1.9501516292224759
rec,resid_rev_12c,h72,1567,167,3,0.004028990854158834,0.44557417978148206,-0.0014669389046717489,-0.16492808012777826,-0.011690056949696874,-2.8931884194689617
rec,resid_rev_2c,m48,1579,167,2,-0.004545247466147026,-1.0672934157767273,-0.007575534979394902,-1.8838883343980752,-0.0005737727358233821,-0.1798004632575785
rec,resid_rev_3c,m48,1579,167,2,-0.00399961299076623,-0.8317259789765716,-0.007503825631281907,-1.6424821870569166,0.0028645489726582315,0.9492675447150869
rec,resid_rev_6c,m48,1579,167,2,0.00047679206031571013,0.0794834530770672,-0.0035005738054651775,-0.6107438923611712,-0.0012225718903927682,-0.36859335019849704
rec,resid_rev_12c,m48,1579,167,2,-0.00835678559024528,-1.1482013352449973,-0.011788384906951771,-1.6780052400841206,-0.010243727764700882,-2.3975363392637665
rec,resid_rev_2c,m72,1567,167,3,-0.008272706396694491,-1.8746363450737946,-0.01162947282415794,-2.728352464508305,-0.002694864459566373,-0.8775644316991406
rec,resid_rev_3c,m72,1567,167,3,-0.009955051988019138,-1.9439851961177095,-0.013517257285440776,-2.720370521452731,-0.0014103188782318022,-0.4279960350638648
rec,resid_rev_6c,m72,1567,167,3,-0.012824485352525075,-1.7587030475519043,-0.017042190296457656,-2.3805947605742137,-0.00822197187996182,-2.1106600456891744
rec,resid_rev_12c,m72,1567,167,3,-0.018390410231656166,-2.0201108822543743,-0.022037037433680223,-2.434694610043294,-0.017495321186016644,-3.8751767894462446
rec,resid_rev_2c,r4,1601,167,1,0.04517381270191198,12.80854140930691,0.04280758453565863,12.448693119412148,0.00016242505885981918,0.050247514844348966
rec,resid_rev_3c,r4,1601,167,1,0.045831165779128616,13.100701458037744,0.04311284757511178,12.74505837979839,-0.0019839439917957867,-0.5993415187290883
rec,resid_rev_6c,r4,1601,167,1,0.046184492401148775,13.287787146257848,0.04272393246765653,12.74039908957639,-0.0002674167383825167,-0.11542610801132877
rec,resid_rev_12c,r4,1601,167,1,0.036696760070114465,10.985306175490846,0.033544917648358465,10.449914784130723,0.002890374178470912,1.2448256505416544
rec,resid_rev_2c,r12,1597,167,1,0.044155039404899454,10.454968498898793,0.0412304709597077,10.066527684485074,-0.006135176830648987,-1.7182982295233227
rec,resid_rev_3c,r12,1597,167,1,0.04766832826579486,10.796213781109723,0.04407061317990366,10.293315592443948,-0.007135175436465261,-2.0842728311219076
rec,resid_rev_6c,r12,1597,167,1,0.0496691935730037,10.364305854190405,0.04483589959425494,9.725689183196108,-0.004710195883854405,-1.5436169307068663
rec,resid_rev_12c,r12,1597,167,1,0.04039552865505106,8.344302026312244,0.03574730697814707,7.689116805709837,0.00441886770167375,1.4788724789437588
rec,resid_rev_2c,r24,1591,167,1,0.03964396785285109,8.87351123408449,0.03601361945431202,8.395572464356327,-0.005910530285214629,-1.7192990396101515
rec,resid_rev_3c,r24,1591,167,1,0.04279700097870188,8.580905420426145,0.03879580112010786,8.087396505515144,-0.005691994908797164,-1.6663806334370612
rec,resid_rev_6c,r24,1591,167,1,0.03975133662847571,7.073253548243265,0.0343655853393957,6.399191311876581,-0.0015298265015856612,-0.4495957676044507
rec,resid_rev_12c,r24,1591,167,1,0.03438661302771702,5.433265463392125,0.028960565888589494,4.746790056433788,0.0012629465855475456,0.3700787094401191
rec,resid_rev_2c,r48,1579,167,2,0.02132646169123476,4.711936697083386,0.017397925019803116,4.106041728678687,-0.006891296323125011,-2.1567958936279807
rec,resid_rev_3c,r48,1579,167,2,0.02500468617417686,4.989797027394275,0.02058952109740772,4.419567012030092,-0.000905189980243513,-0.29604809692807316
rec,resid_rev_6c,r48,1579,167,2,0.026004986564375363,4.317105690756218,0.020216023328580003,3.559628062128033,-0.001400125863780746,-0.43023302077911485
rec,resid_rev_12c,r48,1579,167,2,0.014256197838766782,1.7475219043437926,0.008875173544718193,1.132405899659591,-0.005923197066605566,-1.5890839276842295
rec,resid_rev_2c,r72,1567,167,3,0.011657635569596227,2.6951877528378767,0.007145222650852304,1.7148348221231449,-0.008139230734194211,-2.587534944088182
rec,resid_rev_3c,r72,1567,167,3,0.013487840332411197,2.6415745172545178,0.008532910765732862,1.7337157732801762,-0.0027729311675101552,-0.8618282978101408
rec,resid_rev_6c,r72,1567,167,3,0.009727717802695967,1.3291178166541033,0.003204961609752742,0.4529028056943281,-0.007085661542831907,-1.8123570535209614
rec,resid_rev_12c,r72,1567,167,3,0.001995403806042541,0.20724173247972572,-0.004061619196590272,-0.42968596276989235,-0.011343866973630455,-2.911843638237807
rec,corr_12h,h4,1601,167,1,0.05501426313702946,15.888515893710002,0.05221510284780325,15.428426916965101,0.0005609265478874879,0.2951658428319337
rec,corr_1d,h4,1601,167,1,0.05495495270719703,15.152860572698799,0.052177504297389786,14.666090387500915,0.001233754344969717,0.3494578855112544
rec,corr_3d,h4,1601,167,1,0.05181866852335162,13.934772290367135,0.049448844403540346,13.485409306606687,0.005221238194681236,2.40455873141104
rec,corr_12h,h12,1597,167,1,0.06898521173612741,13.240297641949052,0.06562461725060488,12.862814332893654,3.501548207123445e-05,0.014347311781722832
rec,corr_1d,h12,1597,167,1,0.06972439834634175,12.849871893586567,0.06619782138336197,12.41022052276035,0.002054253839946712,0.6075854430679043
rec,corr_3d,h12,1597,167,1,0.06580211042038536,11.764179415404364,0.06297805905014676,11.379043637711282,0.006118746865686541,1.915200816406584
rec,corr_12h,h24,1591,167,1,0.07388008591681666,11.80933580891345,0.07001730444219642,11.444081273132225,0.002346519930080398,0.9284597951316873
rec,corr_1d,h24,1591,167,1,0.07419272602238029,11.224438478765634,0.07024093647725732,10.832529858244943,-0.0012855477304712253,-0.362937254041681
rec,corr_3d,h24,1591,167,1,0.0707205890178253,10.394557879325223,0.06744191647045575,10.052995835303971,0.0064945497532993175,1.7233678654427382
rec,corr_12h,h48,1579,167,2,0.07073728093402482,8.168279468669667,0.06761873286175514,8.018591874454263,0.0008918524546334079,0.41351715484490914
rec,corr_1d,h48,1579,167,2,0.07234071885023413,7.923971841247024,0.06933147758492174,7.7668738321365804,-0.0037446292698533074,-1.226215162671687
rec,corr_3d,h48,1579,167,2,0.07005786087050546,7.514136422292189,0.06759511615323495,7.371063219467625,0.01038767119102534,2.2043356584976648
rec,corr_12h,h72,1567,167,3,0.06923299808395063,6.847336441820433,0.06617580635258064,6.689113185869293,0.002569758320232759,1.0754615536291998
rec,corr_1d,h72,1567,167,3,0.07113414991617087,6.731603743755134,0.068134956620926,6.563375110367451,-0.002564303786220093,-0.8570040234319142
rec,corr_3d,h72,1567,167,3,0.06970127836622012,6.4347307654854236,0.06722049136214987,6.290601980480632,0.010136032777840144,1.792195386069062
rec,corr_12h,m48,1579,167,2,0.055160988114274674,7.776001615490672,0.05320340232275733,7.66073270697488,0.00041733981962296083,0.1700515885223651
rec,corr_1d,m48,1579,167,2,0.05798948466608431,7.916752858201614,0.05622291427088643,7.8258760620410035,-0.0071512963214950855,-2.102943824091717
rec,corr_3d,m48,1579,167,2,0.058448570409590665,7.870303256607803,0.05698488761288816,7.811306611262752,0.010091969716775825,2.5346915608576928
rec,corr_12h,m72,1567,167,3,0.0554012842627565,6.050209107311411,0.053405340349904684,5.938666374810193,0.0037371736718212747,1.6617260330329573
rec,corr_1d,m72,1567,167,3,0.05762952424730324,6.063554690829043,0.055762109556841064,5.972513858787619,-0.0019900068166690504,-0.6126688600866977
rec,corr_3d,m72,1567,167,3,0.058478777490919856,6.017315386887047,0.05683073090842369,5.929745788298674,0.008165533960132237,1.5800383717909925
rec,corr_12h,r4,1601,167,1,0.05172083992099408,13.505519715330085,0.04891573629392108,13.081750352122203,-7.08577664123985e-05,-0.03724743923250352
rec,corr_1d,r4,1601,167,1,0.0512135166522952,13.07619633532518,0.04842869683794738,12.640532984922627,0.00503118399317137,1.4591415881325183
rec,corr_3d,r4,1601,167,1,0.04798583230799707,11.894908674169141,0.04552024952233655,11.471939118520268,0.004887792864256696,2.250434991282194
rec,corr_12h,r12,1597,167,1,0.06341270960466128,10.499466515377303,0.06018437899164441,10.15688964856464,-0.0009971119051679228,-0.4161274227085073
rec,corr_1d,r12,1597,167,1,0.06349990056155691,10.10335424364784,0.060111500409983525,9.732178773184335,0.004378880074821964,1.29500458594211
rec,corr_3d,r12,1597,167,1,0.05964909635241924,9.146408205550562,0.056811964527953056,8.810576259646014,0.005389276292355899,1.6387582851028428
rec,corr_12h,r24,1591,167,1,0.06726417916116355,8.783227739824813,0.06362539058549306,8.407806359699386,0.0013247573353269602,0.5359500259691051
rec,corr_1d,r24,1591,167,1,0.06662761088139509,8.367205374639328,0.0628293027105312,7.978583750612894,0.000927594468922337,0.26410684865554634
rec,corr_3d,r24,1591,167,1,0.06339096771886968,7.631131816608504,0.06004869802100025,7.2925003030354425,0.0056140395388030616,1.3922554112777443
rec,corr_12h,r48,1579,167,2,0.06242891026746784,6.309253261941029,0.05950890698921509,6.081989583112705,-0.0003806551211568483,-0.1955583676399778
rec,corr_1d,r48,1579,167,2,0.0632144696329626,6.074151608531641,0.06035319154430843,5.846875345481277,-0.001229620725324515,-0.38673384380643644
rec,corr_3d,r48,1579,167,2,0.062217807698399866,5.695738823399298,0.059663557064888885,5.489466050684747,0.008728329071848907,1.7340450816232436
rec,corr_12h,r72,1567,167,3,0.059930585058934366,5.27723864288862,0.056800477383451356,5.022337788815085,0.0006086588839185243,0.27928132716669873
rec,corr_1d,r72,1567,167,3,0.06135896375747021,5.165083292037355,0.05821625772128409,4.9131939925380275,-0.00022947621921220378,-0.07931676166102804
rec,corr_3d,r72,1567,167,3,0.06114202714905329,5.012497364165553,0.05834156375446619,4.793318447657944,0.007615015476248205,1.3600951510114028
rec,dd_1d,h4,1601,167,1,-0.00132292417307014,-0.3466134634650468,-0.002473495779943163,-0.6610889035901084,0.004033215443305622,1.7137916506109527
rec,dd_3d,h4,1601,167,1,0.007378897449952868,2.080335321753975,0.0069351472673677035,1.9904576241726541,0.009485193536794376,4.117125496712626
rec,dd_7d,h4,1601,167,1,0.011276952189918229,3.238921891217295,0.01074468325891915,3.132091938463071,0.012646663345356286,5.434152704344525
rec,dd_1d,h12,1597,167,1,0.006579503081870228,1.195183482003178,0.005379344646067883,0.9962941486707788,0.006466981361443984,2.3275306649945273
rec,dd_3d,h12,1597,167,1,0.015994054944370215,2.988857215936637,0.015577007109091432,2.947142872262933,0.013812808463825462,4.314833298900699
rec,dd_7d,h12,1597,167,1,0.018389515351384878,3.4458946509170447,0.017745595639655946,3.3652657976530316,0.01696554360606443,4.970563155150961
rec,dd_1d,h24,1591,167,1,0.01532242342673706,2.43982968566085,0.014291053746950774,2.3490956424892917,0.008447754562079421,2.8581193383253427
rec,dd_3d,h24,1591,167,1,0.02506640572605804,3.880414036652367,0.025252212077212725,3.9836365374128064,0.01909017928269955,5.045195436118259
rec,dd_7d,h24,1591,167,1,0.02768455236831216,4.072118363223858,0.027408839062505047,4.08822698940001,0.02307403151914845,5.3366379338048775
rec,dd_1d,h48,1579,167,2,0.027737512039346164,3.727410981142138,0.027483393968431764,3.812497763331437,0.010921191239520824,3.0276823727955855
rec,dd_3d,h48,1579,167,2,0.039666460770100276,4.754276081007312,0.04015072838510325,4.9165026602579776,0.026231147178336064,5.80503022137135
rec,dd_7d,h48,1579,167,2,0.04225091606806228,4.512764315521789,0.041932143158357714,4.556093900673436,0.027526585945453527,4.96315554980342
rec,dd_1d,h72,1567,167,3,0.035127195126324694,4.057750209210228,0.034994419344106166,4.143708749780735,0.012436799709532891,3.167941566718788
rec,dd_3d,h72,1567,167,3,0.04438388785311876,4.571805843886474,0.045012238261878335,4.711184480390512,0.02790207348290134,5.829764642559964
rec,dd_7d,h72,1567,167,3,0.049383659559025087,4.379227328457796,0.048993435881492964,4.410802348390523,0.026568876488236533,4.4871814260977825
rec,dd_1d,m48,1579,167,2,0.04334967053669537,7.676456862012718,0.04351695897199684,7.847409765515719,0.010270157995963272,3.415205921335767
rec,dd_3d,m48,1579,167,2,0.046554642679644216,7.131894368203839,0.04686320350628281,7.251823729315102,0.018763355673158937,5.184123010176921
rec,dd_7d,m48,1579,167,2,0.04640727414259401,5.910859746220375,0.045930193545484554,5.926237429024033,0.01666056994481385,3.7645450884878713
rec,dd_1d,m72,1567,167,3,0.04516130145450371,6.136448200135574,0.04555659229371412,6.318565985301463,0.010894277764162656,3.2448452937373435
rec,dd_3d,m72,1567,167,3,0.0491721645768185,5.320670180538694,0.04976238639150488,5.440899997001683,0.022225886536293264,4.729164464570341
rec,dd_7d,m72,1567,167,3,0.053147333664600574,4.968036074414452,0.052853021730985356,5.015382249692884,0.018417104236133405,3.3859509007509994
rec,dd_1d,r4,1601,167,1,0.0002582075969370448,0.06597612156879525,-0.0008887394141762127,-0.23036906839215235,0.004745009877363883,2.037527846154406
rec,dd_3d,r4,1601,167,1,0.008266820583479223,2.204656603889731,0.007763233261309509,2.0996247912694965,0.01031696795702334,4.576524087786948
rec,dd_7d,r4,1601,167,1,0.011941526762781858,3.2723678147448854,0.011360516510958296,3.1519730896596725,0.011864371688037657,5.229128587838509
rec,dd_1d,r12,1597,167,1,0.012694466886377178,2.242609898229607,0.011320255618117036,2.030681475900842,0.007754840955022861,2.844661891743193
rec,dd_3d,r12,1597,167,1,0.02047001398621524,3.609110702329794,0.019903588480618073,3.53968471983735,0.014630565024222539,4.6997339756404655
rec,dd_7d,r12,1597,167,1,0.022867888987966687,4.136504423711691,0.022159601380905603,4.043470794165252,0.016654342007220473,4.921164541541062
rec,dd_1d,r24,1591,167,1,0.02393519621691145,3.7814626584253372,0.022714426799921687,3.6748689054774295,0.010098724509037838,3.4509887508259833
rec,dd_3d,r24,1591,167,1,0.03191012647229056,4.7687166936117125,0.031892387826349775,4.829642780321043,0.020392485727664732,5.365258768089782
rec,dd_7d,r24,1591,167,1,0.03483333811243304,5.132033570388285,0.034457989970508966,5.144444351500488,0.023445351309170352,5.486916545451872
rec,dd_1d,r48,1579,167,2,0.036992860543347966,4.557544617047281,0.036569439620234304,4.57709082570042,0.013074369179069546,3.7089929289694825
rec,dd_3d,r48,1579,167,2,0.047870101025016557,5.131572128683397,0.04811923401718681,5.23500402053174,0.02796666703821858,6.313108441448733
rec,dd_7d,r48,1579,167,2,0.052725545303131324,5.459861143960424,0.05220350856166119,5.491868944388974,0.02980138499394773,5.514418807209005
rec,dd_1d,r72,1567,167,3,0.04629240151094769,4.994783401874866,0.04604600020299543,5.051008550427583,0.014518726106817769,3.733002841382646
rec,dd_3d,r72,1567,167,3,0.056358644176845635,5.385497471201044,0.056761809816990014,5.500500678157046,0.02906355864225532,6.266619114492778
rec,dd_7d,r72,1567,167,3,0.06483772857451905,5.741710109127918,0.06410524431400748,5.752417927807785,0.029194894840584663,5.142450324753752
oos,ret_12h,h4,5892,92,1,-0.03251121008631887,-13.133121768809357,-0.030983051918518044,-12.730594222838887,0.008295716314768201,5.560981172140831
oos,ret_24h,h4,5892,92,1,-0.02952294146036216,-11.711591525594997,-0.027576092851354157,-11.228866627627163,0.01034696415071849,6.964762599852917
oos,ret_36h,h4,5892,92,1,-0.03120830666491805,-12.592450482838979,-0.029132162686781662,-12.015846361166972,0.00015365443449962197,0.09379901840706863
oos,ret_3d_c,h4,5892,92,1,-0.030563980825962223,-12.731448817693721,-0.028249028023845057,-12.062580341990545,0.001567611614408517,0.7359024337335478
oos,ret_5d,h4,5892,92,1,-0.029064562081994465,-12.126624618088467,-0.02738737351458465,-11.784407879965949,-0.0036657824607601768,-2.241243650424439
oos,ret_7d,h4,5892,92,1,-0.027182311056691562,-10.878055036282126,-0.025568689325489575,-10.542228695729143,-0.003096023591693187,-1.8038317839421742
oos,ret_12h,h12,5890,92,1,-0.029239583751537963,-9.029776279797158,-0.02798746531862799,-8.860853481186806,0.003482225392897014,2.3239146990052166
oos,ret_24h,h12,5890,92,1,-0.03206224275933429,-8.90955023890358,-0.029597732612781515,-8.443565857845615,0.006386146319058481,4.331625820893443
oos,ret_36h,h12,5890,92,1,-0.03540075823566741,-9.890840971292432,-0.0329233266275716,-9.4528510834605,-0.00234855373399865,-1.143651784228457
oos,ret_3d_c,h12,5890,92,1,-0.039223312404613755,-10.84528709717861,-0.036093890209874926,-10.276353848410764,0.0039159378731912315,1.777243512807064
oos,ret_5d,h12,5890,92,1,-0.03585980988834343,-9.72940830349483,-0.03339941924804644,-9.33854525836579,-0.00384106479620915,-1.6474815256846087
oos,ret_7d,h12,5890,92,1,-0.03576708786973356,-9.463396296424255,-0.03348080507374393,-9.12542005861491,-0.005105470102121896,-2.0553382611055704
oos,ret_12h,h24,5887,92,1,-0.02646256904874032,-7.7960724648817035,-0.02500375853468611,-7.5332573998197905,0.002429567472984366,1.5612030557552783
oos,ret_24h,h24,5887,92,1,-0.03287600680784609,-8.04338354698614,-0.030586031130531224,-7.628332440012914,0.007149573119814001,4.73399574070249
oos,ret_36h,h24,5887,92,1,-0.036990539977825546,-8.479294343917738,-0.034284629295198495,-8.059667560736736,-0.002294990584660746,-1.0457823961066088
oos,ret_3d_c,h24,5887,92,1,-0.04372779708109214,-9.721387336651912,-0.040100776321984936,-9.167576486996614,0.004280794864576651,1.9180673347439297
oos,ret_5d,h24,5887,92,1,-0.03731823531197317,-8.220102469786603,-0.03466949407163596,-7.8353716521201715,-0.0023795138044612977,-0.8448011729919147
oos,ret_7d,h24,5887,92,1,-0.03966157200049848,-8.456800228413886,-0.03704857168585413,-8.130552079118758,-0.005032546885183623,-1.6876476060769467
oos,ret_12h,h48,5881,92,2,-0.02386419110424896,-6.546010210564743,-0.02267637911354843,-6.323178479539458,-0.0010455946102780624,-0.6989480608996804
oos,ret_24h,h48,5881,92,2,-0.030903634109561148,-6.595881345717806,-0.028912690367546647,-6.284952609287094,0.003757448108317451,2.4087890743941043
oos,ret_36h,h48,5881,92,2,-0.03508463933475388,-6.639461225013442,-0.0326935755695056,-6.345029793508642,-0.0034035283589267645,-1.4841578890271088
oos,ret_3d_c,h48,5881,92,2,-0.03931819055900983,-6.535694198724383,-0.036474419609410454,-6.229873586884037,0.00311907183992255,1.48555242322821
oos,ret_5d,h48,5881,92,2,-0.0323282223941114,-5.160030330669023,-0.030536299923021516,-5.010434965208317,0.0008079499138107525,0.22242680335166118
oos,ret_7d,h48,5881,92,2,-0.0387038102893616,-5.76946903272891,-0.03733099096223947,-5.737401046265295,-0.00481335389813965,-1.1958185794212033
oos,ret_12h,h72,5875,92,3,-0.019381748486122743,-5.300531940744704,-0.017957112817009405,-4.978909573668942,-0.0010425938344181403,-0.6917393404198763
oos,ret_24h,h72,5875,92,3,-0.027560785616378744,-5.357177318532006,-0.02546453301196009,-5.094460039029211,0.001503878217600016,1.0895654271479966
oos,ret_36h,h72,5875,92,3,-0.030610164892246626,-5.119176315225136,-0.028431579267144933,-4.895127279870926,-0.0029489147512441723,-1.3491866109521962
oos,ret_3d_c,h72,5875,92,3,-0.03171144707325951,-4.539139510481455,-0.029721000288626606,-4.388259254577558,0.0029959941454758138,1.3859172124286752
oos,ret_5d,h72,5875,92,3,-0.028519974052719946,-3.7313220180002444,-0.02714947865299195,-3.67409287154401,-0.0008655598921241561,-0.20595168827160384
oos,ret_7d,h72,5875,92,3,-0.03396970392431505,-4.21465924299447,-0.03330284197924398,-4.268881472073783,-0.003186887331987298,-0.6405581142656996
oos,ret_12h,m48,5881,92,2,-0.012170628918157832,-3.600163102703764,-0.010830269549861509,-3.287804888842894,-0.00227030097767914,-1.3974849890792105
oos,ret_24h,m48,5881,92,2,-0.01692719069588764,-4.213757420783489,-0.014962424257900092,-3.826535837936203,-0.0004577524426037075,-0.286219393267237
oos,ret_36h,m48,5881,92,2,-0.021427290983932378,-5.1485866129134505,-0.019129469808543294,-4.725880016797508,-0.0026641541822995806,-1.2350728562963547
oos,ret_3d_c,m48,5881,92,2,-0.02304274523656445,-4.845008226672915,-0.021175661137311758,-4.559913317970537,0.0007757554211856725,0.35938762292615045
oos,ret_5d,m48,5881,92,2,-0.02279219521125843,-4.590859048562203,-0.021680466052092926,-4.493702725801699,-0.001115604680952796,-0.35752286437266706
oos,ret_7d,m48,5881,92,2,-0.02753596170226894,-5.208745836416049,-0.02720455338615025,-5.301317463296792,-0.0035193875646739505,-1.0576438499703416
oos,ret_12h,m72,5875,92,3,-0.011829782579451727,-3.2190195371570307,-0.010278678687970005,-2.8516609793988934,-0.001315318854798452,-0.8083483900232288
oos,ret_24h,m72,5875,92,3,-0.01935174826392597,-4.025478886042755,-0.01740082768766975,-3.7488852763856775,-0.0014293005365581624,-0.951147771382275
oos,ret_36h,m72,5875,92,3,-0.02100693237577784,-4.0145038415470085,-0.019158976623111904,-3.7794181024209417,-0.0015912507637521906,-0.7347674100314163
oos,ret_3d_c,m72,5875,92,3,-0.018789578578207913,-3.024539298873807,-0.017785947743965518,-2.9633539574445207,0.0013150493577501839,0.6287373861660516
oos,ret_5d,m72,5875,92,3,-0.02278768137663254,-3.36894521171976,-0.02201353972058996,-3.388566613243773,-0.004703422285270939,-1.257810942153652
oos,ret_7d,m72,5875,92,3,-0.025755466937957834,-3.566929443740113,-0.026085329344526665,-3.7563229029938143,-0.0036549663734082756,-0.8314663948444049
oos,ret_12h,r4,5892,92,1,-0.03206316866317007,-12.664403755439231,-0.030538855083596654,-12.260515279165155,0.00776745887648104,5.293741582959301
oos,ret_24h,r4,5892,92,1,-0.03045831376698879,-11.882357745121725,-0.0285802056256392,-11.431935036423301,0.00989731539908253,6.760792912735313
oos,ret_36h,r4,5892,92,1,-0.030293258364281775,-12.132694494749725,-0.028343543254277043,-11.606541379697175,0.00039607155638413224,0.24607467352348267
oos,ret_3d_c,r4,5892,92,1,-0.03095976885764985,-12.807536392585806,-0.028653707816615706,-12.173788635230704,0.0022539439499602437,0.9870659918411355
oos,ret_5d,r4,5892,92,1,-0.029589645199102864,-12.352146598282815,-0.027915019169017993,-12.035692835297231,-0.0042898405842190755,-2.647881937820617
oos,ret_7d,r4,5892,92,1,-0.02834040142096644,-11.405965327801344,-0.02672318965447676,-11.045499106722703,-0.003692274358052358,-2.1757667584752918
oos,ret_12h,r12,5890,92,1,-0.028662956340110624,-8.496082430783698,-0.027383279248380885,-8.306089411307427,0.0029088969862385325,1.9634282050303395
oos,ret_24h,r12,5890,92,1,-0.032015498796500994,-8.567925386827138,-0.02954846726637148,-8.099878038366494,0.006129272311790035,4.204656190257348
oos,ret_36h,r12,5890,92,1,-0.03340569085768858,-9.003444321116701,-0.031035479868888185,-8.597050915297498,-0.0013450176548533595,-0.6686032257430308
oos,ret_3d_c,r12,5890,92,1,-0.0393517523421064,-10.515661239802068,-0.036280544811597426,-9.998941366065436,0.004019312422870471,1.7648384459755204
oos,ret_5d,r12,5890,92,1,-0.03691441267555556,-9.70164832781915,-0.03456225083532915,-9.361370285981836,-0.004444262891989412,-1.926462076786135
oos,ret_7d,r12,5890,92,1,-0.037251575463153844,-9.536646237469938,-0.035140650084864396,-9.264356808035691,-0.0057736208417550755,-2.351558917580913
oos,ret_12h,r24,5887,92,1,-0.025781107055998054,-7.083698207463977,-0.02428546780950281,-6.813582746327372,0.002425705989968011,1.5630261659929925
oos,ret_24h,r24,5887,92,1,-0.03086168119429914,-7.145559198705701,-0.028656805719372055,-6.774942484605241,0.007097532404732786,4.78678472542955
oos,ret_36h,r24,5887,92,1,-0.03478819167595264,-7.547044695092635,-0.03223272499283844,-7.188411868124185,-0.0021200500604165165,-0.9705466247734983
oos,ret_3d_c,r24,5887,92,1,-0.043048262999944326,-9.26366206609902,-0.03957797409166953,-8.777735544601446,0.0036854147434567143,1.5703916912284224
oos,ret_5d,r24,5887,92,1,-0.03876629222882672,-8.306352409294623,-0.03630994307524206,-7.9943811304701935,-0.00323457914694993,-1.1701970508259465
oos,ret_7d,r24,5887,92,1,-0.04091054420975957,-8.557346573322395,-0.03866125045091974,-8.33730523305476,-0.005863945077605974,-2.0067030325828035
oos,ret_12h,r48,5881,92,2,-0.02165195085224587,-5.600461871271757,-0.020583404537789445,-5.416290152602852,-0.0004224991950674952,-0.2885226533480555
oos,ret_24h,r48,5881,92,2,-0.02824319769923052,-5.722716833018136,-0.026643745047601315,-5.50751396978884,0.003946531326420303,2.5716974106919177
oos,ret_36h,r48,5881,92,2,-0.0327309741025162,-5.913581719294981,-0.03071073191114503,-5.704388819398054,-0.0029626483655691175,-1.2994769272421862
oos,ret_3d_c,r48,5881,92,2,-0.038629917660984614,-6.233566441615673,-0.036201745853886594,-6.022391602088699,0.0013372337753680518,0.6066933816455333
oos,ret_5d,r48,5881,92,2,-0.03412887832094488,-5.3843924618549925,-0.03267751464108563,-5.312300571082934,-0.0005904295988483013,-0.16596147120957458
oos,ret_7d,r48,5881,92,2,-0.04070470163959371,-6.07739938113831,-0.03958416021390699,-6.12129391281944,-0.006054110350540201,-1.5567502691615667
oos,ret_12h,r72,5875,92,3,-0.018134016240232247,-4.6453096121475435,-0.0169191283988508,-4.388610664509029,-0.00040180276970114097,-0.26756400217012166
oos,ret_24h,r72,5875,92,3,-0.025940913964938042,-4.790947303986756,-0.024243873364624503,-4.610263167562636,0.001992404391696896,1.4156002426689909
oos,ret_36h,r72,5875,92,3,-0.02947288181782984,-4.622208047862362,-0.02767756602262111,-4.483341121029104,-0.0025140139387130997,-1.1400477739547616
oos,ret_3d_c,r72,5875,92,3,-0.032249634565102346,-4.401280927633808,-0.030610870365255276,-4.30635522090849,0.001643670956059944,0.6969113393464195
oos,ret_5d,r72,5875,92,3,-0.030028725171249254,-3.7821600883806945,-0.02902386047086258,-3.7654546546291914,-0.0018204627048580134,-0.44138981922051584
oos,ret_7d,r72,5875,92,3,-0.036485673660956765,-4.4480302149547475,-0.03602554186161314,-4.549420695172367,-0.004263535259922398,-0.8819122721966031
oos,resid_ret_12h,h4,5892,92,1,-0.02925475424622783,-11.898599451654926,-0.027958050742973747,-11.57165745714392,0.01118603156656192,7.456938563170189
oos,resid_ret_24h,h4,5892,92,1,-0.026263780420077577,-10.670947671233552,-0.024622394922383217,-10.25108778358418,0.008112876874141795,5.3206299799667685
oos,resid_ret_36h,h4,5892,92,1,-0.027924553902587777,-11.611928109135818,-0.026134437665571695,-11.132224163393213,0.00042723806302425593,0.2611725180493212
oos,resid_ret_3d,h4,5892,92,1,-0.02733103190266749,-11.821187986193873,-0.025126168562251208,-11.119680735673525,0.0014081267528828756,0.9389214814923266
oos,resid_ret_5d,h4,5892,92,1,-0.025587060155612164,-10.892180655382742,-0.023934947615442823,-10.437001777230632,-0.003623681744214937,-2.1575388088194676
oos,resid_ret_12h,h12,5890,92,1,-0.0266830107808629,-8.257245612683908,-0.025519959604304716,-8.092823968281227,0.006040304558602864,4.169163415527783
oos,resid_ret_24h,h12,5890,92,1,-0.026503537169478814,-7.547197581025801,-0.024340705715926093,-7.106022440470005,0.007940572613587509,4.466786542717929
oos,resid_ret_36h,h12,5890,92,1,-0.031245061139747645,-8.970258204460075,-0.028907280280367553,-8.527532402079151,-0.0008390460911468673,-0.4076487247899596
oos,resid_ret_3d,h12,5890,92,1,-0.0341302112915476,-9.79581236953988,-0.030906421469136677,-9.108446897546145,0.004728938789060327,2.305220215127954
oos,resid_ret_5d,h12,5890,92,1,-0.030446642849210503,-8.364876243730125,-0.028061318531596907,-7.931631257631653,-0.0030110193187656794,-1.2492597017076565
oos,resid_ret_12h,h24,5887,92,1,-0.021351786177156253,-6.3132241696539335,-0.02002987600019756,-6.03708729947006,0.005724795474155807,3.999437600335843
oos,resid_ret_24h,h24,5887,92,1,-0.02743729800062823,-6.903573776253526,-0.02531544532146636,-6.47637138219514,0.007780431586381182,4.10994700472456
oos,resid_ret_36h,h24,5887,92,1,-0.03236242876487622,-7.688111265300281,-0.029665595826195126,-7.219716907953648,-0.0006763336979016466,-0.30233657030313993
oos,resid_ret_3d,h24,5887,92,1,-0.03699178796505015,-8.459285831664982,-0.03324035580857173,-7.804970536536029,0.0075198818795398,3.1075622969109378
oos,resid_ret_5d,h24,5887,92,1,-0.030498774854950457,-6.854829042860486,-0.0278887990796512,-6.434222211638809,-0.0007965794858317877,-0.27819573291902483
oos,resid_ret_12h,h48,5881,92,2,-0.020014631948796758,-5.598821072708549,-0.018898624973607146,-5.350781016159377,0.003287323776905456,2.445495192795091
oos,resid_ret_24h,h48,5881,92,2,-0.026487122640750368,-5.888311919169733,-0.024536618103763265,-5.542284242995651,0.008368120756558399,4.077366128370215
oos,resid_ret_36h,h48,5881,92,2,-0.031208026525836784,-6.142859293284345,-0.028773612990165426,-5.801631209521641,-0.0011564466917354378,-0.4821238952627521
oos,resid_ret_3d,h48,5881,92,2,-0.032994181377167586,-5.657653447319157,-0.029940748435079392,-5.289168180693372,0.008299217687816336,2.6507281204978685
oos,resid_ret_5d,h48,5881,92,2,-0.024655430152544264,-4.058372908676858,-0.02278171780072178,-3.864043258963832,0.0029884982954872423,0.8070891563504006
oos,resid_ret_12h,h72,5875,92,3,-0.015970774361690945,-4.452747257480571,-0.014515413494918398,-4.108958066119393,0.004146002250488933,3.247329233053447
oos,resid_ret_24h,h72,5875,92,3,-0.022911246373298753,-4.668477009021266,-0.02078018439440137,-4.36201114638794,0.006016772075020967,3.1802362674188562
oos,resid_ret_36h,h72,5875,92,3,-0.02676501157902398,-4.685626725171663,-0.02440590439286084,-4.394771247495266,-0.0012478780110651499,-0.5479516735833526
oos,resid_ret_3d,h72,5875,92,3,-0.02421751078810509,-3.5488548538095626,-0.022007862075958565,-3.3199119428842896,0.010615093729231697,3.0590504622753265
oos,resid_ret_5d,h72,5875,92,3,-0.020772132244667455,-2.7896716680190075,-0.019229823842359328,-2.6715368730520317,0.0016092072473708914,0.3764630973068928
oos,resid_ret_12h,m48,5881,92,2,-0.010914427715149076,-3.3975161883618195,-0.009612547059000885,-3.079789520452463,0.0005001570688249659,0.34418954956693903
oos,resid_ret_24h,m48,5881,92,2,-0.014534144115309556,-3.7936904991521745,-0.012561745769212868,-3.3761186529905935,0.004946651943814799,2.4964752154374144
oos,resid_ret_36h,m48,5881,92,2,-0.019065525158720294,-4.70982176776918,-0.016727548868840973,-4.261623782906101,-0.0006183937711783971,-0.27500719296945586
oos,resid_ret_3d,m48,5881,92,2,-0.0185134985631988,-3.997153477487919,-0.016540900101468168,-3.674709010456636,0.00535926445586047,1.993641084098983
oos,resid_ret_5d,m48,5881,92,2,-0.016189998065923097,-3.359372856243097,-0.014966917729864849,-3.2086116081415192,0.0010420356107015698,0.3327669752219802
oos,resid_ret_12h,m72,5875,92,3,-0.010178766042658306,-2.839239748960877,-0.008624515391374274,-2.4721725644385857,0.0023605359075272703,1.7682519609251632
oos,resid_ret_24h,m72,5875,92,3,-0.015518195055881302,-3.3228812385507998,-0.013521585186044589,-3.014434087305991,0.003133746877155291,1.5959994583374768
oos,resid_ret_36h,m72,5875,92,3,-0.01766447102572394,-3.458155055253018,-0.01566655018556293,-3.1793617854344745,-1.3084021000650309e-05,-0.005823154321330733
oos,resid_ret_3d,m72,5875,92,3,-0.012707617612429556,-2.096264891198753,-0.011660466934053535,-1.986798418596263,0.006830078430136279,2.1700178490185014
oos,resid_ret_5d,m72,5875,92,3,-0.015974753155005572,-2.4228197524126487,-0.015019331773703017,-2.3730810707469585,-0.0023115700529978533,-0.6071854361378398
oos,resid_ret_12h,r4,5892,92,1,-0.02848158894508866,-11.518108776754504,-0.027287954352459304,-11.217685793793867,0.01076524790784417,7.243451054594473
oos,resid_ret_24h,r4,5892,92,1,-0.02569548670005747,-10.3736632979108,-0.024165436056980093,-10.002593034485063,0.008924417537301717,5.828630317103526
oos,resid_ret_36h,r4,5892,92,1,-0.027170790860762368,-11.214153285314415,-0.02547871541378004,-10.751192381829052,0.0007256350983952184,0.45109339898948336
oos,resid_ret_3d,r4,5892,92,1,-0.02814709228922196,-11.930145293545188,-0.02600000673815108,-11.258126566695672,0.0014711184590848238,0.9567018679988217
oos,resid_ret_5d,r4,5892,92,1,-0.02658945322937803,-11.26961770541401,-0.024953310258949313,-10.827195817998122,-0.004244451410539351,-2.5620184421612144
oos,resid_ret_12h,r12,5890,92,1,-0.026036842540655226,-7.891683784722279,-0.024973861807167014,-7.7470965295317695,0.005745027293785546,3.987828682410059
oos,resid_ret_24h,r12,5890,92,1,-0.025752890296432355,-7.240264990004895,-0.023652402135968142,-6.813725380175298,0.00862557507780587,4.858837471009493
oos,resid_ret_36h,r12,5890,92,1,-0.030668701921157168,-8.62512738627037,-0.028468895688281412,-8.214125406030163,-0.0003073802154737772,-0.1519049645224426
oos,resid_ret_3d,r12,5890,92,1,-0.03561926147617724,-9.87676593079275,-0.03253720704328012,-9.253983186623937,0.0038270763658322963,1.8363472811562827
oos,resid_ret_5d,r12,5890,92,1,-0.03236123061547601,-8.719818504860918,-0.030132593809545742,-8.325890118194542,-0.003940568945862491,-1.6502603694825357
oos,resid_ret_12h,r24,5887,92,1,-0.020227769387467558,-5.8151269994940975,-0.018930634193424126,-5.551647817292718,0.006040837849738558,4.274945914200504
oos,resid_ret_24h,r24,5887,92,1,-0.026004178197579608,-6.417939685866728,-0.02397775430834709,-6.032642314734609,0.0079010023194751,4.172421507988753
oos,resid_ret_36h,r24,5887,92,1,-0.031968770924528205,-7.331815273840348,-0.02941434439723642,-6.925865043063533,-0.000946968190850679,-0.42469762821474616
oos,resid_ret_3d,r24,5887,92,1,-0.03834635765635214,-8.53669489005198,-0.034794808994681674,-7.950228546408148,0.006360350020111667,2.618427757562049
oos,resid_ret_5d,r24,5887,92,1,-0.032730086205004706,-7.270500251904789,-0.030355059214175514,-6.909384038626232,-0.0021940585253799132,-0.7798634528657189
oos,resid_ret_12h,r48,5881,92,2,-0.019375424560616566,-5.204077690832069,-0.01836149114620286,-5.001178235138989,0.003523579311603878,2.6961645150689924
oos,resid_ret_24h,r48,5881,92,2,-0.025922656303668294,-5.524776823817096,-0.02433375132625245,-5.278654635966698,0.007792294768968152,3.7995454317401616
oos,resid_ret_36h,r48,5881,92,2,-0.031234594187889382,-5.8744410089341015,-0.029208826811693362,-5.630542350904876,-0.0012739194747851694,-0.5423846510289388
oos,resid_ret_3d,r48,5881,92,2,-0.03368280365115613,-5.612898380735979,-0.031087915484558453,-5.328484632641376,0.007526808113454485,2.400183813734137
oos,resid_ret_5d,r48,5881,92,2,-0.02667913304163047,-4.383959566251359,-0.025222427254464247,-4.260421940660994,0.0012656360835225384,0.3489604933904248
oos,resid_ret_12h,r72,5875,92,3,-0.01634987420174374,-4.333599587177594,-0.015100961160730224,-4.053787605948082,0.004335058126302256,3.532168018434549
oos,resid_ret_24h,r72,5875,92,3,-0.023404687057248613,-4.5227877617230225,-0.021651184109725292,-4.300502124182846,0.00575996532849644,3.016083486027359
oos,resid_ret_36h,r72,5875,92,3,-0.02782180792532535,-4.556381301395293,-0.025910321980608362,-4.366226974440566,-0.0011938704388163696,-0.5254027380774471
oos,resid_ret_3d,r72,5875,92,3,-0.025862461879983152,-3.6261119378156774,-0.02411000909462035,-3.4633407084376877,0.01025677755781397,2.8805492923627916
oos,resid_ret_5d,r72,5875,92,3,-0.022346349111895338,-2.9735477666443906,-0.021282373495469024,-2.908413196060718,0.0005487971134001156,0.13131599324104354
oos,resid_rev_2c,h4,5892,92,1,0.03479807778563494,14.158632220664922,0.03366756431335588,14.002453245085608,-0.00031578952950353474,-0.1429237972115702
oos,resid_rev_3c,h4,5892,92,1,0.03312446721430955,13.429798787139891,0.03175131026449742,13.110244317484113,0.00044471627619545936,0.1952536209876302
oos,resid_rev_6c,h4,5892,92,1,0.02981427026705253,12.047410115690235,0.028067530139052072,11.641267713337147,-0.000857121172147248,-0.5680922760164796
oos,resid_rev_12c,h4,5892,92,1,0.030971461542983848,12.99273470069917,0.029001382545647204,12.462385495056719,0.003052556235767028,1.9077047970906418
oos,resid_rev_2c,h12,5890,92,1,0.026944936736581455,8.93917148216625,0.026068099358181433,8.862357904787375,0.0030384860484163113,1.4229784401005428
oos,resid_rev_3c,h12,5890,92,1,0.029248955502886958,8.920621870438179,0.028077781884868515,8.774884037183943,0.0016455316952621712,0.7279537108613033
oos,resid_rev_6c,h12,5890,92,1,0.029639864549011324,8.46375594401746,0.027382645280220143,8.023506149344703,-0.005226504285593892,-2.7945939826675223
oos,resid_rev_12c,h12,5890,92,1,0.0353143477928898,10.156759577906605,0.032509631944003706,9.617037986348295,0.002854287790936979,1.3350790681513143
oos,resid_rev_2c,h24,5887,92,1,0.020456941177001566,6.807709980692953,0.019351133153467405,6.587261655257063,0.0035633374030025035,1.5920878307985384
oos,resid_rev_3c,h24,5887,92,1,0.024186751927096576,7.148207539672763,0.022801551727971298,6.869231776046721,0.00395804714919775,1.7534219492697454
oos,resid_rev_6c,h24,5887,92,1,0.03086324537802202,7.883265353767852,0.028640086000840684,7.442427218882625,-0.003984130586260833,-1.9453472460680372
oos,resid_rev_12c,h24,5887,92,1,0.03804195408226899,8.982007048367025,0.034628982966201656,8.3836743002205,0.0015741349982741337,0.6415830124057857
oos,resid_rev_2c,h48,5881,92,2,0.01875160487327412,6.166773996871814,0.017737192993630725,5.908289951987628,0.0021538398374341488,0.9878990919099654
oos,resid_rev_3c,h48,5881,92,2,0.022172351581705576,6.280063137029222,0.02102779185229384,6.033489050855061,0.005463050617580078,2.355302936310728
oos,resid_rev_6c,h48,5881,92,2,0.02953619694902655,6.712708530280215,0.027458407129020822,6.342825274106548,-0.0045904473021870324,-2.0642642115555017
oos,resid_rev_12c,h48,5881,92,2,0.037145122018377844,6.826704860330224,0.03400872985449124,6.456032719912267,0.0037536368839700637,1.377944104418283
oos,resid_rev_2c,h72,5875,92,3,0.015127777692374523,5.110686627468272,0.013983116366068405,4.767218239471692,0.0015016404684310692,0.6746028620852871
oos,resid_rev_3c,h72,5875,92,3,0.018636072658613362,5.311612784061241,0.017164546503053702,4.962792754768685,0.0037079925800644837,1.6107058930595761
oos,resid_rev_6c,h72,5875,92,3,0.026528460859858927,5.572936629311307,0.024269003934556495,5.250361437686245,-0.0033683879561456306,-1.4908189381443484
oos,resid_rev_12c,h72,5875,92,3,0.03176466063844424,5.179422565063022,0.02883970450871203,4.850165464950222,0.0021639226924853915,0.8630123239606512
oos,resid_rev_2c,m48,5881,92,2,0.009572312533222318,3.362130382343518,0.008403778573555896,3.0307916700337354,-0.0006471753995873764,-0.3164596257478664
oos,resid_rev_3c,m48,5881,92,2,0.011874271563660584,3.7160819001617122,0.010537639076069331,3.3970676089945093,0.0029325764778694832,1.3087826019272035
oos,resid_rev_6c,m48,5881,92,2,0.016183574916135673,4.242700057325127,0.014136841672629219,3.814313791231226,-0.0023007076279204786,-1.0927142393332068
oos,resid_rev_12c,m48,5881,92,2,0.023623262927199927,5.5137792385992945,0.021023411500349008,5.080122052217461,0.003243982594322966,1.2975670129898451
oos,resid_rev_2c,m72,5875,92,3,0.008005487140177979,2.6122141865178468,0.006811774816867312,2.2729551754872896,2.235928290340384e-05,0.010268127194267455
oos,resid_rev_3c,m72,5875,92,3,0.01206925726519873,3.3566175483724208,0.010493198530140632,2.9997085029054182,0.001589747706543196,0.696062819661289
oos,resid_rev_6c,m72,5875,92,3,0.018443862128724633,3.93364462298283,0.01636468100191143,3.6385102922521506,-0.0003135613370131991,-0.14610932028389412
oos,resid_rev_12c,m72,5875,92,3,0.02073123008550985,3.7392012181765093,0.018496805688989166,3.4602516667934546,0.00021322004394682705,0.08517738183748491
oos,resid_rev_2c,r4,5892,92,1,0.0332371732836742,13.482096045561267,0.03223412732503646,13.335519494466308,0.0008684592951178047,0.36750148822985346
oos,resid_rev_3c,r4,5892,92,1,0.03229995997271256,12.986062783241238,0.03101464981255407,12.675871787070083,0.003250540938009482,1.3558886529112564
oos,resid_rev_6c,r4,5892,92,1,0.02917531641364914,11.694048787708816,0.027514859242463347,11.317449610861622,-0.0015875632755595875,-1.0609658507937438
oos,resid_rev_12c,r4,5892,92,1,0.031177804891357647,12.882806722770024,0.02928316535749205,12.368449175738535,0.002606437859236209,1.6317920581344152
oos,resid_rev_2c,r12,5890,92,1,0.0254978982361411,8.455809396315814,0.024810869277833464,8.415534685228009,0.0034951975960051413,1.4985467975746134
oos,resid_rev_3c,r12,5890,92,1,0.0282732224770958,8.493394654322248,0.02722070069527323,8.364629426212401,0.0022189615429299052,0.9331613849128914
oos,resid_rev_6c,r12,5890,92,1,0.028427092167365522,8.022998187990712,0.02621770056261435,7.5928152830652405,-0.005640308896658347,-3.0100101756865127
oos,resid_rev_12c,r12,5890,92,1,0.035605713992354696,9.946518653557744,0.032878712644663965,9.438218447887612,0.0026860447898433104,1.2809568724845664
oos,resid_rev_2c,r24,5887,92,1,0.019310648539609548,6.174196903888442,0.018199571232195223,5.951469847311702,0.0025900827429328308,1.0452634654620951
oos,resid_rev_3c,r24,5887,92,1,0.022758377986712104,6.5136696865308625,0.021387372421792228,6.242849046778671,0.0037701841567052917,1.5557661891725987
oos,resid_rev_6c,r24,5887,92,1,0.028837777517756655,7.13827866239732,0.02668727114294599,6.737199831016585,-0.0035353667840677516,-1.709125876711103
oos,resid_rev_12c,r24,5887,92,1,0.03820273963928017,8.610575197670675,0.034880311728027184,8.0702296259786,0.002157010692931476,0.8860424563194782
oos,resid_rev_2c,r48,5881,92,2,0.0179360043887385,5.660890114565939,0.0170651375945054,5.4800951166024525,0.0022920344708160017,0.9838016775612893
oos,resid_rev_3c,r48,5881,92,2,0.021067213586195753,5.7120756355546085,0.020048669691413598,5.515511618080789,0.005043230041109794,2.157456746742843
oos,resid_rev_6c,r48,5881,92,2,0.028424572839837868,6.133226915064529,0.026735973644733048,5.86854271506374,-0.0030065661388537805,-1.3710185982960343
oos,resid_rev_12c,r48,5881,92,2,0.03761554330860257,6.626522119735888,0.03488038245167202,6.332367075959077,0.004368211512077666,1.6532435477894327
oos,resid_rev_2c,r72,5875,92,3,0.01530240432876128,4.809271694470432,0.014334107727996795,4.532389645595105,0.0008615458476714763,0.3629484742511444
oos,resid_rev_3c,r72,5875,92,3,0.018625614631790976,4.982333298931017,0.017346897890549245,4.694904818026242,0.0032423337188818967,1.3850595331194457
oos,resid_rev_6c,r72,5875,92,3,0.026515838450877783,5.186941302816766,0.024671275982714885,4.955144802699354,-0.002391309591982645,-1.043882868712587
oos,resid_rev_12c,r72,5875,92,3,0.032401033304912195,4.903490788231023,0.029899562654104477,4.652215025344705,0.0016871169656855985,0.665379873038991
oos,corr_12h,h4,5892,92,1,0.04134774299153253,21.926411787363573,0.03885203373479453,20.994032020466133,0.0003148669132147129,0.22217637676136537
oos,corr_1d,h4,5892,92,1,0.042658758952469344,22.08223439203797,0.03992001030541083,21.12150456256755,-0.005171272084743006,-2.416807679612105
oos,corr_3d,h4,5892,92,1,0.04150491822247195,20.357156750354324,0.03907033347477092,19.52164324541443,0.0016500063821223295,1.1632899291096221
oos,corr_12h,h12,5890,92,1,0.050516719790518944,17.7158295920666,0.04767320995699963,17.19147108876502,-0.0008771034092047918,-0.5468856386193894
oos,corr_1d,h12,5890,92,1,0.053681664617981344,17.83897760468408,0.05057314601226331,17.248057413812873,-0.00598427548591174,-2.8995356307120463
oos,corr_3d,h12,5890,92,1,0.054296249592673845,17.05024384636902,0.05154025564182665,16.56383439003002,0.003058637123720362,1.4678048746105146
oos,corr_12h,h24,5887,92,1,0.055109708367088894,15.80760916936009,0.05200558188596701,15.296624614204234,-0.0013580400146635963,-0.844351122694162
oos,corr_1d,h24,5887,92,1,0.05889860942914521,15.798586284480223,0.0555718570209025,15.289882634472512,-0.008582049283807801,-4.088278328078297
oos,corr_3d,h24,5887,92,1,0.060491529224822725,15.33207639245983,0.05762176859841692,14.95058381659104,0.002487061856225974,1.0112371645077005
oos,corr_12h,h48,5881,92,2,0.054983422774271595,11.736930681619128,0.05239682691164489,11.619579487241214,0.0005423941808798523,0.34009739813585377
oos,corr_1d,h48,5881,92,2,0.059382205764243516,11.611729336916815,0.05664239694997735,11.494643091148966,-0.008239381697182913,-3.8368592368669874
oos,corr_3d,h48,5881,92,2,0.060165447540697484,10.780635319242009,0.057831193619416355,10.692067732523284,0.0026734697396311314,0.8677957020062697
oos,corr_12h,h72,5875,92,3,0.054225694915240236,9.754238662868673,0.0518422892404046,9.677147432816168,0.0003353912437809734,0.21935933237096533
oos,corr_1d,h72,5875,92,3,0.05898073004907222,9.660815774072173,0.05646684211949236,9.593189107912446,-0.008693815523512118,-3.9479194619701845
oos,corr_3d,h72,5875,92,3,0.05954815167649538,9.009244286423415,0.05750708595249561,8.989847243637113,0.0031300080094678255,0.9227963627120755
oos,corr_12h,m48,5881,92,2,0.04432681507650216,11.20796417395426,0.04200706165300298,11.077430775528118,0.00274649824692144,1.7032810508900345
oos,corr_1d,m48,5881,92,2,0.04816675620570337,11.218957956637016,0.04578335553757461,11.106763482328901,-0.0052874406435279514,-2.4452412203270524
oos,corr_3d,m48,5881,92,2,0.04882374500984508,10.863562580500545,0.04675626608246865,10.768202771130309,0.0016963945148816902,0.6408339332539591
oos,corr_12h,m72,5875,92,3,0.04537334650909678,8.526999453796066,0.04353093101335904,8.480008474642243,0.0014619358403506037,0.896679443069991
oos,corr_1d,m72,5875,92,3,0.04900414176751053,8.482534037877441,0.047097967009662164,8.456006549838337,-0.006986612009111988,-3.1222041423165514
oos,corr_3d,m72,5875,92,3,0.04913222479825681,8.146164507895168,0.04765888291548379,8.156407533758852,0.0023444280337249577,0.6968381250908585
oos,corr_12h,r4,5892,92,1,0.042016956014144395,21.681387263229798,0.03962885132407199,20.688431484649026,0.0004397238780578567,0.312247870344404
oos,corr_1d,r4,5892,92,1,0.04326475985132726,21.660485994212625,0.040604218068360225,20.599351573998295,-0.0073807310769194836,-3.2559166751565685
oos,corr_3d,r4,5892,92,1,0.04154491494103795,20.155619946196985,0.039147214476229535,19.213554451683986,0.0026779732870668435,1.8963669953480478
oos,corr_12h,r12,5890,92,1,0.052562410755144236,17.569211203145734,0.05001166136251998,17.001803043246873,0.00043921447412063734,0.2781283973198347
oos,corr_1d,r12,5890,92,1,0.05491681778388206,17.544378979658845,0.052096987793531384,16.92153241294775,-0.008080362889529631,-3.6089584021467425
oos,corr_3d,r12,5890,92,1,0.05453288863658844,16.763558407063897,0.052084648972243526,16.259728336572937,0.004528222376356905,2.1649198858950927
oos,corr_12h,r24,5887,92,1,0.05717595733217483,15.70306487833956,0.054529207021304225,15.236629420842666,0.00017508390923044896,0.10876894321384838
oos,corr_1d,r24,5887,92,1,0.059919342798047386,15.599860533947597,0.05705359432869326,15.142139955504245,-0.008034956381048832,-3.492332388676175
oos,corr_3d,r24,5887,92,1,0.0604617153226678,15.1449184830047,0.058052734113094334,14.805862662445296,0.004463693509602946,1.780563005601013
oos,corr_12h,r48,5881,92,2,0.05685171132417617,11.812023431849552,0.0549029707431476,11.680849055636978,0.002080954381850453,1.2901832244982252
oos,corr_1d,r48,5881,92,2,0.06044373455784938,11.594030153188037,0.05845742030736858,11.497096802973243,-0.009187566219778774,-4.01480458331484
oos,corr_3d,r48,5881,92,2,0.06025979731227743,10.752747075247838,0.05864514995688978,10.697987398488918,0.0050950779376486045,1.610561088584225
oos,corr_12h,r72,5875,92,3,0.05600725207930143,9.856629405609802,0.0544933509873616,9.76192965581471,0.0024008627430015398,1.5322799513750187
oos,corr_1d,r72,5875,92,3,0.059470346452853505,9.56072541655812,0.05790402184799543,9.500906144204077,-0.0086407144317229,-3.839283899214372
oos,corr_3d,r72,5875,92,3,0.05946989203442505,8.864830997048548,0.058255330964514664,8.85640594919556,0.006436261991754368,1.803489646822275
oos,dd_1d,h4,5892,92,1,0.008534726693653572,3.3182144553653425,0.006524586953022443,2.5701548023090237,0.0019587865933198226,1.2070649030063192
oos,dd_3d,h4,5892,92,1,0.007002677078558303,2.66498201808975,0.005739384000709406,2.2196549213014314,0.004777684962181357,3.003717831560695
oos,dd_7d,h4,5892,92,1,0.007534609665211537,2.858667502842861,0.006465273561284557,2.5031055292796855,0.002575109356247948,1.5841745678612538
oos,dd_1d,h12,5890,92,1,0.023462375214399273,6.236387890305219,0.020823399926552223,5.6515518410602485,0.00829864010118118,4.354442638793526
oos,dd_3d,h12,5890,92,1,0.01644537103537707,4.093810318067692,0.014895412921251757,3.790366276447074,0.00837187015967837,3.944707259594647
oos,dd_7d,h12,5890,92,1,0.01568012939627942,3.8509040625879956,0.014690111531800762,3.692626604184411,0.007028840645304046,3.059427096724029
oos,dd_1d,h24,5887,92,1,0.028220576387352633,6.348810435653191,0.025369190089324024,5.834352305223703,0.0063739982684719275,3.2857591133894375
oos,dd_3d,h24,5887,92,1,0.02072682552235266,4.201517007947131,0.019119431734417523,3.959609233484623,0.006498666913785268,2.6465453094774385
oos,dd_7d,h24,5887,92,1,0.02045642012014607,4.002418747076346,0.019465836586743678,3.8952666086459904,0.007178160989485022,2.6400022518247495
oos,dd_1d,h48,5881,92,2,0.031139133313857245,5.429392168180633,0.02876261089429875,5.129204986081016,0.0035725571076849873,1.6170462918465243
oos,dd_3d,h48,5881,92,2,0.02621971560013139,4.085886779075601,0.02487898315487098,3.963822906988319,0.004304012432618334,1.4749135146006145
oos,dd_7d,h48,5881,92,2,0.026146169012178592,3.7757495732071686,0.025254399240689878,3.739295837958432,0.007279851739833036,2.027489451407787
oos,dd_1d,h72,5875,92,3,0.03519620799747504,5.394768527925631,0.03311523971017772,5.206944417478758,0.002408807249265953,1.0290605666030925
oos,dd_3d,h72,5875,92,3,0.03218743343782249,4.272997375269174,0.03097316224771084,4.225411356363845,0.0059928614324842025,1.8284903877284997
oos,dd_7d,h72,5875,92,3,0.032224535891455894,3.863347211552139,0.031208785630579678,3.8546061905207343,0.007776312684528927,1.8536310644291027
oos,dd_1d,m48,5881,92,2,0.033663298811471586,7.283274836569884,0.03241186918579327,7.174427948880239,0.0025881303012867097,1.28722050931862
oos,dd_3d,m48,5881,92,2,0.03315893198319822,6.753968244475376,0.03245253054991844,6.749056260030621,0.004067021389024876,1.615066880277661
oos,dd_7d,m48,5881,92,2,0.02884401217186167,5.396044245473242,0.028119343268463805,5.3981067081379885,0.0036296388009687173,1.2467416593471576
oos,dd_1d,m72,5875,92,3,0.03593016480195674,6.304426877240031,0.034916341500937885,6.268483980621237,0.002361073954131232,0.9960872877121656
oos,dd_3d,m72,5875,92,3,0.036026102679747034,5.604973688969351,0.0354010384945912,5.656394994770696,0.006692647255614795,2.1244850473330605
oos,dd_7d,m72,5875,92,3,0.03152348680867452,4.402528440488164,0.030821822492967832,4.441153217981088,0.00309766611762117,0.8285477228155501
oos,dd_1d,r4,5892,92,1,0.003738134162480864,1.3397460015515523,0.0017767122003446618,0.6472740466540037,0.0017316308289163755,1.0688016594567045
oos,dd_3d,r4,5892,92,1,0.00146287316357881,0.5195757215135596,0.0002852179769728614,0.10290965601122659,0.004455767701494466,2.8371870610642755
oos,dd_7d,r4,5892,92,1,0.002076829200941055,0.733440222822996,0.001181631682577734,0.4251687495051869,0.0021969265508607113,1.3683901514305192
oos,dd_1d,r12,5890,92,1,0.016326822453815035,3.924598905554889,0.013986611087548612,3.4357832948615585,0.0077358108417179515,4.068641071270047
oos,dd_3d,r12,5890,92,1,0.008539937572682023,1.954415670721892,0.00721017727544021,1.6850896032781904,0.008063168173487283,3.8287537839866275
oos,dd_7d,r12,5890,92,1,0.006972697814100706,1.5627967147382944,0.006232868594619926,1.4290162200532153,0.006099269548660077,2.6807498740312163
oos,dd_1d,r24,5887,92,1,0.019813018870373823,4.004244395785845,0.01727657413718146,3.576568797370066,0.006306267219267422,3.2651471038038564
oos,dd_3d,r24,5887,92,1,0.011098544783271616,2.051309299850906,0.009752333028039305,1.84372190658481,0.006064087432791989,2.5088327859323214
oos,dd_7d,r24,5887,92,1,0.009811956581376147,1.7486354040244736,0.009038910201351669,1.6504850343930266,0.006381025082073985,2.3894860416122907
oos,dd_1d,r48,5881,92,2,0.020374826060227575,3.133945155570899,0.018463283200806018,2.9137622061034976,0.003505103545862123,1.6273395212944275
oos,dd_3d,r48,5881,92,2,0.01451967395390005,2.006251313686201,0.013518536814024536,1.9123131031592797,0.004213731329551473,1.4735942890728935
oos,dd_7d,r48,5881,92,2,0.011294236427809962,1.4787930265473588,0.010756645139892313,1.4485044734701036,0.005719150193072412,1.6329046512195189
oos,dd_1d,r72,5875,92,3,0.021134442541834452,2.8332228181730654,0.01969155194969623,2.7120664618210655,0.002551933872191698,1.1205756220537004
oos,dd_3d,r72,5875,92,3,0.01696669350731956,1.9654232726693799,0.01617909946317568,1.925901183119664,0.0063144042725601,1.9619306915610837
oos,dd_7d,r72,5875,92,3,0.013779352448770541,1.4703119133898452,0.01324697988435634,1.4568921962218027,0.006642209015576885,1.6178907458819243
