open_time,fold,ic
2025-07-15 00:00:00+00:00,1,-0.13414634146341464
2025-07-15 04:00:00+00:00,1,-0.2390243902439025
2025-07-15 08:00:00+00:00,1,-0.06202090592334496
2025-07-15 12:00:00+00:00,1,-0.2628919860627178
2025-07-15 16:00:00+00:00,1,0.10000000000000002
2025-07-15 20:00:00+00:00,1,-0.2911149825783973
2025-07-16 00:00:00+00:00,1,0.42090592334494786
2025-07-16 04:00:00+00:00,1,-0.38240418118466907
2025-07-16 08:00:00+00:00,1,0.31602787456445997
2025-07-16 12:00:00+00:00,1,0.05714285714285716
2025-07-16 16:00:00+00:00,1,0.01480836236933798
2025-07-16 20:00:00+00:00,1,-0.22891986062717776
2025-07-17 00:00:00+00:00,1,0.46707317073170745
2025-07-17 04:00:00+00:00,1,-0.3771777003484321
2025-07-17 08:00:00+00:00,1,-0.1679442508710802
2025-07-17 12:00:00+00:00,1,0.402439024390244
2025-07-17 16:00:00+00:00,1,0.08066202090592337
2025-07-17 20:00:00+00:00,1,-0.09878048780487808
2025-07-18 00:00:00+00:00,1,-0.2614982578397213
2025-07-18 04:00:00+00:00,1,-0.20923344947735195
2025-07-18 08:00:00+00:00,1,-0.03588850174216029
2025-07-18 12:00:00+00:00,1,0.21184668989547042
2025-07-18 16:00:00+00:00,1,0.2134146341463415
2025-07-18 20:00:00+00:00,1,-0.04703832752613241
2025-07-19 00:00:00+00:00,1,-0.32317073170731714
2025-07-19 04:00:00+00:00,1,0.20853658536585368
2025-07-19 08:00:00+00:00,1,0.3686411149825785
2025-07-19 12:00:00+00:00,1,0.28885017421602793
2025-07-19 16:00:00+00:00,1,0.3317073170731708
2025-07-19 20:00:00+00:00,1,0.051742160278745654
2025-07-20 00:00:00+00:00,1,0.06202090592334496
2025-07-20 04:00:00+00:00,1,-0.01742160278745645
2025-07-20 08:00:00+00:00,1,-0.3909407665505227
2025-07-20 12:00:00+00:00,1,0.11846689895470384
2025-07-20 16:00:00+00:00,1,0.2811846689895471
2025-07-20 20:00:00+00:00,1,0.19756097560975616
2025-07-21 00:00:00+00:00,1,0.2501742160278746
2025-07-21 04:00:00+00:00,1,0.43484320557491296
2025-07-21 08:00:00+00:00,1,-0.3353658536585366
2025-07-21 12:00:00+00:00,1,0.026655052264808368
2025-07-21 16:00:00+00:00,1,0.017595818815331014
2025-07-21 20:00:00+00:00,1,-0.2581881533101046
2025-07-22 00:00:00+00:00,1,0.05121951219512196
2025-07-22 04:00:00+00:00,1,0.430836236933798
2025-07-22 08:00:00+00:00,1,0.2710801393728224
2025-07-22 12:00:00+00:00,1,-0.00034843205574912903
2025-07-22 16:00:00+00:00,1,0.3949477351916377
2025-07-22 20:00:00+00:00,1,-0.038327526132404185
2025-07-23 00:00:00+00:00,1,-0.06306620209059235
2025-07-23 04:00:00+00:00,1,0.132404181184669
2025-07-23 08:00:00+00:00,1,0.39668989547038336
2025-07-23 12:00:00+00:00,1,-0.00853658536585366
2025-07-23 16:00:00+00:00,1,0.058885017421602806
2025-07-23 20:00:00+00:00,1,0.3259581881533102
2025-07-24 00:00:00+00:00,1,-0.26968641114982583
2025-07-24 04:00:00+00:00,1,0.40540069686411156
2025-07-24 08:00:00+00:00,1,-0.047909407665505235
2025-07-24 12:00:00+00:00,1,0.11951219512195126
2025-07-24 16:00:00+00:00,1,-0.09407665505226483
2025-07-24 20:00:00+00:00,1,0.5862369337979095
2025-07-25 00:00:00+00:00,1,-0.0818815331010453
2025-07-25 04:00:00+00:00,1,-0.3965156794425088
2025-07-25 08:00:00+00:00,1,-0.15418118466898956
2025-07-25 12:00:00+00:00,1,0.5783972125435541
2025-07-25 16:00:00+00:00,1,0.4391986062717771
2025-07-25 20:00:00+00:00,1,-0.47299651567944256
2025-07-26 00:00:00+00:00,1,0.07160278745644601
2025-07-26 04:00:00+00:00,1,0.17595818815331013
2025-07-26 08:00:00+00:00,1,0.33449477351916385
2025-07-26 12:00:00+00:00,1,-0.04878048780487806
2025-07-26 16:00:00+00:00,1,0.24059233449477352
2025-07-26 20:00:00+00:00,1,0.2529616724738677
2025-07-27 00:00:00+00:00,1,-0.05487804878048781
2025-07-27 04:00:00+00:00,1,0.06881533101045298
2025-07-27 08:00:00+00:00,1,-0.04303135888501743
2025-07-27 12:00:00+00:00,1,0.19111498257839724
2025-07-27 16:00:00+00:00,1,-0.3649825783972126
2025-07-27 20:00:00+00:00,1,0.12038327526132409
2025-07-28 00:00:00+00:00,1,0.21672473867595826
2025-07-28 04:00:00+00:00,1,-0.14425087108013943
2025-07-28 08:00:00+00:00,1,-0.04930313588850175
2025-07-28 12:00:00+00:00,1,0.16324041811846693
2025-07-28 16:00:00+00:00,1,0.3465156794425088
2025-07-28 20:00:00+00:00,1,0.398432055749129
2025-07-29 00:00:00+00:00,1,0.23397212543554013
2025-07-29 04:00:00+00:00,1,-0.21306620209059238
2025-07-29 08:00:00+00:00,1,0.28885017421602793
2025-07-29 12:00:00+00:00,1,0.5655052264808363
2025-07-29 16:00:00+00:00,1,-0.031184668989547044
2025-07-29 20:00:00+00:00,1,0.02090592334494774
2025-07-30 00:00:00+00:00,1,0.29843205574912895
2025-07-30 04:00:00+00:00,1,0.08606271777003487
2025-07-30 08:00:00+00:00,1,0.06986062717770036
2025-07-30 12:00:00+00:00,1,0.09756097560975611
2025-07-30 16:00:00+00:00,1,-0.29547038327526143
2025-07-30 20:00:00+00:00,1,0.3742160278745645
2025-07-31 00:00:00+00:00,1,-0.07526132404181186
2025-07-31 04:00:00+00:00,1,-0.1653310104529617
2025-07-31 08:00:00+00:00,1,-0.1790940766550523
2025-07-31 12:00:00+00:00,1,0.48989547038327536
2025-07-31 16:00:00+00:00,1,0.007491289198606273
2025-07-31 20:00:00+00:00,1,0.4033101045296168
2025-08-01 00:00:00+00:00,1,-0.09390243902439026
2025-08-01 04:00:00+00:00,1,0.21707317073170737
2025-08-01 08:00:00+00:00,1,-0.19459930313588855
2025-08-01 12:00:00+00:00,1,-0.1104529616724739
2025-08-01 16:00:00+00:00,1,-0.19982578397212547
2025-08-01 20:00:00+00:00,1,0.21515679442508714
2025-08-02 00:00:00+00:00,1,-0.10121951219512196
2025-08-02 04:00:00+00:00,1,-0.03693379790940768
2025-08-02 08:00:00+00:00,1,0.5452961672473868
2025-08-02 12:00:00+00:00,1,-0.11289198606271779
2025-08-02 16:00:00+00:00,1,0.017595818815331014
2025-08-02 20:00:00+00:00,1,-0.23257839721254359
2025-08-03 00:00:00+00:00,1,0.16707317073170735
2025-08-03 04:00:00+00:00,1,-0.24756097560975612
2025-08-03 08:00:00+00:00,1,-0.02491289198606272
2025-08-03 12:00:00+00:00,1,0.23083623693379793
2025-08-03 16:00:00+00:00,1,-0.2128919860627178
2025-08-03 20:00:00+00:00,1,0.06184668989547039
2025-08-04 00:00:00+00:00,1,-0.2498257839721255
2025-08-04 04:00:00+00:00,1,0.060452961672473875
2025-08-04 08:00:00+00:00,1,0.15418118466898956
2025-08-04 12:00:00+00:00,1,-0.07177700348432058
2025-08-04 16:00:00+00:00,1,0.18710801393728224
2025-08-04 20:00:00+00:00,1,-0.2522648083623694
2025-08-05 00:00:00+00:00,1,0.02491289198606272
2025-08-05 04:00:00+00:00,1,-0.322822299651568
2025-08-05 08:00:00+00:00,1,-0.26376306620209067
2025-08-05 12:00:00+00:00,1,0.49337979094076656
2025-08-05 16:00:00+00:00,1,0.32229965156794427
2025-08-05 20:00:00+00:00,1,0.1294425087108014
2025-08-06 00:00:00+00:00,1,0.39407665505226486
2025-08-06 04:00:00+00:00,1,-0.20592334494773523
2025-08-06 08:00:00+00:00,1,0.3961672473867596
2025-08-06 12:00:00+00:00,1,0.3045296167247387
2025-08-06 16:00:00+00:00,1,0.07595818815331011
2025-08-06 20:00:00+00:00,1,-0.05714285714285716
2025-08-07 00:00:00+00:00,1,-0.16358885017421607
2025-08-07 04:00:00+00:00,1,0.17996515679442515
2025-08-07 08:00:00+00:00,1,0.02299651567944251
2025-08-07 12:00:00+00:00,1,0.2719512195121952
2025-08-07 16:00:00+00:00,1,0.2902439024390245
2025-08-07 20:00:00+00:00,1,-0.02543554006968642
2025-08-08 00:00:00+00:00,1,-0.2625435540069687
2025-08-08 04:00:00+00:00,1,0.00853658536585366
2025-08-08 08:00:00+00:00,1,0.16027874564459932
2025-08-08 12:00:00+00:00,1,0.2966898954703833
2025-08-08 16:00:00+00:00,1,-0.10121951219512196
2025-08-08 20:00:00+00:00,1,0.1329268292682927
2025-08-09 00:00:00+00:00,1,-0.3099303135888502
2025-08-09 04:00:00+00:00,1,0.03379790940766551
2025-08-09 08:00:00+00:00,1,-0.08432055749128921
2025-08-09 12:00:00+00:00,1,-0.37003484320557495
2025-08-09 16:00:00+00:00,1,-0.6193379790940767
2025-08-09 20:00:00+00:00,1,-0.08937282229965159
2025-08-10 00:00:00+00:00,1,0.7229965156794426
2025-08-10 04:00:00+00:00,1,0.453658536585366
2025-08-10 08:00:00+00:00,1,0.2559233449477352
2025-08-10 12:00:00+00:00,1,-0.21672473867595826
2025-08-10 16:00:00+00:00,1,-0.1315331010452962
2025-08-10 20:00:00+00:00,1,0.26010452961672476
2025-08-11 00:00:00+00:00,1,0.514808362369338
2025-08-11 04:00:00+00:00,1,0.08031358885017423
2025-08-11 08:00:00+00:00,1,0.29512195121951224
2025-08-11 12:00:00+00:00,1,-0.2400696864111499
2025-08-11 16:00:00+00:00,1,0.5069686411149826
2025-08-11 20:00:00+00:00,1,-0.08606271777003487
2025-08-12 00:00:00+00:00,1,-0.24947735191637635
2025-08-12 04:00:00+00:00,1,0.38257839721254366
2025-08-12 08:00:00+00:00,1,0.10975609756097562
2025-08-12 12:00:00+00:00,1,-0.11080139372822301
2025-08-12 16:00:00+00:00,1,0.22264808362369345
2025-08-12 20:00:00+00:00,1,0.13850174216027877
2025-08-13 00:00:00+00:00,1,-0.151219512195122
2025-08-13 04:00:00+00:00,1,0.15435540069686415
2025-08-13 08:00:00+00:00,1,0.31759581881533105
2025-08-13 12:00:00+00:00,1,0.2358885017421603
2025-08-13 16:00:00+00:00,1,-0.042682926829268296
2025-08-13 20:00:00+00:00,1,-0.06933797909407667
2025-08-16 00:00:00+00:00,2,0.093205574912892
2025-08-16 04:00:00+00:00,2,0.075609756097561
2025-08-16 08:00:00+00:00,2,0.3801393728222997
2025-08-16 12:00:00+00:00,2,0.013066202090592336
2025-08-16 16:00:00+00:00,2,0.2749128919860628
2025-08-16 20:00:00+00:00,2,0.05470383275261326
2025-08-17 00:00:00+00:00,2,-0.20958188153310112
2025-08-17 04:00:00+00:00,2,-0.01672473867595819
2025-08-17 08:00:00+00:00,2,-0.13414634146341464
2025-08-17 12:00:00+00:00,2,-0.3738675958188154
2025-08-17 16:00:00+00:00,2,0.6280487804878049
2025-08-17 20:00:00+00:00,2,-0.37299651567944264
2025-08-18 00:00:00+00:00,2,-0.052787456445993045
2025-08-18 04:00:00+00:00,2,-0.014459930313588854
2025-08-18 08:00:00+00:00,2,0.10627177700348434
2025-08-18 12:00:00+00:00,2,0.3221254355400697
2025-08-18 16:00:00+00:00,2,0.2320557491289199
2025-08-18 20:00:00+00:00,2,0.1590592334494774
2025-08-19 00:00:00+00:00,2,0.02334494773519164
2025-08-19 04:00:00+00:00,2,0.129616724738676
2025-08-19 08:00:00+00:00,2,-0.19355400696864117
2025-08-19 12:00:00+00:00,2,-0.1526132404181185
2025-08-19 16:00:00+00:00,2,0.10435540069686414
2025-08-19 20:00:00+00:00,2,0.2839721254355401
2025-08-20 00:00:00+00:00,2,0.07613240418118468
2025-08-20 04:00:00+00:00,2,-0.20226480836236937
2025-08-20 08:00:00+00:00,2,0.07334494773519165
2025-08-20 12:00:00+00:00,2,-0.4400696864111499
2025-08-20 16:00:00+00:00,2,0.06689895470383277
2025-08-20 20:00:00+00:00,2,-0.02125435540069687
2025-08-21 00:00:00+00:00,2,0.20836236933797914
2025-08-21 04:00:00+00:00,2,0.318815331010453
2025-08-21 08:00:00+00:00,2,0.042160278745644604
2025-08-21 12:00:00+00:00,2,0.15052264808362373
2025-08-21 16:00:00+00:00,2,0.025783972125435543
2025-08-21 20:00:00+00:00,2,-0.2790940766550523
2025-08-22 00:00:00+00:00,2,0.06184668989547039
2025-08-22 04:00:00+00:00,2,-0.25540069686411154
2025-08-22 08:00:00+00:00,2,0.42770034843205584
2025-08-22 12:00:00+00:00,2,-0.19651567944250875
2025-08-22 16:00:00+00:00,2,-0.06411149825783974
2025-08-22 20:00:00+00:00,2,0.05261324041811848
2025-08-23 00:00:00+00:00,2,-0.02491289198606272
2025-08-23 04:00:00+00:00,2,0.29355400696864115
2025-08-23 08:00:00+00:00,2,-0.021080139372822302
2025-08-23 12:00:00+00:00,2,-0.17055749128919864
2025-08-23 16:00:00+00:00,2,-0.03693379790940768
2025-08-23 20:00:00+00:00,2,0.09547038327526133
2025-08-24 00:00:00+00:00,2,0.41968641114982586
2025-08-24 04:00:00+00:00,2,0.16219512195121955
2025-08-24 08:00:00+00:00,2,-0.02317073170731708
2025-08-24 12:00:00+00:00,2,-0.28937282229965167
2025-08-24 16:00:00+00:00,2,0.006794425087108015
2025-08-24 20:00:00+00:00,2,0.19268292682926833
2025-08-25 00:00:00+00:00,2,-0.25452961672473867
2025-08-25 04:00:00+00:00,2,0.3087108013937283
2025-08-25 08:00:00+00:00,2,0.27386759581881537
2025-08-25 12:00:00+00:00,2,0.3094076655052265
2025-08-25 16:00:00+00:00,2,0.1531358885017422
2025-08-25 20:00:00+00:00,2,0.24721254355400704
2025-08-26 00:00:00+00:00,2,0.02560975609756098
2025-08-26 04:00:00+00:00,2,-0.13902439024390248
2025-08-26 08:00:00+00:00,2,0.07473867595818817
2025-08-26 12:00:00+00:00,2,-0.38222996515679447
2025-08-26 16:00:00+00:00,2,0.22055749128919863
2025-08-26 20:00:00+00:00,2,0.3198606271777004
2025-08-27 00:00:00+00:00,2,-0.20522648083623696
2025-08-27 04:00:00+00:00,2,-0.014459930313588854
2025-08-27 08:00:00+00:00,2,-0.20783972125435546
2025-08-27 12:00:00+00:00,2,0.08763066202090594
2025-08-27 16:00:00+00:00,2,0.6135888501742162
2025-08-27 20:00:00+00:00,2,-0.3047038327526133
2025-08-28 00:00:00+00:00,2,-0.13954703832752616
2025-08-28 04:00:00+00:00,2,-0.01846689895470384
2025-08-28 08:00:00+00:00,2,0.08170731707317076
2025-08-28 12:00:00+00:00,2,0.03449477351916377
2025-08-28 16:00:00+00:00,2,-0.09599303135888504
2025-08-28 20:00:00+00:00,2,-0.21254355400696867
2025-08-29 00:00:00+00:00,2,0.11289198606271779
2025-08-29 04:00:00+00:00,2,0.41393728222996523
2025-08-29 08:00:00+00:00,2,0.04494773519163764
2025-08-29 12:00:00+00:00,2,-0.03554006968641116
2025-08-29 16:00:00+00:00,2,0.35139372822299664
2025-08-29 20:00:00+00:00,2,-0.22055749128919863
2025-08-30 00:00:00+00:00,2,0.06271777003484322
2025-08-30 04:00:00+00:00,2,0.13797909407665507
2025-08-30 08:00:00+00:00,2,-0.03710801393728223
2025-08-30 12:00:00+00:00,2,0.4318815331010454
2025-08-30 16:00:00+00:00,2,0.47944250871080146
2025-08-30 20:00:00+00:00,2,-0.048083623693379804
2025-08-31 00:00:00+00:00,2,0.2726480836236934
2025-08-31 04:00:00+00:00,2,-0.08623693379790942
2025-08-31 08:00:00+00:00,2,-0.3067944250871081
2025-08-31 12:00:00+00:00,2,0.39059233449477365
2025-08-31 16:00:00+00:00,2,-0.28675958188153317
2025-08-31 20:00:00+00:00,2,0.24233449477351918
2025-09-01 00:00:00+00:00,2,0.04686411149825785
2025-09-01 04:00:00+00:00,2,0.14181184668989552
2025-09-01 08:00:00+00:00,2,-0.08501742160278748
2025-09-01 12:00:00+00:00,2,0.6280487804878049
2025-09-01 16:00:00+00:00,2,0.22212543554006975
2025-09-01 20:00:00+00:00,2,0.09651567944250873
2025-09-02 00:00:00+00:00,2,0.24668989547038328
2025-09-02 04:00:00+00:00,2,-0.25557491289198614
2025-09-02 08:00:00+00:00,2,-0.2907665505226481
2025-09-02 12:00:00+00:00,2,0.33710801393728224
2025-09-02 16:00:00+00:00,2,0.04303135888501743
2025-09-02 20:00:00+00:00,2,-0.3919860627177701
2025-09-03 00:00:00+00:00,2,-0.13919860627177702
2025-09-03 04:00:00+00:00,2,0.030662020905923352
2025-09-03 08:00:00+00:00,2,0.09111498257839724
2025-09-03 12:00:00+00:00,2,0.15278745644599306
2025-09-03 16:00:00+00:00,2,-0.006620209059233451
2025-09-03 20:00:00+00:00,2,-0.0047038327526132415
2025-09-04 00:00:00+00:00,2,0.3099303135888502
2025-09-04 04:00:00+00:00,2,0.08013937282229966
2025-09-04 08:00:00+00:00,2,0.38972125435540084
2025-09-04 12:00:00+00:00,2,0.25905923344947746
2025-09-04 16:00:00+00:00,2,0.17613240418118473
2025-09-04 20:00:00+00:00,2,-0.21672473867595826
2025-09-05 00:00:00+00:00,2,-0.2064459930313589
2025-09-05 04:00:00+00:00,2,-0.04965156794425087
2025-09-05 08:00:00+00:00,2,-0.30226480836236935
2025-09-05 12:00:00+00:00,2,-0.18972125435540074
2025-09-05 16:00:00+00:00,2,-0.4351916376306621
2025-09-05 20:00:00+00:00,2,-0.38240418118466907
2025-09-06 00:00:00+00:00,2,-0.08867595818815333
2025-09-06 04:00:00+00:00,2,0.11777003484320561
2025-09-06 08:00:00+00:00,2,-0.12125435540069689
2025-09-06 12:00:00+00:00,2,0.07595818815331011
2025-09-06 16:00:00+00:00,2,0.04181184668989548
2025-09-06 20:00:00+00:00,2,-0.14860627177700353
2025-09-07 00:00:00+00:00,2,-0.10278745644599305
2025-09-07 04:00:00+00:00,2,-0.06829268292682927
2025-09-07 08:00:00+00:00,2,-0.02491289198606272
2025-09-07 12:00:00+00:00,2,-0.13954703832752616
2025-09-07 16:00:00+00:00,2,0.3263066202090593
2025-09-07 20:00:00+00:00,2,0.055923344947735196
2025-09-08 00:00:00+00:00,2,-0.05557491289198607
2025-09-08 04:00:00+00:00,2,0.007491289198606273
2025-09-08 08:00:00+00:00,2,0.05696864111498259
2025-09-08 12:00:00+00:00,2,-0.23397212543554013
2025-09-08 16:00:00+00:00,2,0.18954703832752617
2025-09-08 20:00:00+00:00,2,-0.4688153310104531
2025-09-09 00:00:00+00:00,2,-0.2541811846689896
2025-09-09 04:00:00+00:00,2,0.01637630662020906
2025-09-09 08:00:00+00:00,2,-0.07299651567944253
2025-09-09 12:00:00+00:00,2,0.5337979094076656
2025-09-09 16:00:00+00:00,2,-0.1310104529616725
2025-09-09 20:00:00+00:00,2,0.24059233449477352
2025-09-10 00:00:00+00:00,2,-0.20000000000000004
2025-09-10 04:00:00+00:00,2,0.5337979094076656
2025-09-10 08:00:00+00:00,2,0.07717770034843208
2025-09-10 12:00:00+00:00,2,0.01428571428571429
2025-09-10 16:00:00+00:00,2,0.40470383275261335
2025-09-10 20:00:00+00:00,2,-0.3947735191637632
2025-09-11 00:00:00+00:00,2,0.23484320557491295
2025-09-11 04:00:00+00:00,2,0.16358885017421607
2025-09-11 08:00:00+00:00,2,0.41358885017421615
2025-09-11 12:00:00+00:00,2,0.34634146341463423
2025-09-11 16:00:00+00:00,2,-0.1693379790940767
2025-09-11 20:00:00+00:00,2,-0.06742160278745646
2025-09-12 00:00:00+00:00,2,-0.16202090592334498
2025-09-12 04:00:00+00:00,2,0.14634146341463417
2025-09-12 08:00:00+00:00,2,0.035017421602787466
2025-09-12 12:00:00+00:00,2,0.1834494773519164
2025-09-12 16:00:00+00:00,2,0.038153310104529624
2025-09-12 20:00:00+00:00,2,0.02439024390243903
2025-09-13 00:00:00+00:00,2,-0.0027874564459930322
2025-09-13 04:00:00+00:00,2,0.25557491289198614
2025-09-13 08:00:00+00:00,2,-0.197212543554007
2025-09-13 12:00:00+00:00,2,-0.11777003484320561
2025-09-13 16:00:00+00:00,2,0.18484320557491293
2025-09-13 20:00:00+00:00,2,-0.03101045296167248
2025-09-14 00:00:00+00:00,2,0.13623693379790944
2025-09-14 04:00:00+00:00,2,-0.40487804878048783
2025-09-14 08:00:00+00:00,2,0.35139372822299664
2025-09-14 12:00:00+00:00,2,-0.05087108013937284
2025-09-14 16:00:00+00:00,2,0.26933797909407675
2025-09-14 20:00:00+00:00,2,0.3465156794425088
2025-09-17 00:00:00+00:00,3,-0.20731707317073172
2025-09-17 04:00:00+00:00,3,0.3705574912891987
2025-09-17 08:00:00+00:00,3,-0.2621951219512196
2025-09-17 12:00:00+00:00,3,0.34930313588850176
2025-09-17 16:00:00+00:00,3,-0.31602787456445997
2025-09-17 20:00:00+00:00,3,-0.24895470383275264
2025-09-18 00:00:00+00:00,3,0.3388501742160279
2025-09-18 04:00:00+00:00,3,-0.2874564459930314
2025-09-18 08:00:00+00:00,3,0.02630662020905924
2025-09-18 12:00:00+00:00,3,-0.1304878048780488
2025-09-18 16:00:00+00:00,3,0.1590592334494774
2025-09-18 20:00:00+00:00,3,-0.04372822299651569
2025-09-19 00:00:00+00:00,3,0.1961672473867596
2025-09-19 04:00:00+00:00,3,0.129616724738676
2025-09-19 08:00:00+00:00,3,0.4736933797909409
2025-09-19 12:00:00+00:00,3,0.1304878048780488
2025-09-19 16:00:00+00:00,3,-0.021080139372822302
2025-09-19 20:00:00+00:00,3,0.2811846689895471
2025-09-20 00:00:00+00:00,3,0.2886759581881534
2025-09-20 04:00:00+00:00,3,-0.017595818815331014
2025-09-20 08:00:00+00:00,3,0.5764808362369339
2025-09-20 12:00:00+00:00,3,-0.42369337979094085
2025-09-20 16:00:00+00:00,3,0.21184668989547042
2025-09-20 20:00:00+00:00,3,-0.16114982578397213
2025-09-21 00:00:00+00:00,3,0.0318815331010453
2025-09-21 04:00:00+00:00,3,0.07421602787456447
2025-09-21 08:00:00+00:00,3,0.48240418118466916
2025-09-21 12:00:00+00:00,3,0.07282229965156796
2025-09-21 16:00:00+00:00,3,0.3508710801393729
2025-09-21 20:00:00+00:00,3,0.14320557491289201
2025-09-22 00:00:00+00:00,3,0.20696864111498262
2025-09-22 04:00:00+00:00,3,-0.26358885017421607
2025-09-22 08:00:00+00:00,3,-0.021951219512195128
2025-09-22 12:00:00+00:00,3,0.0402439024390244
2025-09-22 16:00:00+00:00,3,0.15087108013937287
2025-09-22 20:00:00+00:00,3,-0.0270034843205575
2025-09-23 00:00:00+00:00,3,0.15034843205574916
2025-09-23 04:00:00+00:00,3,0.15731707317073176
2025-09-23 08:00:00+00:00,3,0.1986062717770035
2025-09-23 12:00:00+00:00,3,-0.0010533992383113201
2025-09-23 16:00:00+00:00,3,0.3208005834211166
2025-09-23 20:00:00+00:00,3,-0.21740539664532857
2025-09-24 00:00:00+00:00,3,0.16992140021067986
2025-09-24 04:00:00+00:00,3,-0.1358885017421603
2025-09-24 08:00:00+00:00,3,-0.10315209464387004
2025-09-24 12:00:00+00:00,3,0.15225670529130542
2025-09-24 16:00:00+00:00,3,0.11012073575885262
2025-09-24 20:00:00+00:00,3,0.033141560651486913
2025-09-25 00:00:00+00:00,3,0.42127866461388874
2025-09-25 04:00:00+00:00,3,0.09585933068633012
2025-09-25 08:00:00+00:00,3,-0.02730734948545499
2025-09-25 12:00:00+00:00,3,0.1926099991896929
2025-09-25 16:00:00+00:00,3,-0.20995057126651
2025-09-25 20:00:00+00:00,3,0.22404991491775383
2025-09-26 00:00:00+00:00,3,0.05874726521351593
2025-09-26 04:00:00+00:00,3,0.1349161332144883
2025-09-26 08:00:00+00:00,3,0.48286200469978124
2025-09-26 12:00:00+00:00,3,-0.17899683980228506
2025-09-26 16:00:00+00:00,3,-0.28449882505469576
2025-09-26 20:00:00+00:00,3,0.19617535045782356
2025-09-27 00:00:00+00:00,3,0.09683169921400211
2025-09-27 04:00:00+00:00,3,0.18953083218539826
2025-09-27 08:00:00+00:00,3,0.16262863625313995
2025-09-27 12:00:00+00:00,3,-0.12389595656753911
2025-09-27 16:00:00+00:00,3,0.057612835264565274
2025-09-27 20:00:00+00:00,3,0.18418280528320236
2025-09-28 00:00:00+00:00,3,0.47459687221456925
2025-09-28 04:00:00+00:00,3,0.1845069281257597
2025-09-28 08:00:00+00:00,3,-0.08062555708613565
2025-09-28 12:00:00+00:00,3,0.09991086621829674
2025-09-28 16:00:00+00:00,3,-0.27607163114820515
2025-09-28 20:00:00+00:00,3,-0.09083542662669153
2025-09-29 00:00:00+00:00,3,0.13912973016773358
2025-09-29 04:00:00+00:00,3,-0.2644032088161413
2025-09-29 08:00:00+00:00,3,-0.03784134186856819
2025-09-29 12:00:00+00:00,3,-0.16441131188720526
2025-09-29 16:00:00+00:00,3,0.030386516489749615
2025-09-29 20:00:00+00:00,3,-0.20071307025362614
2025-09-30 00:00:00+00:00,3,0.008508224617129892
2025-09-30 04:00:00+00:00,3,0.27574750830564787
2025-09-30 08:00:00+00:00,3,0.0611781865326959
2025-09-30 12:00:00+00:00,3,0.0854873997244956
2025-09-30 16:00:00+00:00,3,-0.20217162304513414
2025-09-30 20:00:00+00:00,3,0.020500769791751076
2025-10-01 00:00:00+00:00,3,0.04254112308564946
2025-10-01 04:00:00+00:00,3,-0.0418928774005348
2025-10-01 08:00:00+00:00,3,0.15258082813386273
2025-10-01 12:00:00+00:00,3,0.07268454744348109
2025-10-01 16:00:00+00:00,3,-0.17932096264484243
2025-10-01 20:00:00+00:00,3,0.2656997001863707
2025-10-02 00:00:00+00:00,3,-0.1820760068065797
2025-10-02 04:00:00+00:00,3,-0.31950409205088726
2025-10-02 08:00:00+00:00,3,0.10120735758852606
2025-10-02 12:00:00+00:00,3,0.4070172595413662
2025-10-02 16:00:00+00:00,3,0.0005672149744753262
2025-10-02 20:00:00+00:00,3,0.0850012154606596
2025-10-03 00:00:00+00:00,3,0.34089619965967105
2025-10-03 04:00:00+00:00,3,0.11401020986954057
2025-10-03 08:00:00+00:00,3,-0.2629446560246334
2025-10-03 12:00:00+00:00,3,0.03233125354509359
2025-10-03 16:00:00+00:00,3,0.013532128676768496
2025-10-03 20:00:00+00:00,3,-0.029900332225913623
2025-10-04 00:00:00+00:00,3,-0.09229397941819951
2025-10-04 04:00:00+00:00,3,-0.04772708856656674
2025-10-04 08:00:00+00:00,3,0.2561380763309294
2025-10-04 12:00:00+00:00,3,0.034113929179158904
2025-10-04 16:00:00+00:00,3,-0.27769224536099185
2025-10-04 20:00:00+00:00,3,-0.0525328330206379
2025-10-05 00:00:00+00:00,3,0.09587242026266417
2025-10-05 04:00:00+00:00,3,-0.21350844277673547
2025-10-05 08:00:00+00:00,3,0.08367729831144466
2025-10-05 12:00:00+00:00,3,0.2679174484052533
2025-10-05 16:00:00+00:00,3,0.22476547842401504
2025-10-05 20:00:00+00:00,3,0.150281425891182
2025-10-06 00:00:00+00:00,3,0.2705440900562852
2025-10-06 04:00:00+00:00,3,0.1988742964352721
2025-10-06 08:00:00+00:00,3,-0.2086303939962477
2025-10-06 12:00:00+00:00,3,-0.042213883677298315
2025-10-06 16:00:00+00:00,3,-0.0009380863039399625
2025-10-06 20:00:00+00:00,3,-0.3669793621013134
2025-10-07 00:00:00+00:00,3,0.21519699812382742
2025-10-07 04:00:00+00:00,3,0.29061913696060043
2025-10-07 08:00:00+00:00,3,-0.34484052532833026
2025-10-07 12:00:00+00:00,3,0.1682926829268293
2025-10-07 16:00:00+00:00,3,-0.13151969981238276
2025-10-07 20:00:00+00:00,3,0.1649155722326454
2025-10-08 00:00:00+00:00,3,0.3206378986866792
2025-10-08 04:00:00+00:00,3,-0.12082551594746718
2025-10-08 08:00:00+00:00,3,-0.04746716697936211
2025-10-08 12:00:00+00:00,3,-0.036022514071294566
2025-10-08 16:00:00+00:00,3,0.025703564727954976
2025-10-08 20:00:00+00:00,3,-0.06604127579737337
2025-10-09 00:00:00+00:00,3,0.2902439024390244
2025-10-09 04:00:00+00:00,3,0.07410881801125704
2025-10-09 08:00:00+00:00,3,0.2210131332082552
2025-10-09 12:00:00+00:00,3,0.36791744840525337
2025-10-09 16:00:00+00:00,3,-0.2181988742964353
2025-10-09 20:00:00+00:00,3,0.030769230769230774
2025-10-10 00:00:00+00:00,3,-0.23037031034762176
2025-10-10 04:00:00+00:00,3,0.19131350781946357
2025-10-10 08:00:00+00:00,3,-0.2585689976501094
2025-10-10 12:00:00+00:00,3,0.004294627663884613
2025-10-10 16:00:00+00:00,3,-0.3306863301191152
2025-10-10 20:00:00+00:00,3,0.1660319260999919
2025-10-11 00:00:00+00:00,3,0.038975771817518844
2025-10-11 04:00:00+00:00,3,-0.2472246981606029
2025-10-11 08:00:00+00:00,3,0.43359533263106725
2025-10-11 12:00:00+00:00,3,-0.09083542662669153
2025-10-11 16:00:00+00:00,3,0.09926262053318208
2025-10-11 20:00:00+00:00,3,-0.1798071469086784
2025-10-12 00:00:00+00:00,3,0.21821570375172192
2025-10-12 04:00:00+00:00,3,0.1673284174702212
2025-10-12 08:00:00+00:00,3,0.08483915403938094
2025-10-12 12:00:00+00:00,3,0.12195121951219513
2025-10-12 16:00:00+00:00,3,-0.2026578073089701
2025-10-12 20:00:00+00:00,3,0.6206142127866462
2025-10-13 00:00:00+00:00,3,0.22567052913054048
2025-10-13 04:00:00+00:00,3,0.043027307349485455
2025-10-13 08:00:00+00:00,3,-0.0017016449234259785
2025-10-13 12:00:00+00:00,3,0.010128838829916538
2025-10-13 16:00:00+00:00,3,0.1334575804229803
2025-10-13 20:00:00+00:00,3,-0.417713313345758
2025-10-14 00:00:00+00:00,3,0.04205493882181347
2025-10-14 04:00:00+00:00,3,0.0026740134510979665
2025-10-14 08:00:00+00:00,3,-0.3854630905113038
2025-10-14 12:00:00+00:00,3,0.19909245604083947
2025-10-14 16:00:00+00:00,3,0.06425735353699052
2025-10-14 20:00:00+00:00,3,0.19277206061097155
2025-10-15 00:00:00+00:00,3,-0.3094562839316101
2025-10-15 04:00:00+00:00,3,-0.11773762255894984
2025-10-15 08:00:00+00:00,3,-0.22874969613483512
2025-10-15 12:00:00+00:00,3,0.07349485454987441
2025-10-15 16:00:00+00:00,3,0.37022931691110933
2025-10-15 20:00:00+00:00,3,0.051292439834697355
2025-10-16 00:00:00+00:00,3,0.31512843367636334
2025-10-16 04:00:00+00:00,3,-0.39048699457094244
2025-10-16 08:00:00+00:00,3,0.5019852524106636
2025-10-16 12:00:00+00:00,3,-0.6131593874078276
2025-10-16 16:00:00+00:00,3,-0.28903654485049834
2025-10-16 20:00:00+00:00,3,-0.024066121059881696
2025-10-19 00:00:00+00:00,4,-0.16830078599789322
2025-10-19 04:00:00+00:00,4,0.016611295681063124
2025-10-19 08:00:00+00:00,4,-0.0012154606595899846
2025-10-19 12:00:00+00:00,4,0.13848148448261893
2025-10-19 16:00:00+00:00,4,0.25970342759906007
2025-10-19 20:00:00+00:00,4,-0.18077951543635037
2025-10-20 00:00:00+00:00,4,0.5776679361478
2025-10-20 04:00:00+00:00,4,0.3934041001539584
2025-10-20 08:00:00+00:00,4,-0.16668017178510655
2025-10-20 12:00:00+00:00,4,0.11028279718013127
2025-10-20 16:00:00+00:00,4,0.23393566161575238
2025-10-20 20:00:00+00:00,4,-0.1185479296653432
2025-10-21 00:00:00+00:00,4,-0.1491775382870108
2025-10-21 04:00:00+00:00,4,-0.21691921238149262
2025-10-21 08:00:00+00:00,4,0.5034438052021716
2025-10-21 12:00:00+00:00,4,0.41544445344785674
2025-10-21 16:00:00+00:00,4,-0.5499554331091484
2025-10-21 20:00:00+00:00,4,-0.32387975042541123
2025-10-22 00:00:00+00:00,4,0.1637630662020906
2025-10-22 04:00:00+00:00,4,-0.2462523296329309
2025-10-22 08:00:00+00:00,4,-0.31820760068065795
2025-10-22 12:00:00+00:00,4,0.5390973178834779
2025-10-22 16:00:00+00:00,4,0.21351592253464063
2025-10-22 20:00:00+00:00,4,0.23069443319017907
2025-10-23 00:00:00+00:00,4,0.10007292763957543
2025-10-23 04:00:00+00:00,4,0.18969289360667696
2025-10-23 08:00:00+00:00,4,-0.27526132404181186
2025-10-23 12:00:00+00:00,4,0.1462604327039948
2025-10-23 16:00:00+00:00,4,0.052102746941090676
2025-10-23 20:00:00+00:00,4,0.06717445912000648
2025-10-24 00:00:00+00:00,4,0.25160035653512686
2025-10-24 04:00:00+00:00,4,0.11870999108662184
2025-10-24 08:00:00+00:00,4,0.11060692002268863
2025-10-24 12:00:00+00:00,4,-0.3373308483915404
2025-10-24 16:00:00+00:00,4,-0.019204278421521757
2025-10-24 20:00:00+00:00,4,-0.014342435783161819
2025-10-25 00:00:00+00:00,4,0.20816789563244473
2025-10-25 04:00:00+00:00,4,0.40166923263917026
2025-10-25 08:00:00+00:00,4,-0.02763147232801232
2025-10-25 12:00:00+00:00,4,-0.2755854468843692
2025-10-25 16:00:00+00:00,4,-0.19179969208329958
2025-10-25 20:00:00+00:00,4,0.17364881290008916
2025-10-26 00:00:00+00:00,4,0.04999594846446804
2025-10-26 04:00:00+00:00,4,0.07106393323069443
2025-10-26 08:00:00+00:00,4,0.005915241876671259
2025-10-26 12:00:00+00:00,4,0.395997082894417
2025-10-26 16:00:00+00:00,4,-0.09034924236285553
2025-10-26 20:00:00+00:00,4,0.3219350133700673
2025-10-27 00:00:00+00:00,4,0.1088242443886233
2025-10-27 04:00:00+00:00,4,0.40669313669880885
2025-10-27 08:00:00+00:00,4,0.17364881290008916
2025-10-27 12:00:00+00:00,4,-0.06830888906895714
2025-10-27 16:00:00+00:00,4,-0.018393971315128436
2025-10-27 20:00:00+00:00,4,-0.2319909245604084
2025-10-28 00:00:00+00:00,4,-0.1394538530102909
2025-10-28 04:00:00+00:00,4,0.40798962806903816
2025-10-28 08:00:00+00:00,4,-0.19974070172595418
2025-10-28 12:00:00+00:00,4,0.3094562839316101
2025-10-28 16:00:00+00:00,4,-0.22874969613483512
2025-10-28 20:00:00+00:00,4,-0.45044972044404835
2025-10-29 00:00:00+00:00,4,-0.18321043675553034
2025-10-29 04:00:00+00:00,4,0.39745563568592496
2025-10-29 08:00:00+00:00,4,-0.2268049590794911
2025-10-29 12:00:00+00:00,4,-0.3003808443400049
2025-10-29 16:00:00+00:00,4,-0.5185155173810875
2025-10-29 20:00:00+00:00,4,0.0235799367960457
2025-10-30 00:00:00+00:00,4,0.29584312454420225
2025-10-30 04:00:00+00:00,4,0.2812575966291224
2025-10-30 08:00:00+00:00,4,0.018393971315128436
2025-10-30 12:00:00+00:00,4,-0.12276152661858845
2025-10-30 16:00:00+00:00,4,-0.029576209383356294
2025-10-30 20:00:00+00:00,4,0.35969532452799613
2025-10-31 00:00:00+00:00,4,0.2656997001863707
2025-10-31 04:00:00+00:00,4,0.25176241795640547
2025-10-31 08:00:00+00:00,4,0.3209626448423953
2025-10-31 12:00:00+00:00,4,-0.003970504821327283
2025-10-31 16:00:00+00:00,4,-0.39583502147313837
2025-10-31 20:00:00+00:00,4,-0.08581152256705292
2025-11-01 00:00:00+00:00,4,0.008184101774572563
2025-11-01 04:00:00+00:00,4,-0.03994814034519083
2025-11-01 08:00:00+00:00,4,-0.0007292763957539907
2025-11-01 12:00:00+00:00,4,0.2136779839559193
2025-11-01 16:00:00+00:00,4,-0.6048942549226157
2025-11-01 20:00:00+00:00,4,-0.09115954946924885
2025-11-02 00:00:00+00:00,4,0.24916943521594687
2025-11-02 04:00:00+00:00,4,-0.08030143424357833
2025-11-02 08:00:00+00:00,4,0.2284255732922778
2025-11-02 12:00:00+00:00,4,0.41560651486913547
2025-11-02 16:00:00+00:00,4,0.18223806822785837
2025-11-02 20:00:00+00:00,4,0.07641196013289037
2025-11-03 00:00:00+00:00,4,0.22599465197309784
2025-11-03 04:00:00+00:00,4,-0.3556437889960295
2025-11-03 08:00:00+00:00,4,0.09812819058423143
2025-11-03 12:00:00+00:00,4,-0.2686168057693866
2025-11-03 16:00:00+00:00,4,0.06911919617535046
2025-11-03 20:00:00+00:00,4,-0.34397536666396566
2025-11-04 00:00:00+00:00,4,0.25873105907138805
2025-11-04 04:00:00+00:00,4,-0.29406044891013694
2025-11-04 08:00:00+00:00,4,-0.04610647435378009
2025-11-04 12:00:00+00:00,4,-0.10817599870350864
2025-11-04 16:00:00+00:00,4,-0.4668179239931935
2025-11-04 20:00:00+00:00,4,0.21708127380277126
2025-11-05 00:00:00+00:00,4,0.558382627015639
2025-11-05 04:00:00+00:00,4,-0.19957864030467548
2025-11-05 08:00:00+00:00,4,-0.03816546471112552
2025-11-05 12:00:00+00:00,4,0.0401102017664695
2025-11-05 16:00:00+00:00,4,0.09602139210760878
2025-11-05 20:00:00+00:00,4,0.1078518758609513
2025-11-06 00:00:00+00:00,4,0.289198606271777
2025-11-06 04:00:00+00:00,4,-0.31431812656997005
2025-11-06 08:00:00+00:00,4,0.29130540474839967
2025-11-06 12:00:00+00:00,4,-0.1276233692569484
2025-11-06 16:00:00+00:00,4,-0.4566080544526375
2025-11-06 20:00:00+00:00,4,0.08354266266915161
2025-11-07 00:00:00+00:00,4,-0.3618021230046188
2025-11-07 04:00:00+00:00,4,-0.3011911514463982
2025-11-07 08:00:00+00:00,4,-0.3810874321367799
2025-11-07 12:00:00+00:00,4,-0.4911271371849931
2025-11-07 16:00:00+00:00,4,-0.07900494287334901
2025-11-07 20:00:00+00:00,4,0.05275099262620534
2025-11-08 00:00:00+00:00,4,0.3528887448342922
2025-11-08 04:00:00+00:00,4,-0.131674904788915
2025-11-08 08:00:00+00:00,4,-0.038975771817518844
2025-11-08 12:00:00+00:00,4,0.5154363503767928
2025-11-08 16:00:00+00:00,4,-0.0033222591362126247
2025-11-08 20:00:00+00:00,4,-0.08759419820111823
2025-11-09 00:00:00+00:00,4,0.4306782270480512
2025-11-09 04:00:00+00:00,4,0.06604002917105584
2025-11-09 08:00:00+00:00,4,0.008832347459687221
2025-11-09 12:00:00+00:00,4,0.014990681468276479
2025-11-09 16:00:00+00:00,4,-0.16343894335953324
2025-11-09 20:00:00+00:00,4,0.32809334737865653
2025-11-10 00:00:00+00:00,4,-0.023255813953488372
2025-11-10 04:00:00+00:00,4,-0.17186613726602384
2025-11-10 08:00:00+00:00,4,0.07916700429462767
2025-11-10 12:00:00+00:00,4,0.013208005834211166
2025-11-10 16:00:00+00:00,4,0.34835102503848964
2025-11-10 20:00:00+00:00,4,0.004294627663884613
2025-11-11 00:00:00+00:00,4,0.29697755449315294
2025-11-11 04:00:00+00:00,4,0.37995300218782924
2025-11-11 08:00:00+00:00,4,0.1861275423385463
2025-11-11 12:00:00+00:00,4,-0.500364638197877
2025-11-11 16:00:00+00:00,4,0.3170731707317073
2025-11-11 20:00:00+00:00,4,0.5155984117980714
2025-11-12 00:00:00+00:00,4,0.10801393728222998
2025-11-12 04:00:00+00:00,4,-0.2676444372417146
2025-11-12 08:00:00+00:00,4,0.14788104691678147
2025-11-12 12:00:00+00:00,4,0.0717121789158091
2025-11-12 16:00:00+00:00,4,0.24122842557329227
2025-11-12 20:00:00+00:00,4,0.08970099667774087
2025-11-13 00:00:00+00:00,4,0.2251843448667045
2025-11-13 04:00:00+00:00,4,0.6094319747184184
2025-11-13 08:00:00+00:00,4,0.008508224617129892
2025-11-13 12:00:00+00:00,4,-0.15857710072117334
2025-11-13 16:00:00+00:00,4,-0.2642411473948627
2025-11-13 20:00:00+00:00,4,0.003808443400048619
2025-11-14 00:00:00+00:00,4,0.12729924641439105
2025-11-14 04:00:00+00:00,4,-0.3512681306215056
2025-11-14 08:00:00+00:00,4,-0.291629527590957
2025-11-14 12:00:00+00:00,4,-0.06004375658374525
2025-11-14 16:00:00+00:00,4,-0.3058909326634795
2025-11-14 20:00:00+00:00,4,-0.20217162304513414
2025-11-15 00:00:00+00:00,4,0.3791426950814359
2025-11-15 04:00:00+00:00,4,-0.17008346163195853
2025-11-15 08:00:00+00:00,4,0.33846527834049106
2025-11-15 12:00:00+00:00,4,-0.03848958755368285
2025-11-15 16:00:00+00:00,4,-0.002349890608540637
2025-11-15 20:00:00+00:00,4,0.042217000243092134
2025-11-16 00:00:00+00:00,4,-0.1462604327039948
2025-11-16 04:00:00+00:00,4,0.3786565108175999
2025-11-16 08:00:00+00:00,4,-0.1033141560651487
2025-11-16 12:00:00+00:00,4,0.022769629689652376
2025-11-16 16:00:00+00:00,4,-0.035734543391945546
2025-11-16 20:00:00+00:00,4,-0.32436593468924724
2025-11-17 00:00:00+00:00,4,0.6441131188720525
2025-11-17 04:00:00+00:00,4,0.07106393323069443
2025-11-17 08:00:00+00:00,4,0.08694595251600357
2025-11-17 12:00:00+00:00,4,-0.3420306296086217
2025-11-17 16:00:00+00:00,4,-0.14382951138481487
2025-11-17 20:00:00+00:00,4,0.31529049509764207
2025-11-20 00:00:00+00:00,5,0.2851470707398104
2025-11-20 04:00:00+00:00,5,-0.12746130783566972
2025-11-20 08:00:00+00:00,5,-0.10185560327364071
2025-11-20 12:00:00+00:00,5,-0.40037274126894096
2025-11-20 16:00:00+00:00,5,-0.1922858763471356
2025-11-20 20:00:00+00:00,5,0.3311725143829512
2025-11-21 00:00:00+00:00,5,-0.35143019204278425
2025-11-21 04:00:00+00:00,5,-0.13232315047402965
2025-11-21 08:00:00+00:00,5,-0.43019204278421525
2025-11-21 12:00:00+00:00,5,0.15371525808281342
2025-11-21 16:00:00+00:00,5,0.5987359209140265
2025-11-21 20:00:00+00:00,5,0.6956486508386679
2025-11-22 00:00:00+00:00,5,-0.20217162304513414
2025-11-22 04:00:00+00:00,5,0.42014423466493805
2025-11-22 08:00:00+00:00,5,-0.3901628717283851
2025-11-22 12:00:00+00:00,5,0.27542338546309053
2025-11-22 16:00:00+00:00,5,0.31350781946357675
2025-11-22 20:00:00+00:00,5,0.1454501255976015
2025-11-23 00:00:00+00:00,5,0.3656915971153067
2025-11-23 04:00:00+00:00,5,0.11498257839721256
2025-11-23 08:00:00+00:00,5,0.3028117656591849
2025-11-23 12:00:00+00:00,5,0.14577424844015885
2025-11-23 16:00:00+00:00,5,-0.13280933473786566
2025-11-23 20:00:00+00:00,5,-0.20946438700267403
2025-11-24 00:00:00+00:00,5,0.15695648650838667
2025-11-24 04:00:00+00:00,5,-0.02779353374929098
2025-11-24 08:00:00+00:00,5,-0.4175512519244794
2025-11-24 12:00:00+00:00,5,0.2838505793695811
2025-11-24 16:00:00+00:00,5,0.4100964265456608
2025-11-24 20:00:00+00:00,5,-0.33473786565108177
2025-11-25 00:00:00+00:00,5,0.16846284741917186
2025-11-25 04:00:00+00:00,5,-0.1752694271128758
2025-11-25 08:00:00+00:00,5,-0.35596791183858684
2025-11-25 12:00:00+00:00,5,-0.21432622964103396
2025-11-25 16:00:00+00:00,5,-0.03767928044728953
2025-11-25 20:00:00+00:00,5,0.21886394943683657
2025-11-26 00:00:00+00:00,5,-0.14561218701888015
2025-11-26 04:00:00+00:00,5,-0.05177862409853334
2025-11-26 08:00:00+00:00,5,-0.07187424033708777
2025-11-26 12:00:00+00:00,5,0.0474029657240094
2025-11-26 16:00:00+00:00,5,0.4650352483591281
2025-11-26 20:00:00+00:00,5,0.04853739567296005
2025-11-27 00:00:00+00:00,5,0.31529049509764207
2025-11-27 04:00:00+00:00,5,0.08986305809901955
2025-11-27 08:00:00+00:00,5,0.08597358398833158
2025-11-27 12:00:00+00:00,5,-0.09747994489911678
2025-11-27 16:00:00+00:00,5,0.29373632606757966
2025-11-27 20:00:00+00:00,5,-0.003808443400048619
2025-11-28 00:00:00+00:00,5,0.40734138238392353
2025-11-28 04:00:00+00:00,5,-0.21853982659427923
2025-11-28 08:00:00+00:00,5,0.20816789563244473
2025-11-28 12:00:00+00:00,5,0.43537800826513257
2025-11-28 16:00:00+00:00,5,0.1183858682440645
2025-11-28 20:00:00+00:00,5,-0.009156470302244552
2025-11-29 00:00:00+00:00,5,-0.030710639332306947
2025-11-29 04:00:00+00:00,5,0.008346163195851228
2025-11-29 08:00:00+00:00,5,0.31674904788915
2025-11-29 12:00:00+00:00,5,0.43570213110768985
2025-11-29 16:00:00+00:00,5,-0.04918564135807471
2025-11-29 20:00:00+00:00,5,0.22178105501985257
2025-11-30 00:00:00+00:00,5,0.10898630580990194
2025-11-30 04:00:00+00:00,5,-0.013532128676768496
2025-11-30 08:00:00+00:00,5,0.40442427680090753
2025-11-30 12:00:00+00:00,5,0.09229397941819951
2025-11-30 16:00:00+00:00,5,-0.0940766550522648
2025-11-30 20:00:00+00:00,5,-0.2329632930880804
2025-12-01 00:00:00+00:00,5,-0.36715014990681466
2025-12-01 04:00:00+00:00,5,0.1861275423385463
2025-12-01 08:00:00+00:00,5,-0.10461064743537803
2025-12-01 12:00:00+00:00,5,-0.4130135321286768
2025-12-01 16:00:00+00:00,5,0.3086459768252168
2025-12-01 20:00:00+00:00,5,0.5079815249979742
2025-12-02 00:00:00+00:00,5,0.25986548902033874
2025-12-02 04:00:00+00:00,5,0.11741349971639252
2025-12-02 08:00:00+00:00,5,0.20492666720687144
2025-12-02 12:00:00+00:00,5,0.3054047483996435
2025-12-02 16:00:00+00:00,5,0.6241795640547768
2025-12-02 20:00:00+00:00,5,-0.5548172757475083
2025-12-03 00:00:00+00:00,5,0.4224130945628394
2025-12-03 04:00:00+00:00,5,0.40961024228182485
2025-12-03 08:00:00+00:00,5,0.22340166923263918
2025-12-03 12:00:00+00:00,5,-0.22048456364962324
2025-12-03 16:00:00+00:00,5,0.35531966615347216
2025-12-03 20:00:00+00:00,5,0.2503038651648975
2025-12-04 00:00:00+00:00,5,0.09472490073737948
2025-12-04 04:00:00+00:00,5,0.11919617535045784
2025-12-04 08:00:00+00:00,5,-0.25532776922453615
2025-12-04 12:00:00+00:00,5,-0.11174134997163926
2025-12-04 16:00:00+00:00,5,-0.21724333522404993
2025-12-04 20:00:00+00:00,5,0.5648650838667856
2025-12-05 00:00:00+00:00,5,0.2770439996758772
2025-12-05 04:00:00+00:00,5,-0.16716635604894256
2025-12-05 08:00:00+00:00,5,0.10833806012478729
2025-12-05 12:00:00+00:00,5,-0.2642411473948627
2025-12-05 16:00:00+00:00,5,-0.11903411392917915
2025-12-05 20:00:00+00:00,5,-0.2499797423223402
2025-12-06 00:00:00+00:00,5,0.36115387731950416
2025-12-06 04:00:00+00:00,5,-0.2943845717526943
2025-12-06 08:00:00+00:00,5,0.39356616157523705
2025-12-06 12:00:00+00:00,5,-0.06555384490721985
2025-12-06 16:00:00+00:00,5,-0.11238959565675391
2025-12-06 20:00:00+00:00,5,0.0064014261405072525
2025-12-07 00:00:00+00:00,5,0.21043675553034602
2025-12-07 04:00:00+00:00,5,-0.40539664532857955
2025-12-07 08:00:00+00:00,5,-0.05631634389433596
2025-12-07 12:00:00+00:00,5,0.15614617940199335
2025-12-07 16:00:00+00:00,5,0.6082975447694676
2025-12-07 20:00:00+00:00,5,0.14755692407422413
2025-12-08 00:00:00+00:00,5,0.1861275423385463
2025-12-08 04:00:00+00:00,5,-0.09926262053318208
2025-12-08 08:00:00+00:00,5,0.15760473219350135
2025-12-08 12:00:00+00:00,5,-0.42597844583096994
2025-12-08 16:00:00+00:00,5,0.46843853820598014
2025-12-08 20:00:00+00:00,5,0.08921481241390487
2025-12-09 00:00:00+00:00,5,0.07381897739243173
2025-12-09 04:00:00+00:00,5,-0.12908192204845637
2025-12-09 08:00:00+00:00,5,0.3579126488939309
2025-12-09 12:00:00+00:00,5,0.2864435621100397
2025-12-09 16:00:00+00:00,5,0.2619722874969614
2025-12-09 20:00:00+00:00,5,-0.44072603516732844
2025-12-10 00:00:00+00:00,5,0.260189611862896
2025-12-10 04:00:00+00:00,5,0.4052345839073009
2025-12-10 08:00:00+00:00,5,0.002349890608540637
2025-12-10 12:00:00+00:00,5,0.20930232558139536
2025-12-10 16:00:00+00:00,5,0.1739729357426465
2025-12-10 20:00:00+00:00,5,0.25662426059476545
2025-12-11 00:00:00+00:00,5,-0.42905761283526456
2025-12-11 04:00:00+00:00,5,0.036382789077060204
2025-12-11 08:00:00+00:00,5,0.010290900251195204
2025-12-11 12:00:00+00:00,5,-0.4990681468276477
2025-12-11 16:00:00+00:00,5,0.4000486184263837
2025-12-11 20:00:00+00:00,5,0.40961024228182485
2025-12-12 00:00:00+00:00,5,-0.03605866623450288
2025-12-12 04:00:00+00:00,5,-0.07819463576695569
2025-12-12 08:00:00+00:00,5,-0.057774896685843936
2025-12-12 12:00:00+00:00,5,-0.40410015395835025
2025-12-12 16:00:00+00:00,5,0.6159144315695649
2025-12-12 20:00:00+00:00,5,0.20930232558139536
2025-12-13 00:00:00+00:00,5,0.05955757231990925
2025-12-13 04:00:00+00:00,5,0.1284336763633417
2025-12-13 08:00:00+00:00,5,0.21740539664532857
2025-12-13 12:00:00+00:00,5,-0.003808443400048619
2025-12-13 16:00:00+00:00,5,-0.027469410906733657
2025-12-13 20:00:00+00:00,5,0.34964751640871894
2025-12-14 00:00:00+00:00,5,0.41366177781379143
2025-12-14 04:00:00+00:00,5,0.18288631391297303
2025-12-14 08:00:00+00:00,5,-0.1294060448910137
2025-12-14 12:00:00+00:00,5,0.18013126975123572
2025-12-14 16:00:00+00:00,5,0.12211328093347379
2025-12-14 20:00:00+00:00,5,-0.12065472814196583
2025-12-15 00:00:00+00:00,5,0.6079734219269103
2025-12-15 04:00:00+00:00,5,0.2162709666963779
2025-12-15 08:00:00+00:00,5,-0.042217000243092134
2025-12-15 12:00:00+00:00,5,-0.34494773519163763
2025-12-15 16:00:00+00:00,5,-0.0005672149744753262
2025-12-15 20:00:00+00:00,5,0.19714771898549552
2025-12-16 00:00:00+00:00,5,0.16117008346163197
2025-12-16 04:00:00+00:00,5,0.3726602382302893
2025-12-16 08:00:00+00:00,5,0.2793128595737785
2025-12-16 12:00:00+00:00,5,0.0012154606595899846
2025-12-16 16:00:00+00:00,5,0.1281095535207844
2025-12-16 20:00:00+00:00,5,0.023741998217324367
2025-12-17 00:00:00+00:00,5,0.06652621343489182
2025-12-17 04:00:00+00:00,5,0.024876428166275017
2025-12-17 08:00:00+00:00,5,0.3078356697188234
2025-12-17 12:00:00+00:00,5,0.14042622153796291
2025-12-17 16:00:00+00:00,5,0.08159792561380763
2025-12-17 20:00:00+00:00,5,0.34284093671501503
2025-12-18 00:00:00+00:00,5,0.3139940037274127
2025-12-18 04:00:00+00:00,5,0.044485860140993434
2025-12-18 08:00:00+00:00,5,0.18223806822785837
2025-12-18 12:00:00+00:00,5,0.34413742808524433
2025-12-18 16:00:00+00:00,5,-0.1334575804229803
2025-12-18 20:00:00+00:00,5,0.3036220727655782
2025-12-19 00:00:00+00:00,5,0.17316262863625315
2025-12-19 04:00:00+00:00,5,0.06749858196256381
2025-12-19 08:00:00+00:00,5,0.15436350376792807
2025-12-19 12:00:00+00:00,5,0.17770034843205576
2025-12-19 16:00:00+00:00,5,-0.27169597277368124
2025-12-19 20:00:00+00:00,5,0.3219350133700673
2025-12-22 00:00:00+00:00,6,0.14852929260189615
2025-12-22 04:00:00+00:00,6,-0.1524187667125841
2025-12-22 08:00:00+00:00,6,0.3470545336682603
2025-12-22 12:00:00+00:00,6,0.52305323717689
2025-12-22 16:00:00+00:00,6,-0.15387731950409206
2025-12-22 20:00:00+00:00,6,0.2762336925694839
2025-12-23 00:00:00+00:00,6,-0.07381897739243173
2025-12-23 04:00:00+00:00,6,-0.31804553925937934
2025-12-23 08:00:00+00:00,6,0.3498095778299976
2025-12-23 12:00:00+00:00,6,0.012559760149096509
2025-12-23 16:00:00+00:00,6,-0.30702536261243013
2025-12-23 20:00:00+00:00,6,0.09359047078842882
2025-12-24 00:00:00+00:00,6,0.2008751316749048
2025-12-24 04:00:00+00:00,6,0.2909812819058423
2025-12-24 08:00:00+00:00,6,0.10412446317154202
2025-12-24 12:00:00+00:00,6,-0.3271209788509845
2025-12-24 16:00:00+00:00,6,-0.03200713070253627
2025-12-24 20:00:00+00:00,6,-0.25224860222024154
2025-12-25 00:00:00+00:00,6,-0.09618345352888745
2025-12-25 04:00:00+00:00,6,-0.26472733165869866
2025-12-25 08:00:00+00:00,6,0.24236285552224293
2025-12-25 12:00:00+00:00,6,0.5450935904707885
2025-12-25 16:00:00+00:00,6,-0.4316505955757233
2025-12-25 20:00:00+00:00,6,0.29778786159954623
2025-12-26 00:00:00+00:00,6,0.35305080625557084
2025-12-26 04:00:00+00:00,6,0.35726440320881614
2025-12-26 08:00:00+00:00,6,-0.05728871242200795
2025-12-26 12:00:00+00:00,6,-0.5146260432703995
2025-12-26 16:00:00+00:00,6,0.22032250222834454
2025-12-26 20:00:00+00:00,6,-0.27266834130135326
2025-12-27 00:00:00+00:00,6,-0.18693784944493966
2025-12-27 04:00:00+00:00,6,-0.1276233692569484
2025-12-27 08:00:00+00:00,6,0.022121384004537722
2025-12-27 12:00:00+00:00,6,-0.2843367636334171
2025-12-27 16:00:00+00:00,6,0.17186613726602384
2025-12-27 20:00:00+00:00,6,-0.07365691597115306
2025-12-28 00:00:00+00:00,6,-0.03557248197066688
2025-12-28 04:00:00+00:00,6,-0.2548415849607001
2025-12-28 08:00:00+00:00,6,0.49226156713394387
2025-12-28 12:00:00+00:00,6,0.11222753423547525
2025-12-28 16:00:00+00:00,6,0.2584069362288307
2025-12-28 20:00:00+00:00,6,0.16230451341058263
2025-12-29 00:00:00+00:00,6,0.10363827890770602
2025-12-29 04:00:00+00:00,6,0.01401831294060449
2025-12-29 08:00:00+00:00,6,-0.32274532047646065
2025-12-29 12:00:00+00:00,6,0.01191151446398185
2025-12-29 16:00:00+00:00,6,0.0451341058261081
2025-12-29 20:00:00+00:00,6,-0.051292439834697355
2025-12-30 00:00:00+00:00,6,0.5567620128028523
2025-12-30 04:00:00+00:00,6,0.17915890122356373
2025-12-30 08:00:00+00:00,6,-0.09829025200551009
2025-12-30 12:00:00+00:00,6,0.4058828295924155
2025-12-30 16:00:00+00:00,6,-0.09083542662669153
2025-12-30 20:00:00+00:00,6,0.30167733571023425
2025-12-31 00:00:00+00:00,6,-0.08662182967344624
2025-12-31 04:00:00+00:00,6,0.3115630824082327
2025-12-31 08:00:00+00:00,6,0.2165950895389353
2025-12-31 12:00:00+00:00,6,-0.315776679361478
2025-12-31 16:00:00+00:00,6,-0.14609837128271616
2025-12-31 20:00:00+00:00,6,-0.02309375253220971
2026-01-01 00:00:00+00:00,6,0.08354266266915161
2026-01-01 04:00:00+00:00,6,-0.35061988493639096
2026-01-01 08:00:00+00:00,6,-0.3697431326472734
2026-01-01 12:00:00+00:00,6,-0.21286767684952598
2026-01-01 16:00:00+00:00,6,-0.30702536261243013
2026-01-01 20:00:00+00:00,6,0.10590713880560733
2026-01-02 00:00:00+00:00,6,-0.17591767279799045
2026-01-02 04:00:00+00:00,6,0.43894335953326313
2026-01-02 08:00:00+00:00,6,0.07997731140102099
2026-01-02 12:00:00+00:00,6,-0.49663722550846773
2026-01-02 16:00:00+00:00,6,-0.19131350781946357
2026-01-02 20:00:00+00:00,6,-0.3084839154039381
2026-01-03 00:00:00+00:00,6,-0.21999837938578723
2026-01-03 04:00:00+00:00,6,0.4272749372011993
2026-01-03 08:00:00+00:00,6,-0.0882424438862329
2026-01-03 12:00:00+00:00,6,-0.1647354347297626
2026-01-03 16:00:00+00:00,6,0.08305647840531562
2026-01-03 20:00:00+00:00,6,-0.038327526132404185
2026-01-04 00:00:00+00:00,6,0.19001701644923427
2026-01-04 04:00:00+00:00,6,0.1357264403208816
2026-01-04 08:00:00+00:00,6,-0.4572563001377522
2026-01-04 12:00:00+00:00,6,-0.3475407179320963
2026-01-04 16:00:00+00:00,6,0.33911352402560574
2026-01-04 20:00:00+00:00,6,0.08078761850741431
2026-01-05 00:00:00+00:00,6,0.6450854873997246
2026-01-05 04:00:00+00:00,6,-0.13831942306134024
2026-01-05 08:00:00+00:00,6,0.5865813143181265
2026-01-05 12:00:00+00:00,6,0.07317073170731707
2026-01-05 16:00:00+00:00,6,0.11174134997163926
2026-01-05 20:00:00+00:00,6,-0.1725143829511385
2026-01-06 00:00:00+00:00,6,-0.20022688598979016
2026-01-06 04:00:00+00:00,6,0.3778462037112066
2026-01-06 08:00:00+00:00,6,-0.1243821408313751
2026-01-06 12:00:00+00:00,6,0.31691110931042865
2026-01-06 16:00:00+00:00,6,0.07560165302649705
2026-01-06 20:00:00+00:00,6,-0.03767928044728953
2026-01-07 00:00:00+00:00,6,0.3141560651486914
2026-01-07 04:00:00+00:00,6,0.20784377278988736
2026-01-07 08:00:00+00:00,6,0.07770845150311968
2026-01-07 12:00:00+00:00,6,0.05728871242200795
2026-01-07 16:00:00+00:00,6,-0.13605056316343894
2026-01-07 20:00:00+00:00,6,0.38756988898792644
2026-01-08 00:00:00+00:00,6,0.2673203143991573
2026-01-08 04:00:00+00:00,6,-0.2282635118709991
2026-01-08 08:00:00+00:00,6,0.14788104691678147
2026-01-08 12:00:00+00:00,6,-0.41852362045215136
2026-01-08 16:00:00+00:00,6,0.5348837209302325
2026-01-08 20:00:00+00:00,6,0.4493152904950977
2026-01-09 00:00:00+00:00,6,0.021473138319423064
2026-01-09 04:00:00+00:00,6,-0.07900494287334901
2026-01-09 08:00:00+00:00,6,-0.013045944412932503
2026-01-09 12:00:00+00:00,6,-0.038327526132404185
2026-01-09 16:00:00+00:00,6,0.3859492747751398
2026-01-09 20:00:00+00:00,6,-0.07284660886475974
2026-01-10 00:00:00+00:00,6,0.6118628960375982
2026-01-10 04:00:00+00:00,6,0.0004051535531966615
2026-01-10 08:00:00+00:00,6,-0.11174134997163926
2026-01-10 12:00:00+00:00,6,0.2342597844583097
2026-01-10 16:00:00+00:00,6,0.260189611862896
2026-01-10 20:00:00+00:00,6,0.7656591848310509
2026-01-11 00:00:00+00:00,6,-0.2046025443643141
2026-01-11 04:00:00+00:00,6,-0.13653674742727495
2026-01-11 08:00:00+00:00,6,-0.22777732760716313
2026-01-11 12:00:00+00:00,6,0.23490803014342435
2026-01-11 16:00:00+00:00,6,-0.03703103476217487
2026-01-11 20:00:00+00:00,6,0.22810145044972044
2026-01-12 00:00:00+00:00,6,-0.026983226642897665
2026-01-12 04:00:00+00:00,6,0.3690948869621587
2026-01-12 08:00:00+00:00,6,-0.0905113037841342
2026-01-12 12:00:00+00:00,6,0.13831942306134024
2026-01-12 16:00:00+00:00,6,0.19439267482375822
2026-01-12 20:00:00+00:00,6,0.4295437970991006
2026-01-13 00:00:00+00:00,6,0.09974880479701807
2026-01-13 04:00:00+00:00,6,-0.15663236366582936
2026-01-13 08:00:00+00:00,6,-0.14123652864435624
2026-01-13 12:00:00+00:00,6,-0.18904464792156228
2026-01-13 16:00:00+00:00,6,0.33165869864678715
2026-01-13 20:00:00+00:00,6,0.10217972611619804
2026-01-14 00:00:00+00:00,6,0.042217000243092134
2026-01-14 04:00:00+00:00,6,-0.09310428652459284
2026-01-14 08:00:00+00:00,6,0.007859978932015234
2026-01-14 12:00:00+00:00,6,0.3039461956081355
2026-01-14 16:00:00+00:00,6,0.03605866623450288
2026-01-14 20:00:00+00:00,6,0.3209626448423953
2026-01-15 00:00:00+00:00,6,0.365043351430192
2026-01-15 04:00:00+00:00,6,-0.3444615509278017
2026-01-15 08:00:00+00:00,6,0.2224293007049672
2026-01-15 12:00:00+00:00,6,0.3788185722388786
2026-01-15 16:00:00+00:00,6,-0.29681549307187427
2026-01-15 20:00:00+00:00,6,0.22080868649218058
2026-01-16 00:00:00+00:00,6,-0.18369662101936635
2026-01-16 04:00:00+00:00,6,0.24690057531804552
2026-01-16 08:00:00+00:00,6,-0.16846284741917186
2026-01-16 12:00:00+00:00,6,0.0290900251195203
2026-01-16 16:00:00+00:00,6,-0.07527753018393972
2026-01-16 20:00:00+00:00,6,-0.17737622558949842
2026-01-17 00:00:00+00:00,6,0.16343894335953324
2026-01-17 04:00:00+00:00,6,-0.240904302730735
2026-01-17 08:00:00+00:00,6,0.31464224941252733
2026-01-17 12:00:00+00:00,6,-0.11076898144396728
2026-01-17 16:00:00+00:00,6,0.14950166112956811
2026-01-17 20:00:00+00:00,6,0.3015152742889556
2026-01-18 00:00:00+00:00,6,0.16894903168300787
2026-01-18 04:00:00+00:00,6,0.18369662101936635
2026-01-18 08:00:00+00:00,6,-0.37120168543878135
2026-01-18 12:00:00+00:00,6,0.010939145936309864
2026-01-18 16:00:00+00:00,6,-0.08678389109472491
2026-01-18 20:00:00+00:00,6,0.19909245604083947
2026-01-19 00:00:00+00:00,6,-0.31107689814439676
2026-01-19 04:00:00+00:00,6,-0.0401102017664695
2026-01-19 08:00:00+00:00,6,0.24268697836480024
2026-01-19 12:00:00+00:00,6,0.31383194230613404
2026-01-19 16:00:00+00:00,6,-0.07641196013289037
2026-01-19 20:00:00+00:00,6,0.07349485454987441
2026-01-20 00:00:00+00:00,6,0.05907138805607326
2026-01-20 04:00:00+00:00,6,0.37249817680901065
2026-01-20 08:00:00+00:00,6,-0.0739810388137104
2026-01-20 12:00:00+00:00,6,-0.19455473624503689
2026-01-20 16:00:00+00:00,6,0.2434972854711936
2026-01-20 20:00:00+00:00,6,-0.1747832428490398
2026-01-23 00:00:00+00:00,7,-0.2422007941009643
2026-01-23 04:00:00+00:00,7,-0.07738432866056236
2026-01-23 08:00:00+00:00,7,0.41787537476703673
2026-01-23 12:00:00+00:00,7,0.24074224130945632
2026-01-23 16:00:00+00:00,7,0.35191637630662026
2026-01-23 20:00:00+00:00,7,0.27283040272263187
2026-01-24 00:00:00+00:00,7,-0.2953569402803663
2026-01-24 04:00:00+00:00,7,0.32582448748075526
2026-01-24 08:00:00+00:00,7,-0.2762336925694839
2026-01-24 12:00:00+00:00,7,0.315776679361478
2026-01-24 16:00:00+00:00,7,0.029576209383356294
2026-01-24 20:00:00+00:00,7,0.2699132971396159
2026-01-25 00:00:00+00:00,7,0.2162709666963779
2026-01-25 04:00:00+00:00,7,0.048051211409124064
2026-01-25 08:00:00+00:00,7,0.1908273235556276
2026-01-25 12:00:00+00:00,7,0.2932501418037436
2026-01-25 16:00:00+00:00,7,0.36488129000891334
2026-01-25 20:00:00+00:00,7,0.09342840936715015
2026-01-26 00:00:00+00:00,7,0.023417875374767038
2026-01-26 04:00:00+00:00,7,0.30508062555708615
2026-01-26 08:00:00+00:00,7,-0.029738270804634957
2026-01-26 12:00:00+00:00,7,-0.05907138805607326
2026-01-26 16:00:00+00:00,7,-0.08808038246495421
2026-01-26 20:00:00+00:00,7,0.009804715987359209
2026-01-27 00:00:00+00:00,7,0.17364881290008916
2026-01-27 04:00:00+00:00,7,-0.1504740296572401
2026-01-27 08:00:00+00:00,7,0.15873916214245198
2026-01-27 12:00:00+00:00,7,-0.07997731140102099
2026-01-27 16:00:00+00:00,7,-0.2041163601004781
2026-01-27 20:00:00+00:00,7,-0.2956810631229236
2026-01-28 00:00:00+00:00,7,-0.13556437889960296
2026-01-28 04:00:00+00:00,7,-0.211895308321854
2026-01-28 08:00:00+00:00,7,-0.14707073981038815
2026-01-28 12:00:00+00:00,7,0.20055100883234747
2026-01-28 16:00:00+00:00,7,0.2827161494206304
2026-01-28 20:00:00+00:00,7,-0.11692731545255651
2026-01-29 00:00:00+00:00,7,0.6646949193744429
2026-01-29 04:00:00+00:00,7,0.07430516165626773
2026-01-29 08:00:00+00:00,7,0.15501174945304272
2026-01-29 12:00:00+00:00,7,-0.4253302001458553
2026-01-29 16:00:00+00:00,7,0.10007292763957543
2026-01-29 20:00:00+00:00,7,0.3906490559922211
2026-01-30 00:00:00+00:00,7,0.2058990357345434
2026-01-30 04:00:00+00:00,7,0.04497204440482944
2026-01-30 08:00:00+00:00,7,-0.2026578073089701
2026-01-30 12:00:00+00:00,7,0.2642411473948627
2026-01-30 16:00:00+00:00,7,0.03087270075358561
2026-01-30 20:00:00+00:00,7,0.26229641033951867
2026-01-31 00:00:00+00:00,7,0.062150555060367874
2026-01-31 04:00:00+00:00,7,0.25743456770115875
2026-01-31 08:00:00+00:00,7,0.317721416416822
2026-01-31 12:00:00+00:00,7,0.1409124058017989
2026-01-31 16:00:00+00:00,7,-0.07851875860951302
2026-01-31 20:00:00+00:00,7,0.012397698727817843
2026-02-01 00:00:00+00:00,7,-0.12632687788671906
2026-02-01 04:00:00+00:00,7,-0.14350538854225753
2026-02-01 08:00:00+00:00,7,0.289198606271777
2026-02-01 12:00:00+00:00,7,-0.14852929260189615
2026-02-01 16:00:00+00:00,7,-0.0812738027712503
2026-02-01 20:00:00+00:00,7,0.010128838829916538
2026-02-02 00:00:00+00:00,7,-0.42889555141398594
2026-02-02 04:00:00+00:00,7,0.5224049914917754
2026-02-02 08:00:00+00:00,7,0.43602625395024713
2026-02-02 12:00:00+00:00,7,0.17818653269589171
2026-02-02 16:00:00+00:00,7,0.16084596061907463
2026-02-02 20:00:00+00:00,7,0.17753828701077706
2026-02-03 00:00:00+00:00,7,0.026821165221618995
2026-02-03 04:00:00+00:00,7,-0.003808443400048619
2026-02-03 08:00:00+00:00,7,-0.1449639413337655
2026-02-03 12:00:00+00:00,7,0.3054047483996435
2026-02-03 16:00:00+00:00,7,-0.4426707722226724
2026-02-03 20:00:00+00:00,7,0.5420144234664939
2026-02-04 00:00:00+00:00,7,0.22404991491775383
2026-02-04 04:00:00+00:00,7,0.10963455149501662
2026-02-04 08:00:00+00:00,7,0.14577424844015885
2026-02-04 12:00:00+00:00,7,-0.48772384733814117
2026-02-04 16:00:00+00:00,7,-0.289198606271777
2026-02-04 20:00:00+00:00,7,-0.09845231342678877
2026-02-05 00:00:00+00:00,7,-0.4217648488777247
2026-02-05 04:00:00+00:00,7,0.14075034438052023
2026-02-05 08:00:00+00:00,7,-0.14577424844015885
2026-02-05 12:00:00+00:00,7,-0.1093104286524593
2026-02-05 16:00:00+00:00,7,-0.14139859006563488
2026-02-05 20:00:00+00:00,7,-0.16408718904464795
2026-02-06 00:00:00+00:00,7,0.11579288550360586
2026-02-06 04:00:00+00:00,7,-0.15776679361478002
2026-02-06 08:00:00+00:00,7,-0.07106393323069443
2026-02-06 12:00:00+00:00,7,0.263592901709748
2026-02-06 16:00:00+00:00,7,0.7215784782432543
2026-02-06 20:00:00+00:00,7,-0.34510979661291624
2026-02-07 00:00:00+00:00,7,-0.011263268778867191
2026-02-07 04:00:00+00:00,7,0.06717445912000648
2026-02-07 08:00:00+00:00,7,-0.03395186775788024
2026-02-07 12:00:00+00:00,7,-0.009966777408637873
2026-02-07 16:00:00+00:00,7,0.4480187991248683
2026-02-07 20:00:00+00:00,7,-0.0987764362693461
2026-02-08 00:00:00+00:00,7,-0.02584879669394701
2026-02-08 04:00:00+00:00,7,0.037517219026010865
2026-02-08 08:00:00+00:00,7,0.16668017178510655
2026-02-08 12:00:00+00:00,7,0.032493314966372255
2026-02-08 16:00:00+00:00,7,0.31982821489344465
2026-02-08 20:00:00+00:00,7,0.11368608702698323
2026-02-09 00:00:00+00:00,7,-0.2525727250627988
2026-02-09 04:00:00+00:00,7,0.036544850498338874
2026-02-09 08:00:00+00:00,7,0.061988493639089225
2026-02-09 12:00:00+00:00,7,-0.008346163195851228
2026-02-09 16:00:00+00:00,7,0.2741268940928612
2026-02-09 20:00:00+00:00,7,0.2255084677092618
2026-02-10 00:00:00+00:00,7,0.010290900251195204
2026-02-10 04:00:00+00:00,7,-0.08613564540961026
2026-02-10 08:00:00+00:00,7,-0.20071307025362614
2026-02-10 12:00:00+00:00,7,0.1198444210355725
2026-02-10 16:00:00+00:00,7,0.22923588039867113
2026-02-10 20:00:00+00:00,7,0.10995867433757395
2026-02-11 00:00:00+00:00,7,-0.27299246414391054
2026-02-11 04:00:00+00:00,7,0.1922858763471356
2026-02-11 08:00:00+00:00,7,-0.0418928774005348
2026-02-11 12:00:00+00:00,7,-0.21432622964103396
2026-02-11 16:00:00+00:00,7,0.4402398509034925
2026-02-11 20:00:00+00:00,7,0.03135888501742161
2026-02-12 00:00:00+00:00,7,-0.20508872862815009
2026-02-12 04:00:00+00:00,7,-0.03443805202171624
2026-02-12 08:00:00+00:00,7,0.12956810631229237
2026-02-12 12:00:00+00:00,7,0.05194068551981201
2026-02-12 16:00:00+00:00,7,-0.12000648245685115
2026-02-12 20:00:00+00:00,7,-0.12340977230370312
2026-02-13 00:00:00+00:00,7,0.4310023498906086
2026-02-13 04:00:00+00:00,7,-0.13977797585284824
2026-02-13 08:00:00+00:00,7,0.3420306296086217
2026-02-13 12:00:00+00:00,7,0.07009156470302245
2026-02-13 16:00:00+00:00,7,-0.19050320071307028
2026-02-13 20:00:00+00:00,7,0.4075034438052022
2026-02-14 00:00:00+00:00,7,-0.44753261486103235
2026-02-14 04:00:00+00:00,7,0.23280123166680175
2026-02-14 08:00:00+00:00,7,0.16408718904464795
2026-02-14 12:00:00+00:00,7,-0.2548415849607001
2026-02-14 16:00:00+00:00,7,-0.5674580666072442
2026-02-14 20:00:00+00:00,7,0.1504740296572401
2026-02-15 00:00:00+00:00,7,-0.025362612430111012
2026-02-15 04:00:00+00:00,7,0.4465602463333604
2026-02-15 08:00:00+00:00,7,0.48351025038489587
2026-02-15 12:00:00+00:00,7,0.2146503524835913
2026-02-15 16:00:00+00:00,7,-0.0005672149744753262
2026-02-15 20:00:00+00:00,7,0.2503038651648975
2026-02-16 00:00:00+00:00,7,0.05194068551981201
2026-02-16 04:00:00+00:00,7,0.1835345595980877
2026-02-16 08:00:00+00:00,7,-0.031683007859978934
2026-02-16 12:00:00+00:00,7,0.17494530427031849
2026-02-16 16:00:00+00:00,7,0.20217162304513414
2026-02-16 20:00:00+00:00,7,0.23863544283283364
2026-02-17 00:00:00+00:00,7,-0.07706020581800502
2026-02-17 04:00:00+00:00,7,0.4052345839073009
2026-02-17 08:00:00+00:00,7,0.003808443400048619
2026-02-17 12:00:00+00:00,7,0.1504740296572401
2026-02-17 16:00:00+00:00,7,0.5162466574831862
2026-02-17 20:00:00+00:00,7,0.12632687788671906
2026-02-18 00:00:00+00:00,7,0.16619398752127057
2026-02-18 04:00:00+00:00,7,0.20751964994733005
2026-02-18 08:00:00+00:00,7,-0.42289927882667533
2026-02-18 12:00:00+00:00,7,0.37476703670691197
2026-02-18 16:00:00+00:00,7,0.15014990681468277
2026-02-18 20:00:00+00:00,7,0.30070496718256223
2026-02-19 00:00:00+00:00,7,0.24187667125840698
2026-02-19 04:00:00+00:00,7,-0.13459201037193097
2026-02-19 08:00:00+00:00,7,-0.05420954541771331
2026-02-19 12:00:00+00:00,7,-0.07608783729033304
2026-02-19 16:00:00+00:00,7,0.21140912405801798
2026-02-19 20:00:00+00:00,7,0.159711530670124
2026-02-20 00:00:00+00:00,7,-0.05469572968154931
2026-02-20 04:00:00+00:00,7,0.23685276719876835
2026-02-20 08:00:00+00:00,7,-0.10347621748642737
2026-02-20 12:00:00+00:00,7,-0.008670286038408557
2026-02-20 16:00:00+00:00,7,0.3412203225022284
2026-02-20 20:00:00+00:00,7,-0.02179726116198039
2026-02-21 00:00:00+00:00,7,0.09666963779272343
2026-02-21 04:00:00+00:00,7,0.09910055911190342
2026-02-21 08:00:00+00:00,7,-0.18402074386192369
2026-02-21 12:00:00+00:00,7,0.6321205736974315
2026-02-21 16:00:00+00:00,7,-0.02179726116198039
2026-02-21 20:00:00+00:00,7,0.11563082408232721
2026-02-24 00:00:00+00:00,8,-0.04173081597925614
2026-02-24 04:00:00+00:00,8,0.293574264646301
2026-02-24 08:00:00+00:00,8,-0.07673608297544769
2026-02-24 12:00:00+00:00,8,-0.4750830564784053
2026-02-24 16:00:00+00:00,8,-0.02811765659184831
2026-02-24 20:00:00+00:00,8,-0.10088323474596873
2026-02-25 00:00:00+00:00,8,0.3407341382383924
2026-02-25 04:00:00+00:00,8,-0.3592091402641602
2026-02-25 08:00:00+00:00,8,-0.28222996515679444
2026-02-25 12:00:00+00:00,8,0.007535856089457906
2026-02-25 16:00:00+00:00,8,-0.1820760068065797
2026-02-25 20:00:00+00:00,8,0.1632768819382546
2026-02-26 00:00:00+00:00,8,0.40782756664775954
2026-02-26 04:00:00+00:00,8,0.04562029008994409
2026-02-26 08:00:00+00:00,8,0.33327931285957385
2026-02-26 12:00:00+00:00,8,0.04610647435378009
2026-02-26 16:00:00+00:00,8,0.1738108743213678
2026-02-26 20:00:00+00:00,8,-0.2101126326877887
2026-02-27 00:00:00+00:00,8,-0.3592091402641602
2026-02-27 04:00:00+00:00,8,-0.42776112146503525
2026-02-27 08:00:00+00:00,8,0.1705696458957945
2026-02-27 12:00:00+00:00,8,0.2585689976501094
2026-02-27 16:00:00+00:00,8,0.183372498176809
2026-02-27 20:00:00+00:00,8,0.11125516570780328
2026-02-28 00:00:00+00:00,8,0.14658455554655217
2026-02-28 04:00:00+00:00,8,-0.04675472003889475
2026-02-28 08:00:00+00:00,8,0.1845069281257597
2026-02-28 12:00:00+00:00,8,-0.044809982983550774
2026-02-28 16:00:00+00:00,8,0.10039705048213272
2026-02-28 20:00:00+00:00,8,-0.5235394214407261
2026-03-01 00:00:00+00:00,8,0.15533587229560006
2026-03-01 04:00:00+00:00,8,0.009642654566080544
2026-03-01 08:00:00+00:00,8,0.4861032331253545
2026-03-01 12:00:00+00:00,8,-0.2644032088161413
2026-03-01 16:00:00+00:00,8,0.30167733571023425
2026-03-01 20:00:00+00:00,8,-0.1798071469086784
2026-03-02 00:00:00+00:00,8,0.018231909893849773
2026-03-02 04:00:00+00:00,8,0.31253545093590474
2026-03-02 08:00:00+00:00,8,-0.11595494692488455
2026-03-02 12:00:00+00:00,8,-0.005753180455392594
2026-03-02 16:00:00+00:00,8,0.04691678146017341
2026-03-02 20:00:00+00:00,8,0.2567863220160441
2026-03-03 00:00:00+00:00,8,-0.208492018475002
2026-03-03 04:00:00+00:00,8,-0.09585933068633012
2026-03-03 08:00:00+00:00,8,0.18596548091726767
2026-03-03 12:00:00+00:00,8,0.1486913540231748
2026-03-03 16:00:00+00:00,8,-0.08645976825216756
2026-03-03 20:00:00+00:00,8,-0.10120735758852606
2026-03-04 00:00:00+00:00,8,-0.24706263673932424
2026-03-04 04:00:00+00:00,8,0.4089619965967102
2026-03-04 08:00:00+00:00,8,0.2929260189611863
2026-03-04 12:00:00+00:00,8,0.046592658617616085
2026-03-04 16:00:00+00:00,8,0.16765254031277857
2026-03-04 20:00:00+00:00,8,0.6787942630256867
2026-03-05 00:00:00+00:00,8,0.2960051859654809
2026-03-05 04:00:00+00:00,8,-0.14139859006563488
2026-03-05 08:00:00+00:00,8,0.08710801393728224
2026-03-05 12:00:00+00:00,8,0.2825540879993517
2026-03-05 16:00:00+00:00,8,-0.13037841341868567
2026-03-05 20:00:00+00:00,8,0.14577424844015885
2026-03-06 00:00:00+00:00,8,-0.22323960781136054
2026-03-06 04:00:00+00:00,8,-0.0647435378008265
2026-03-06 08:00:00+00:00,8,0.4104205493882182
2026-03-06 12:00:00+00:00,8,0.22664289765821247
2026-03-06 16:00:00+00:00,8,0.1033141560651487
2026-03-06 20:00:00+00:00,8,-0.09213191799692083
2026-03-07 00:00:00+00:00,8,0.15484968803176405
2026-03-07 04:00:00+00:00,8,0.3676363341706507
2026-03-07 08:00:00+00:00,8,-0.18061745401507173
2026-03-07 12:00:00+00:00,8,-0.051292439834697355
2026-03-07 16:00:00+00:00,8,0.22988412608378578
2026-03-07 20:00:00+00:00,8,0.33441374280852443
2026-03-08 00:00:00+00:00,8,-0.18321043675553034
2026-03-08 04:00:00+00:00,8,0.23280123166680175
2026-03-08 08:00:00+00:00,8,-0.2146503524835913
2026-03-08 12:00:00+00:00,8,0.31221132809334745
2026-03-08 16:00:00+00:00,8,-0.3859492747751398
2026-03-08 20:00:00+00:00,8,0.07268454744348109
2026-03-09 00:00:00+00:00,8,0.3525646219917349
2026-03-09 04:00:00+00:00,8,-0.2548415849607001
2026-03-09 08:00:00+00:00,8,0.2843367636334171
2026-03-09 12:00:00+00:00,8,-0.15193258244874808
2026-03-09 16:00:00+00:00,8,0.07787051292439837
2026-03-09 20:00:00+00:00,8,0.29713961591443155
2026-03-10 00:00:00+00:00,8,0.03848958755368285
2026-03-10 04:00:00+00:00,8,0.07511546876266105
2026-03-10 08:00:00+00:00,8,-0.24365934689247226
2026-03-10 12:00:00+00:00,8,0.27428895551413984
2026-03-10 16:00:00+00:00,8,-0.04578235151122276
2026-03-10 20:00:00+00:00,8,-0.023741998217324367
2026-03-11 00:00:00+00:00,8,0.16619398752127057
2026-03-11 04:00:00+00:00,8,0.2733165869864679
2026-03-11 08:00:00+00:00,8,-0.19163763066202094
2026-03-11 12:00:00+00:00,8,0.09796612916295276
2026-03-11 16:00:00+00:00,8,0.17640385706182646
2026-03-11 20:00:00+00:00,8,-0.37444291386435463
2026-03-12 00:00:00+00:00,8,0.13297139615914433
2026-03-12 04:00:00+00:00,8,0.21675715096021395
2026-03-12 08:00:00+00:00,8,-0.033465683494044246
2026-03-12 12:00:00+00:00,8,-0.17591767279799045
2026-03-12 16:00:00+00:00,8,-0.10072117332469005
2026-03-12 20:00:00+00:00,8,-0.06150230937525322
2026-03-13 00:00:00+00:00,8,-0.2595413661777814
2026-03-13 04:00:00+00:00,8,0.010615023093752535
2026-03-13 08:00:00+00:00,8,-0.046592658617616085
2026-03-13 12:00:00+00:00,8,0.4765416092699133
2026-03-13 16:00:00+00:00,8,0.2663479458714853
2026-03-13 20:00:00+00:00,8,0.3259865489020339
2026-03-14 00:00:00+00:00,8,-0.25970342759906007
2026-03-14 04:00:00+00:00,8,0.36715014990681466
2026-03-14 08:00:00+00:00,8,-0.22907381897739243
2026-03-14 12:00:00+00:00,8,-0.062150555060367874
2026-03-14 16:00:00+00:00,8,0.04626853577505875
2026-03-14 20:00:00+00:00,8,0.20444048294303543
2026-03-15 00:00:00+00:00,8,-0.25176241795640547
2026-03-15 04:00:00+00:00,8,0.3653674742727494
2026-03-15 08:00:00+00:00,8,0.25224860222024154
2026-03-15 12:00:00+00:00,8,0.14042622153796291
2026-03-15 16:00:00+00:00,8,-0.32161089052750996
2026-03-15 20:00:00+00:00,8,0.3976176971072036
2026-03-16 00:00:00+00:00,8,0.08338060124787294
2026-03-16 04:00:00+00:00,8,-0.11190341139291793
2026-03-16 08:00:00+00:00,8,0.3867595818815331
2026-03-16 12:00:00+00:00,8,0.2071955271047727
2026-03-16 16:00:00+00:00,8,-0.17364881290008916
2026-03-16 20:00:00+00:00,8,-0.10525889312049268
2026-03-17 00:00:00+00:00,8,0.23717689004132567
2026-03-17 04:00:00+00:00,8,-0.1870999108662183
2026-03-17 08:00:00+00:00,8,0.08662182967344624
2026-03-17 12:00:00+00:00,8,0.1258406936228831
2026-03-17 16:00:00+00:00,8,-0.09391459363098614
2026-03-17 20:00:00+00:00,8,0.007859978932015234
2026-03-18 00:00:00+00:00,8,-0.10850012154606595
2026-03-18 04:00:00+00:00,8,0.19163763066202094
2026-03-18 08:00:00+00:00,8,0.24317316262863628
2026-03-18 12:00:00+00:00,8,-0.3185317235232153
2026-03-18 16:00:00+00:00,8,0.21254355400696864
2026-03-18 20:00:00+00:00,8,-0.13183696621019367
2026-03-19 00:00:00+00:00,8,0.31237338951462607
2026-03-19 04:00:00+00:00,8,0.3363584798638684
2026-03-19 08:00:00+00:00,8,-0.1968235961429382
2026-03-19 12:00:00+00:00,8,0.13394376468681632
2026-03-19 16:00:00+00:00,8,-0.046592658617616085
2026-03-19 20:00:00+00:00,8,0.014180374361883154
2026-03-20 00:00:00+00:00,8,-0.26715825297787865
2026-03-20 04:00:00+00:00,8,-0.07608783729033304
2026-03-20 08:00:00+00:00,8,0.18661372660238232
2026-03-20 12:00:00+00:00,8,0.0474029657240094
2026-03-20 16:00:00+00:00,8,0.5326148610323312
2026-03-20 20:00:00+00:00,8,0.3028117656591849
2026-03-21 00:00:00+00:00,8,0.25565189206709343
2026-03-21 04:00:00+00:00,8,0.07673608297544769
2026-03-21 08:00:00+00:00,8,-0.10979661291629528
2026-03-21 12:00:00+00:00,8,-0.0013775220808686494
2026-03-21 16:00:00+00:00,8,0.5149501661129569
2026-03-21 20:00:00+00:00,8,0.05323717689004133
2026-03-22 00:00:00+00:00,8,0.09278016368203551
2026-03-22 04:00:00+00:00,8,0.013208005834211166
2026-03-22 08:00:00+00:00,8,0.0290900251195203
2026-03-22 12:00:00+00:00,8,-0.11190341139291793
2026-03-22 16:00:00+00:00,8,0.25759662912243747
2026-03-22 20:00:00+00:00,8,0.18321043675553034
2026-03-23 00:00:00+00:00,8,-0.11401020986954057
2026-03-23 04:00:00+00:00,8,0.37541528239202654
2026-03-23 08:00:00+00:00,8,0.5068470950490236
2026-03-23 12:00:00+00:00,8,-0.04383761445587878
2026-03-23 16:00:00+00:00,8,-0.44558787780568837
2026-03-23 20:00:00+00:00,8,0.13005429057612838
2026-03-24 00:00:00+00:00,8,-0.034762174864273555
2026-03-24 04:00:00+00:00,8,0.18158982254274372
2026-03-24 08:00:00+00:00,8,0.5392593793047565
2026-03-24 12:00:00+00:00,8,-0.1166031926099992
2026-03-24 16:00:00+00:00,8,-0.3259865489020339
2026-03-24 20:00:00+00:00,8,0.4519082732355563
2026-03-25 00:00:00+00:00,8,0.14950166112956811
2026-03-25 04:00:00+00:00,8,0.03800340328984685
2026-03-25 08:00:00+00:00,8,0.30556680982092216
2026-03-25 12:00:00+00:00,8,-0.18969289360667696
2026-03-25 16:00:00+00:00,8,0.17024552305323717
2026-03-25 20:00:00+00:00,8,0.1281095535207844
2026-03-28 00:00:00+00:00,9,-0.04092050887286282
2026-03-28 04:00:00+00:00,9,-0.15873916214245198
2026-03-28 08:00:00+00:00,9,-0.19455473624503689
2026-03-28 12:00:00+00:00,9,-0.239445749939227
2026-03-28 16:00:00+00:00,9,0.07138805607325177
2026-03-28 20:00:00+00:00,9,0.22534640628798316
2026-03-29 00:00:00+00:00,9,0.18191394538530103
2026-03-29 04:00:00+00:00,9,0.0451341058261081
2026-03-29 08:00:00+00:00,9,-0.2720200956162385
2026-03-29 12:00:00+00:00,9,0.24933149663722554
2026-03-29 16:00:00+00:00,9,-0.33360343570213113
2026-03-29 20:00:00+00:00,9,0.2827161494206304
2026-03-30 00:00:00+00:00,9,-0.039786078923912165
2026-03-30 04:00:00+00:00,9,-0.263106717445912
2026-03-30 08:00:00+00:00,9,0.08791832104367556
2026-03-30 12:00:00+00:00,9,0.24690057531804552
2026-03-30 16:00:00+00:00,9,-0.16846284741917186
2026-03-30 20:00:00+00:00,9,-0.09245604083947818
2026-03-31 00:00:00+00:00,9,-0.18985495502795563
2026-03-31 04:00:00+00:00,9,-0.06263673932420388
2026-03-31 08:00:00+00:00,9,-0.08435296977554495
2026-03-31 12:00:00+00:00,9,0.2960051859654809
2026-03-31 16:00:00+00:00,9,0.029900332225913623
2026-03-31 20:00:00+00:00,9,0.41495826918402073
2026-04-01 00:00:00+00:00,9,0.14933959970828944
2026-04-01 04:00:00+00:00,9,0.1922858763471356
2026-04-01 08:00:00+00:00,9,0.059395510898630585
2026-04-01 12:00:00+00:00,9,0.14950166112956811
2026-04-01 16:00:00+00:00,9,0.34721659508953895
2026-04-01 20:00:00+00:00,9,-0.030224455068470952
2026-04-02 00:00:00+00:00,9,0.3585608945790455
2026-04-02 04:00:00+00:00,9,-0.2989222915484969
2026-04-02 08:00:00+00:00,9,0.13475407179320964
2026-04-02 12:00:00+00:00,9,0.09699376063528078
2026-04-02 16:00:00+00:00,9,0.265051454501256
2026-04-02 20:00:00+00:00,9,0.2644032088161413
2026-04-03 00:00:00+00:00,9,-0.1783485941171704
2026-04-03 04:00:00+00:00,9,-0.3548334818896362
2026-04-03 08:00:00+00:00,9,-0.16862490884045053
2026-04-03 12:00:00+00:00,9,0.0501580098857467
2026-04-03 16:00:00+00:00,9,0.16457337330848396
2026-04-03 20:00:00+00:00,9,0.31366988088485537
2026-04-04 00:00:00+00:00,9,0.05323717689004133
2026-04-04 04:00:00+00:00,9,-0.004132566242605948
2026-04-04 08:00:00+00:00,9,-0.2499797423223402
2026-04-04 12:00:00+00:00,9,-0.0012154606595899846
2026-04-04 16:00:00+00:00,9,-0.012073575885260514
2026-04-04 20:00:00+00:00,9,0.2781784296248278
2026-04-05 00:00:00+00:00,9,0.3752532209707479
2026-04-05 04:00:00+00:00,9,-0.18677578802366096
2026-04-05 08:00:00+00:00,9,0.14431569564865085
2026-04-05 12:00:00+00:00,9,0.23912162709666968
2026-04-05 16:00:00+00:00,9,0.11255165707803258
2026-04-05 20:00:00+00:00,9,0.01191151446398185
2026-04-06 00:00:00+00:00,9,-0.46827647678470147
2026-04-06 04:00:00+00:00,9,0.26618588445020663
2026-04-06 08:00:00+00:00,9,-0.40636901385625157
2026-04-06 12:00:00+00:00,9,0.4914512600275505
2026-04-06 16:00:00+00:00,9,0.529859816870594
2026-04-06 20:00:00+00:00,9,0.5045782351511222
2026-04-07 00:00:00+00:00,9,-0.09569726926505145
2026-04-07 04:00:00+00:00,9,-0.37752208086864925
2026-04-07 08:00:00+00:00,9,-0.09974880479701807
2026-04-07 12:00:00+00:00,9,0.10363827890770602
2026-04-07 16:00:00+00:00,9,-0.06409529211571185
2026-04-07 20:00:00+00:00,9,-0.10201766469491938
2026-04-08 00:00:00+00:00,9,-0.05048213272830403
2026-04-08 04:00:00+00:00,9,-0.11725143829511386
2026-04-08 08:00:00+00:00,9,0.16489749615104124
2026-04-08 12:00:00+00:00,9,-0.16279069767441862
2026-04-08 16:00:00+00:00,9,0.3977797585284823
2026-04-08 20:00:00+00:00,9,0.032493314966372255
2026-04-09 00:00:00+00:00,9,0.11579288550360586
2026-04-09 04:00:00+00:00,9,-0.07203630175836642
2026-04-09 08:00:00+00:00,9,0.03216919212381493
2026-04-09 12:00:00+00:00,9,-0.31982821489344465
2026-04-09 16:00:00+00:00,9,0.08532533830321692
2026-04-09 20:00:00+00:00,9,0.14577424844015885
2026-04-10 00:00:00+00:00,9,-0.12227534235475246
2026-04-10 04:00:00+00:00,9,-0.19876833319828216
2026-04-10 08:00:00+00:00,9,0.23976987278178433
2026-04-10 12:00:00+00:00,9,-0.060205818005023906
2026-04-10 16:00:00+00:00,9,0.0772222672392837
2026-04-10 20:00:00+00:00,9,0.36779839559192934
2026-04-11 00:00:00+00:00,9,-0.18791021797261162
2026-04-11 04:00:00+00:00,9,0.09764200632039544
2026-04-11 08:00:00+00:00,9,-0.18466898954703834
2026-04-11 12:00:00+00:00,9,-0.03994814034519083
2026-04-11 16:00:00+00:00,9,-0.13475407179320964
2026-04-11 20:00:00+00:00,9,0.10704156875455799
2026-04-12 00:00:00+00:00,9,0.5629203468114415
2026-04-12 04:00:00+00:00,9,0.13605056316343894
2026-04-12 08:00:00+00:00,9,-0.14431569564865085
2026-04-12 12:00:00+00:00,9,-0.02552467385138968
2026-04-12 16:00:00+00:00,9,-0.2608378575480107
2026-04-12 20:00:00+00:00,9,0.36261243011101213
2026-04-13 00:00:00+00:00,9,-0.08467709261810227
2026-04-13 04:00:00+00:00,9,0.03460011344299489
2026-04-13 08:00:00+00:00,9,-0.09829025200551009
2026-04-13 12:00:00+00:00,9,0.4089619965967102
2026-04-13 16:00:00+00:00,9,-0.0611781865326959
2026-04-13 20:00:00+00:00,9,-0.4391054209545418
2026-04-14 00:00:00+00:00,9,0.39810388137103964
2026-04-14 04:00:00+00:00,9,0.19649947330038087
2026-04-14 08:00:00+00:00,9,0.05437160683899198
2026-04-14 12:00:00+00:00,9,0.5903087270075359
2026-04-14 16:00:00+00:00,9,0.29276395753990764
2026-04-14 20:00:00+00:00,9,-0.0013775220808686494
2026-04-15 00:00:00+00:00,9,-0.1632768819382546
2026-04-15 04:00:00+00:00,9,0.3084839154039381
2026-04-15 08:00:00+00:00,9,-0.32533830321691926
2026-04-15 12:00:00+00:00,9,-0.4316505955757233
2026-04-15 16:00:00+00:00,9,0.07333279312859574
2026-04-15 20:00:00+00:00,9,0.3067012397698728
2026-04-16 00:00:00+00:00,9,-0.5993841665991411
2026-04-16 04:00:00+00:00,9,-0.5079815249979742
2026-04-16 08:00:00+00:00,9,-0.18077951543635037
2026-04-16 12:00:00+00:00,9,-0.5172190260108581
2026-04-16 16:00:00+00:00,9,-0.18402074386192369
2026-04-16 20:00:00+00:00,9,0.3729843610728466
2026-04-17 00:00:00+00:00,9,0.1940685519812009
2026-04-17 04:00:00+00:00,9,0.14609837128271616
2026-04-17 08:00:00+00:00,9,0.14690867838910945
2026-04-17 12:00:00+00:00,9,0.32857953164249254
2026-04-17 16:00:00+00:00,9,-0.14026416011668422
2026-04-17 20:00:00+00:00,9,0.37152580828133863
2026-04-18 00:00:00+00:00,9,0.06555384490721985
2026-04-18 04:00:00+00:00,9,-0.11287577992058992
2026-04-18 08:00:00+00:00,9,0.7121789158090918
2026-04-18 12:00:00+00:00,9,0.2707236042460092
2026-04-18 16:00:00+00:00,9,0.4130135321286768
2026-04-18 20:00:00+00:00,9,0.0950490235799368
2026-04-19 00:00:00+00:00,9,0.0004051535531966615
2026-04-19 04:00:00+00:00,9,0.026497042379061666
2026-04-19 08:00:00+00:00,9,-0.1422088971720282
2026-04-19 12:00:00+00:00,9,0.4817275747508306
2026-04-19 16:00:00+00:00,9,0.10185560327364071
2026-04-19 20:00:00+00:00,9,0.17948302406612107
2026-04-20 00:00:00+00:00,9,-0.3188558463657727
2026-04-20 04:00:00+00:00,9,0.46228020419739085
2026-04-20 08:00:00+00:00,9,0.010452961672473868
2026-04-20 12:00:00+00:00,9,0.04318936877076412
2026-04-20 16:00:00+00:00,9,0.0073737946681792415
2026-04-20 20:00:00+00:00,9,0.021473138319423064
2026-04-21 00:00:00+00:00,9,0.04902357993679605
2026-04-21 04:00:00+00:00,9,-0.19017907787051294
2026-04-21 08:00:00+00:00,9,-0.22939794181994977
2026-04-21 12:00:00+00:00,9,0.24074224130945632
2026-04-21 16:00:00+00:00,9,0.4128514707073981
2026-04-21 20:00:00+00:00,9,0.05307511546876267
2026-04-22 00:00:00+00:00,9,-0.133133457580423
2026-04-22 04:00:00+00:00,9,-0.02179726116198039
2026-04-22 08:00:00+00:00,9,-0.2791507981524998
2026-04-22 12:00:00+00:00,9,0.4308402884693299
2026-04-22 16:00:00+00:00,9,0.024714366744996354
2026-04-22 20:00:00+00:00,9,0.12195121951219513
2026-04-23 00:00:00+00:00,9,0.12632687788671906
2026-04-23 04:00:00+00:00,9,-0.3809253707155012
2026-04-23 08:00:00+00:00,9,0.2271290819220485
2026-04-23 12:00:00+00:00,9,-0.39129730167733573
2026-04-23 16:00:00+00:00,9,0.3475407179320963
2026-04-23 20:00:00+00:00,9,-0.26488939307997733
2026-04-24 00:00:00+00:00,9,-0.03719309618345353
2026-04-24 04:00:00+00:00,9,0.06814682764767847
2026-04-24 08:00:00+00:00,9,-0.16165626772546798
2026-04-24 12:00:00+00:00,9,0.1281095535207844
2026-04-24 16:00:00+00:00,9,-0.04432379871971477
2026-04-24 20:00:00+00:00,9,0.2922777732760717
2026-04-25 00:00:00+00:00,9,-0.3810874321367799
2026-04-25 04:00:00+00:00,9,0.055343975366663974
2026-04-25 08:00:00+00:00,9,0.18094157685762907
2026-04-25 12:00:00+00:00,9,0.2791507981524998
2026-04-25 16:00:00+00:00,9,0.2956810631229236
2026-04-25 20:00:00+00:00,9,-0.26488939307997733
2026-04-26 00:00:00+00:00,9,-0.023904059638603033
2026-04-26 04:00:00+00:00,9,-0.12308564946114577
2026-04-26 08:00:00+00:00,9,-0.3284174702212139
2026-04-26 12:00:00+00:00,9,0.23004618750506442
2026-04-26 16:00:00+00:00,9,0.09440077789482215
2026-04-26 20:00:00+00:00,9,0.1289198606271777
