time,fold,gross_pnl_bps,cost_bps,net_pnl_bps
2025-07-19 00:00:00+00:00,1,0.0,9.0,-9.0
2025-07-19 04:00:00+00:00,1,0.0,9.0,-9.0
2025-07-19 08:00:00+00:00,1,0.0,9.0,-9.0
2025-07-19 12:00:00+00:00,1,0.0,9.0,-9.0
2025-07-19 16:00:00+00:00,1,0.0,9.0,-9.0
2025-07-19 20:00:00+00:00,1,0.0,9.0,-9.0
2025-07-20 00:00:00+00:00,1,0.0,9.0,-9.0
2025-07-20 04:00:00+00:00,1,0.0,9.0,-9.0
2025-07-20 08:00:00+00:00,1,0.0,9.0,-9.0
2025-07-20 12:00:00+00:00,1,0.0,9.0,-9.0
2025-07-20 16:00:00+00:00,1,0.0,9.0,-9.0
2025-07-20 20:00:00+00:00,1,0.0,9.0,-9.0
2025-07-21 00:00:00+00:00,1,0.0,9.0,-9.0
2025-07-21 04:00:00+00:00,1,0.0,9.0,-9.0
2025-07-21 08:00:00+00:00,1,0.0,9.0,-9.0
2025-07-21 12:00:00+00:00,1,0.0,9.0,-9.0
2025-07-21 16:00:00+00:00,1,0.0,9.0,-9.0
2025-07-21 20:00:00+00:00,1,0.0,9.0,-9.0
2025-07-22 00:00:00+00:00,1,0.0,9.0,-9.0
2025-07-22 04:00:00+00:00,1,0.0,9.0,-9.0
2025-07-22 08:00:00+00:00,1,0.0,9.0,-9.0
2025-07-22 12:00:00+00:00,1,0.0,9.0,-9.0
2025-07-22 16:00:00+00:00,1,0.0,9.0,-9.0
2025-07-22 20:00:00+00:00,1,0.0,9.0,-9.0
2025-07-23 00:00:00+00:00,1,0.0,9.0,-9.0
2025-07-23 04:00:00+00:00,1,0.0,9.0,-9.0
2025-07-23 08:00:00+00:00,1,0.0,9.0,-9.0
2025-07-23 12:00:00+00:00,1,0.0,9.0,-9.0
2025-07-23 16:00:00+00:00,1,0.0,9.0,-9.0
2025-07-23 20:00:00+00:00,1,0.0,9.0,-9.0
2025-07-24 00:00:00+00:00,1,0.0,0.0,0.0
2025-07-24 04:00:00+00:00,1,45.642451081328964,9.0,36.642451081328964
2025-07-24 08:00:00+00:00,1,40.618083230065594,9.0,31.618083230065594
2025-07-24 12:00:00+00:00,1,-38.04037294762809,9.0,-47.04037294762809
2025-07-24 16:00:00+00:00,1,-17.93476471910379,9.0,-26.93476471910379
2025-07-24 20:00:00+00:00,1,25.66085867731136,9.0,16.66085867731136
2025-07-25 00:00:00+00:00,1,-107.55264213668947,9.0,-116.55264213668947
2025-07-25 04:00:00+00:00,1,-8.957764344560884,9.0,-17.957764344560886
2025-07-25 08:00:00+00:00,1,254.88036354673275,9.0,245.88036354673275
2025-07-25 12:00:00+00:00,1,-73.12581296695073,9.0,-82.12581296695073
2025-07-25 16:00:00+00:00,1,199.37911544232583,9.0,190.37911544232583
2025-07-25 20:00:00+00:00,1,9.511431687195364,9.0,0.5114316871953637
2025-07-26 00:00:00+00:00,1,-10.559850175774105,9.0,-19.559850175774105
2025-07-26 04:00:00+00:00,1,-25.645322917170155,9.0,-34.645322917170155
2025-07-26 08:00:00+00:00,1,162.19424153908383,9.0,153.19424153908383
2025-07-26 12:00:00+00:00,1,57.37531901170363,9.0,48.37531901170363
2025-07-26 16:00:00+00:00,1,40.82905631015677,9.0,31.829056310156773
2025-07-26 20:00:00+00:00,1,22.664208131817137,9.0,13.664208131817137
2025-07-27 00:00:00+00:00,1,147.54017221371737,9.0,138.54017221371737
2025-07-27 04:00:00+00:00,1,-27.724710052552098,9.0,-36.7247100525521
2025-07-27 08:00:00+00:00,1,0.0,0.0,0.0
2025-07-27 12:00:00+00:00,1,-106.90948488407216,9.0,-115.90948488407216
2025-07-27 16:00:00+00:00,1,-160.4169435785911,9.0,-169.4169435785911
2025-07-27 20:00:00+00:00,1,0.0,0.0,0.0
2025-07-28 00:00:00+00:00,1,101.85716112204642,9.0,92.85716112204642
2025-07-28 04:00:00+00:00,1,-27.69529894491618,9.0,-36.695298944916175
2025-07-28 08:00:00+00:00,1,83.82864762081772,9.0,74.82864762081772
2025-07-28 12:00:00+00:00,1,-38.40373454598648,9.0,-47.40373454598648
2025-07-28 16:00:00+00:00,1,-134.56733041597792,9.0,-143.56733041597792
2025-07-28 20:00:00+00:00,1,-12.180285976552927,9.0,-21.180285976552927
2025-07-29 00:00:00+00:00,1,3.091253188944685,9.0,-5.908746811055315
2025-07-29 04:00:00+00:00,1,86.14240677332063,9.0,77.14240677332063
2025-07-29 08:00:00+00:00,1,40.02966409738967,9.0,31.02966409738967
2025-07-29 12:00:00+00:00,1,-37.99917033608505,9.0,-46.99917033608505
2025-07-29 16:00:00+00:00,1,-74.47727823941729,9.0,-83.47727823941729
2025-07-29 20:00:00+00:00,1,19.189149570613942,9.0,10.189149570613942
2025-07-30 00:00:00+00:00,1,-61.03044214768833,9.0,-70.03044214768833
2025-07-30 04:00:00+00:00,1,-98.65754945061056,9.0,-107.65754945061056
2025-07-30 08:00:00+00:00,1,-67.0537581419552,9.0,-76.0537581419552
2025-07-30 12:00:00+00:00,1,-125.06375903551678,9.0,-134.0637590355168
2025-07-30 16:00:00+00:00,1,114.82301566861506,9.0,105.82301566861506
2025-07-30 20:00:00+00:00,1,-100.25830253257675,9.0,-109.25830253257675
2025-07-31 00:00:00+00:00,1,-455.2766519120812,9.0,-464.2766519120812
2025-07-31 04:00:00+00:00,1,-71.01664791222879,9.0,-80.01664791222879
2025-07-31 08:00:00+00:00,1,-61.23608899295691,9.0,-70.23608899295691
2025-07-31 12:00:00+00:00,1,89.79817913608704,9.0,80.79817913608704
2025-07-31 16:00:00+00:00,1,0.0,0.0,0.0
2025-07-31 20:00:00+00:00,1,-65.95969350406563,9.0,-74.95969350406563
2025-08-01 00:00:00+00:00,1,-12.81344621339547,9.0,-21.81344621339547
2025-08-01 04:00:00+00:00,1,-0.05739327620327833,9.0,-9.057393276203278
2025-08-01 08:00:00+00:00,1,40.67432733417952,9.0,31.674327334179523
2025-08-01 12:00:00+00:00,1,133.04917009362282,9.0,124.04917009362282
2025-08-01 16:00:00+00:00,1,-66.38545127207199,9.0,-75.38545127207199
2025-08-01 20:00:00+00:00,1,-63.42904707179292,9.0,-72.42904707179292
2025-08-02 00:00:00+00:00,1,4.280025068352988,9.0,-4.719974931647012
2025-08-02 04:00:00+00:00,1,57.35542133781352,9.0,48.35542133781352
2025-08-02 08:00:00+00:00,1,-86.7470620856156,9.0,-95.7470620856156
2025-08-02 12:00:00+00:00,1,39.477805905895465,9.0,30.477805905895465
2025-08-02 16:00:00+00:00,1,-18.443975897948107,9.0,-27.443975897948107
2025-08-02 20:00:00+00:00,1,-39.244444763213146,9.0,-48.244444763213146
2025-08-03 00:00:00+00:00,1,-77.12530317972683,9.0,-86.12530317972683
2025-08-03 04:00:00+00:00,1,69.50772548708788,9.0,60.50772548708788
2025-08-03 08:00:00+00:00,1,47.83764868319662,9.0,38.83764868319662
2025-08-03 12:00:00+00:00,1,-4.840178027382337,9.0,-13.840178027382336
2025-08-03 16:00:00+00:00,1,-11.162238689213277,9.0,-20.162238689213275
2025-08-03 20:00:00+00:00,1,25.807871488230347,9.0,16.807871488230347
2025-08-04 00:00:00+00:00,1,0.31839113125866836,9.0,-8.681608868741332
2025-08-04 04:00:00+00:00,1,-70.69684556462865,9.0,-79.69684556462865
2025-08-04 08:00:00+00:00,1,-106.62899405222707,9.0,-115.62899405222707
2025-08-04 12:00:00+00:00,1,-36.37122297016975,9.0,-45.37122297016975
2025-08-04 16:00:00+00:00,1,-48.63164486425972,9.0,-57.63164486425972
2025-08-04 20:00:00+00:00,1,78.95372259622606,9.0,69.95372259622606
2025-08-05 00:00:00+00:00,1,4.117109556859774,9.0,-4.882890443140226
2025-08-05 04:00:00+00:00,1,-4.4701803741296375,9.0,-13.470180374129637
2025-08-05 08:00:00+00:00,1,65.28400569452592,9.0,56.284005694525916
2025-08-05 12:00:00+00:00,1,-113.61398052865242,9.0,-122.61398052865242
2025-08-05 16:00:00+00:00,1,-33.71898562981652,9.0,-42.71898562981652
2025-08-05 20:00:00+00:00,1,-167.81655843061566,9.0,-176.81655843061566
2025-08-06 00:00:00+00:00,1,-135.29362771774615,9.0,-144.29362771774615
2025-08-06 04:00:00+00:00,1,115.40030534084426,9.0,106.40030534084426
2025-08-06 08:00:00+00:00,1,-51.59030101272447,9.0,-60.59030101272447
2025-08-06 12:00:00+00:00,1,61.15829026509915,9.0,52.15829026509915
2025-08-06 16:00:00+00:00,1,-25.974764917909443,9.0,-34.97476491790944
2025-08-06 20:00:00+00:00,1,-5.567292872505616,9.0,-14.567292872505616
2025-08-07 00:00:00+00:00,1,52.571148045199905,9.0,43.571148045199905
2025-08-07 04:00:00+00:00,1,-80.11800940425785,9.0,-89.11800940425785
2025-08-07 08:00:00+00:00,1,190.42727446373485,9.0,181.42727446373485
2025-08-07 12:00:00+00:00,1,0.0,0.0,0.0
2025-08-07 16:00:00+00:00,1,-94.8156932209052,9.0,-103.8156932209052
2025-08-07 20:00:00+00:00,1,139.46740841970853,9.0,130.46740841970853
2025-08-08 00:00:00+00:00,1,286.5380362418179,9.0,277.5380362418179
2025-08-08 04:00:00+00:00,1,0.0,0.0,0.0
2025-08-08 08:00:00+00:00,1,-33.078072925610506,9.0,-42.078072925610506
2025-08-08 12:00:00+00:00,1,-77.55435120714245,9.0,-86.55435120714245
2025-08-08 16:00:00+00:00,1,49.286793255311956,9.0,40.286793255311956
2025-08-08 20:00:00+00:00,1,-69.39038046294834,9.0,-78.39038046294834
2025-08-09 00:00:00+00:00,1,-47.54277323424181,9.0,-56.54277323424181
2025-08-09 04:00:00+00:00,1,163.36905156367973,9.0,154.36905156367973
2025-08-09 08:00:00+00:00,1,152.44725340853648,9.0,143.44725340853648
2025-08-09 12:00:00+00:00,1,117.52087116233201,9.0,108.52087116233201
2025-08-09 16:00:00+00:00,1,94.39706766988608,9.0,85.39706766988608
2025-08-09 20:00:00+00:00,1,100.291961849866,9.0,91.291961849866
2025-08-10 00:00:00+00:00,1,-635.3599056532952,9.0,-644.3599056532952
2025-08-10 04:00:00+00:00,1,-141.48747571049643,9.0,-150.48747571049643
2025-08-10 08:00:00+00:00,1,135.75272084159124,9.0,126.75272084159124
2025-08-10 12:00:00+00:00,1,248.1888836064546,9.0,239.1888836064546
2025-08-10 16:00:00+00:00,1,52.68014867397097,9.0,43.68014867397097
2025-08-10 20:00:00+00:00,1,-0.6424037955113024,9.0,-9.642403795511303
2025-08-11 00:00:00+00:00,1,-63.58257450368686,9.0,-72.58257450368686
2025-08-11 04:00:00+00:00,1,149.9206981699406,9.0,140.9206981699406
2025-08-11 08:00:00+00:00,1,-37.791538072966816,9.0,-46.791538072966816
2025-08-11 12:00:00+00:00,1,0.0,0.0,0.0
2025-08-11 16:00:00+00:00,1,-6.0408917103582995,9.0,-15.040891710358299
2025-08-11 20:00:00+00:00,1,48.00972416657157,9.0,39.00972416657157
2025-08-12 00:00:00+00:00,1,-50.299069763926376,9.0,-59.299069763926376
2025-08-12 04:00:00+00:00,1,94.24857692732881,9.0,85.24857692732881
2025-08-12 08:00:00+00:00,1,54.8518993772592,9.0,45.8518993772592
2025-08-12 12:00:00+00:00,1,-132.1284129202908,9.0,-141.1284129202908
2025-08-12 16:00:00+00:00,1,-9.418217250427713,9.0,-18.418217250427713
2025-08-12 20:00:00+00:00,1,-143.01928478135343,9.0,-152.01928478135343
2025-08-13 00:00:00+00:00,1,-145.16722110855892,9.0,-154.16722110855892
2025-08-13 04:00:00+00:00,1,16.390289878456233,9.0,7.390289878456233
2025-08-13 08:00:00+00:00,1,52.62624820248888,9.0,43.62624820248888
2025-08-13 12:00:00+00:00,1,72.52622076570253,9.0,63.52622076570253
2025-08-13 16:00:00+00:00,1,180.89465188963283,9.0,171.89465188963283
2025-08-13 20:00:00+00:00,1,-2.044456028384243,9.0,-11.044456028384243
2025-08-14 00:00:00+00:00,1,-96.5094735063403,9.0,-105.5094735063403
2025-08-14 04:00:00+00:00,1,90.06120993066799,9.0,81.06120993066799
2025-08-14 08:00:00+00:00,1,8.515447179454974,9.0,-0.48455282054502646
2025-08-14 12:00:00+00:00,1,-194.3690812642525,9.0,-203.3690812642525
2025-08-14 16:00:00+00:00,1,-113.49654056545742,9.0,-122.49654056545742
2025-08-14 20:00:00+00:00,1,62.58695802930232,9.0,53.58695802930232
2025-08-15 00:00:00+00:00,1,69.43054040965335,9.0,60.43054040965335
2025-08-15 04:00:00+00:00,1,-133.15400822767043,9.0,-142.15400822767043
2025-08-15 08:00:00+00:00,1,19.08990088790483,9.0,10.089900887904829
2025-08-15 12:00:00+00:00,1,-35.21231569348436,9.0,-44.21231569348436
2025-08-15 16:00:00+00:00,1,-24.194365432004922,9.0,-33.19436543200492
2025-08-15 20:00:00+00:00,1,-92.40089673447915,9.0,-101.40089673447915
2025-08-16 00:00:00+00:00,1,1.6526964539637783,9.0,-7.347303546036222
2025-08-16 04:00:00+00:00,1,37.88645378603116,9.0,28.88645378603116
2025-08-16 08:00:00+00:00,1,0.0,0.0,0.0
2025-08-16 12:00:00+00:00,1,-208.14126208889485,9.0,-217.14126208889485
2025-08-16 16:00:00+00:00,1,50.517102491259905,9.0,41.517102491259905
2025-08-16 20:00:00+00:00,1,76.71975734930744,9.0,67.71975734930744
2025-08-17 00:00:00+00:00,1,-51.651478003223936,9.0,-60.651478003223936
2025-08-17 04:00:00+00:00,1,-126.58574095853403,9.0,-135.58574095853402
2025-08-17 08:00:00+00:00,1,64.55693024222238,9.0,55.55693024222238
2025-08-17 12:00:00+00:00,1,-45.711964715531835,9.0,-54.711964715531835
2025-08-17 16:00:00+00:00,1,0.0,0.0,0.0
2025-08-17 20:00:00+00:00,1,90.65852636660041,9.0,81.65852636660041
2025-08-20 00:00:00+00:00,2,14.348247905554427,9.0,5.348247905554427
2025-08-20 04:00:00+00:00,2,-101.56523504087467,9.0,-110.56523504087467
2025-08-20 08:00:00+00:00,2,-14.713431989728209,9.0,-23.713431989728207
2025-08-20 12:00:00+00:00,2,0.0,0.0,0.0
2025-08-20 16:00:00+00:00,2,0.0,0.0,0.0
2025-08-20 20:00:00+00:00,2,0.0,0.0,0.0
2025-08-21 00:00:00+00:00,2,0.0,0.0,0.0
2025-08-21 04:00:00+00:00,2,10.731466290293405,9.0,1.7314662902934046
2025-08-21 08:00:00+00:00,2,0.0,0.0,0.0
2025-08-21 12:00:00+00:00,2,93.72897453604651,9.0,84.72897453604651
2025-08-21 16:00:00+00:00,2,44.002318543202875,9.0,35.002318543202875
2025-08-21 20:00:00+00:00,2,-26.517871638013744,9.0,-35.517871638013744
2025-08-22 00:00:00+00:00,2,3.234680976887637,9.0,-5.765319023112363
2025-08-22 04:00:00+00:00,2,101.34379629753306,9.0,92.34379629753306
2025-08-22 08:00:00+00:00,2,-138.22878218263662,9.0,-147.22878218263662
2025-08-22 12:00:00+00:00,2,252.45830458887752,9.0,243.45830458887752
2025-08-22 16:00:00+00:00,2,0.0,0.0,0.0
2025-08-22 20:00:00+00:00,2,-228.0586797445846,9.0,-237.0586797445846
2025-08-23 00:00:00+00:00,2,-28.307965246033664,9.0,-37.30796524603366
2025-08-23 04:00:00+00:00,2,0.0,0.0,0.0
2025-08-23 08:00:00+00:00,2,0.0,0.0,0.0
2025-08-23 12:00:00+00:00,2,0.0,0.0,0.0
2025-08-23 16:00:00+00:00,2,0.0,0.0,0.0
2025-08-23 20:00:00+00:00,2,70.87588553983048,9.0,61.87588553983048
2025-08-24 00:00:00+00:00,2,24.793172866940957,9.0,15.793172866940957
2025-08-24 04:00:00+00:00,2,36.488515989645165,9.0,27.488515989645165
2025-08-24 08:00:00+00:00,2,-8.92730727440668,9.0,-17.92730727440668
2025-08-24 12:00:00+00:00,2,66.20719746159764,9.0,57.207197461597644
2025-08-24 16:00:00+00:00,2,0.0,0.0,0.0
2025-08-24 20:00:00+00:00,2,-25.11227486515787,9.0,-34.11227486515787
2025-08-25 00:00:00+00:00,2,79.79482164340429,9.0,70.79482164340429
2025-08-25 04:00:00+00:00,2,-24.84679679733759,9.0,-33.84679679733759
2025-08-25 08:00:00+00:00,2,-24.578914829186985,9.0,-33.578914829186985
2025-08-25 12:00:00+00:00,2,-30.754099815153666,9.0,-39.754099815153666
2025-08-25 16:00:00+00:00,2,-13.602361743279937,9.0,-22.602361743279936
2025-08-25 20:00:00+00:00,2,-23.83747512231689,9.0,-32.83747512231689
2025-08-26 00:00:00+00:00,2,-9.55463676138222,9.0,-18.55463676138222
2025-08-26 04:00:00+00:00,2,-0.7256289946355309,9.0,-9.725628994635532
2025-08-26 08:00:00+00:00,2,-12.014896444968977,9.0,-21.014896444968976
2025-08-26 12:00:00+00:00,2,76.59134150247084,9.0,67.59134150247084
2025-08-26 16:00:00+00:00,2,0.0,0.0,0.0
2025-08-26 20:00:00+00:00,2,0.0,0.0,0.0
2025-08-27 00:00:00+00:00,2,0.0,0.0,0.0
2025-08-27 04:00:00+00:00,2,-66.99889073206268,9.0,-75.99889073206268
2025-08-27 08:00:00+00:00,2,0.0,0.0,0.0
2025-08-27 12:00:00+00:00,2,0.0,0.0,0.0
2025-08-27 16:00:00+00:00,2,0.0,0.0,0.0
2025-08-27 20:00:00+00:00,2,0.0,0.0,0.0
2025-08-28 00:00:00+00:00,2,0.0,0.0,0.0
2025-08-28 04:00:00+00:00,2,0.0,0.0,0.0
2025-08-28 08:00:00+00:00,2,0.0,0.0,0.0
2025-08-28 12:00:00+00:00,2,0.0,0.0,0.0
2025-08-28 16:00:00+00:00,2,0.0,0.0,0.0
2025-08-28 20:00:00+00:00,2,0.0,0.0,0.0
2025-08-29 00:00:00+00:00,2,0.0,0.0,0.0
2025-08-29 04:00:00+00:00,2,54.108713803209874,9.0,45.108713803209874
2025-08-29 08:00:00+00:00,2,13.616286737524801,9.0,4.616286737524801
2025-08-29 12:00:00+00:00,2,85.97136444072237,9.0,76.97136444072237
2025-08-29 16:00:00+00:00,2,78.32974643969533,9.0,69.32974643969533
2025-08-29 20:00:00+00:00,2,73.82317542615381,9.0,64.82317542615381
2025-08-30 00:00:00+00:00,2,-28.339584943203786,9.0,-37.33958494320379
2025-08-30 04:00:00+00:00,2,1.67494497088072,9.0,-7.32505502911928
2025-08-30 08:00:00+00:00,2,0.2219091388745969,9.0,-8.778090861125403
2025-08-30 12:00:00+00:00,2,-32.80738278269883,9.0,-41.80738278269883
2025-08-30 16:00:00+00:00,2,0.0,0.0,0.0
2025-08-30 20:00:00+00:00,2,-18.05174155486211,9.0,-27.05174155486211
2025-08-31 00:00:00+00:00,2,-1.149240350285666,9.0,-10.149240350285666
2025-08-31 04:00:00+00:00,2,0.0,0.0,0.0
2025-08-31 08:00:00+00:00,2,1.1452743647171133,9.0,-7.854725635282887
2025-08-31 12:00:00+00:00,2,0.0,0.0,0.0
2025-08-31 16:00:00+00:00,2,-80.98206562704918,9.0,-89.98206562704918
2025-08-31 20:00:00+00:00,2,0.0,0.0,0.0
2025-09-01 00:00:00+00:00,2,98.80264714285387,9.0,89.80264714285387
2025-09-01 04:00:00+00:00,2,-46.686662640841064,9.0,-55.686662640841064
2025-09-01 08:00:00+00:00,2,0.0,0.0,0.0
2025-09-01 12:00:00+00:00,2,0.0,0.0,0.0
2025-09-01 16:00:00+00:00,2,0.0,0.0,0.0
2025-09-01 20:00:00+00:00,2,0.0,0.0,0.0
2025-09-02 00:00:00+00:00,2,0.0,0.0,0.0
2025-09-02 04:00:00+00:00,2,0.0,0.0,0.0
2025-09-02 08:00:00+00:00,2,0.0,0.0,0.0
2025-09-02 12:00:00+00:00,2,0.0,0.0,0.0
2025-09-02 16:00:00+00:00,2,0.0,0.0,0.0
2025-09-02 20:00:00+00:00,2,0.0,0.0,0.0
2025-09-03 00:00:00+00:00,2,0.0,0.0,0.0
2025-09-03 04:00:00+00:00,2,0.0,0.0,0.0
2025-09-03 08:00:00+00:00,2,0.0,0.0,0.0
2025-09-03 12:00:00+00:00,2,0.0,0.0,0.0
2025-09-03 16:00:00+00:00,2,0.0,0.0,0.0
2025-09-03 20:00:00+00:00,2,0.0,0.0,0.0
2025-09-04 00:00:00+00:00,2,0.0,0.0,0.0
2025-09-04 04:00:00+00:00,2,0.0,0.0,0.0
2025-09-04 08:00:00+00:00,2,-123.3957736741603,9.0,-132.3957736741603
2025-09-04 12:00:00+00:00,2,0.0,0.0,0.0
2025-09-04 16:00:00+00:00,2,-40.81042879156839,9.0,-49.81042879156839
2025-09-04 20:00:00+00:00,2,21.291024584774956,9.0,12.291024584774956
2025-09-05 00:00:00+00:00,2,-7.536705478424844,9.0,-16.536705478424842
2025-09-05 04:00:00+00:00,2,0.0,0.0,0.0
2025-09-05 08:00:00+00:00,2,-50.74599332917583,9.0,-59.74599332917583
2025-09-05 12:00:00+00:00,2,0.0,0.0,0.0
2025-09-05 16:00:00+00:00,2,0.0,0.0,0.0
2025-09-05 20:00:00+00:00,2,0.0,0.0,0.0
2025-09-06 00:00:00+00:00,2,0.0,0.0,0.0
2025-09-06 04:00:00+00:00,2,-3.4141337155978766,9.0,-12.414133715597877
2025-09-06 08:00:00+00:00,2,-10.200089059470637,9.0,-19.200089059470635
2025-09-06 12:00:00+00:00,2,-58.54950685561557,9.0,-67.54950685561556
2025-09-06 16:00:00+00:00,2,-201.96305273452188,9.0,-210.96305273452188
2025-09-06 20:00:00+00:00,2,-310.7438150432049,9.0,-319.7438150432049
2025-09-07 00:00:00+00:00,2,0.0,0.0,0.0
2025-09-07 04:00:00+00:00,2,-4.591879392709293,9.0,-13.591879392709293
2025-09-07 08:00:00+00:00,2,0.0,0.0,0.0
2025-09-07 12:00:00+00:00,2,0.0,0.0,0.0
2025-09-07 16:00:00+00:00,2,0.0,0.0,0.0
2025-09-07 20:00:00+00:00,2,0.0,0.0,0.0
2025-09-08 00:00:00+00:00,2,0.0,0.0,0.0
2025-09-08 04:00:00+00:00,2,0.0,0.0,0.0
2025-09-08 08:00:00+00:00,2,-51.115153902418854,9.0,-60.115153902418854
2025-09-08 12:00:00+00:00,2,0.0,0.0,0.0
2025-09-08 16:00:00+00:00,2,0.0,0.0,0.0
2025-09-08 20:00:00+00:00,2,418.0312475551327,9.0,409.0312475551327
2025-09-09 00:00:00+00:00,2,857.9826812911491,9.0,848.9826812911491
2025-09-09 04:00:00+00:00,2,-208.81007033418928,9.0,-217.81007033418928
2025-09-09 08:00:00+00:00,2,637.1056488957196,9.0,628.1056488957196
2025-09-09 12:00:00+00:00,2,-162.6969327346898,9.0,-171.6969327346898
2025-09-09 16:00:00+00:00,2,0.0,0.0,0.0
2025-09-09 20:00:00+00:00,2,0.0,0.0,0.0
2025-09-10 00:00:00+00:00,2,-79.25070953580986,9.0,-88.25070953580986
2025-09-10 04:00:00+00:00,2,0.0,0.0,0.0
2025-09-10 08:00:00+00:00,2,0.0,0.0,0.0
2025-09-10 12:00:00+00:00,2,0.0,0.0,0.0
2025-09-10 16:00:00+00:00,2,0.0,0.0,0.0
2025-09-10 20:00:00+00:00,2,0.0,0.0,0.0
2025-09-11 00:00:00+00:00,2,0.0,0.0,0.0
2025-09-11 04:00:00+00:00,2,455.6653942988267,9.0,446.6653942988267
2025-09-11 08:00:00+00:00,2,0.0,0.0,0.0
2025-09-11 12:00:00+00:00,2,209.20053337535728,9.0,200.20053337535728
2025-09-11 16:00:00+00:00,2,3.02508279394288,9.0,-5.974917206057119
2025-09-11 20:00:00+00:00,2,164.81939668570908,9.0,155.81939668570908
2025-09-12 00:00:00+00:00,2,0.0,0.0,0.0
2025-09-12 04:00:00+00:00,2,0.0,0.0,0.0
2025-09-12 08:00:00+00:00,2,0.0,0.0,0.0
2025-09-12 12:00:00+00:00,2,0.0,0.0,0.0
2025-09-12 16:00:00+00:00,2,0.0,0.0,0.0
2025-09-12 20:00:00+00:00,2,0.0,0.0,0.0
2025-09-13 00:00:00+00:00,2,-33.09189070256803,9.0,-42.09189070256803
2025-09-13 04:00:00+00:00,2,0.0,0.0,0.0
2025-09-13 08:00:00+00:00,2,0.0,0.0,0.0
2025-09-13 12:00:00+00:00,2,24.015831579324143,9.0,15.015831579324143
2025-09-13 16:00:00+00:00,2,55.47436511433683,9.0,46.47436511433683
2025-09-13 20:00:00+00:00,2,79.94610547329499,9.0,70.94610547329499
2025-09-14 00:00:00+00:00,2,62.455375841421294,9.0,53.455375841421294
2025-09-14 04:00:00+00:00,2,227.08027391467988,9.0,218.08027391467988
2025-09-14 08:00:00+00:00,2,-34.1235328050684,9.0,-43.1235328050684
2025-09-14 12:00:00+00:00,2,-29.589932525461865,9.0,-38.58993252546186
2025-09-14 16:00:00+00:00,2,43.47945474360246,9.0,34.47945474360246
2025-09-14 20:00:00+00:00,2,216.3139979220049,9.0,207.3139979220049
2025-09-15 00:00:00+00:00,2,-6.856280668371206,9.0,-15.856280668371205
2025-09-15 04:00:00+00:00,2,-63.20110686046855,9.0,-72.20110686046854
2025-09-15 08:00:00+00:00,2,-146.97154315782362,9.0,-155.97154315782362
2025-09-15 12:00:00+00:00,2,189.61779237470918,9.0,180.61779237470918
2025-09-15 16:00:00+00:00,2,0.0,0.0,0.0
2025-09-15 20:00:00+00:00,2,0.0,0.0,0.0
2025-09-16 00:00:00+00:00,2,0.0,0.0,0.0
2025-09-16 04:00:00+00:00,2,0.0,0.0,0.0
2025-09-16 08:00:00+00:00,2,0.0,0.0,0.0
2025-09-16 12:00:00+00:00,2,0.0,0.0,0.0
2025-09-16 16:00:00+00:00,2,0.0,0.0,0.0
2025-09-16 20:00:00+00:00,2,0.0,0.0,0.0
2025-09-17 00:00:00+00:00,2,0.0,0.0,0.0
2025-09-17 04:00:00+00:00,2,0.0,0.0,0.0
2025-09-17 08:00:00+00:00,2,0.0,0.0,0.0
2025-09-17 12:00:00+00:00,2,0.0,0.0,0.0
2025-09-17 16:00:00+00:00,2,-70.70250038876691,9.0,-79.70250038876691
2025-09-17 20:00:00+00:00,2,-118.79370163843124,9.0,-127.79370163843124
2025-09-18 00:00:00+00:00,2,56.798252655917096,9.0,47.798252655917096
2025-09-18 04:00:00+00:00,2,-64.18216763334328,9.0,-73.18216763334328
2025-09-18 08:00:00+00:00,2,45.693177839412435,9.0,36.693177839412435
2025-09-18 12:00:00+00:00,2,-119.97903842146296,9.0,-128.97903842146297
2025-09-18 16:00:00+00:00,2,-417.23256452402916,9.0,-426.23256452402916
2025-09-18 20:00:00+00:00,2,0.0,0.0,0.0
2025-09-21 00:00:00+00:00,3,60.29417585420364,9.0,51.29417585420364
2025-09-21 04:00:00+00:00,3,108.03101393240732,9.0,99.03101393240732
2025-09-21 08:00:00+00:00,3,-66.57354556218178,9.0,-75.57354556218178
2025-09-21 12:00:00+00:00,3,-2.952850416153754,9.0,-11.952850416153755
2025-09-21 16:00:00+00:00,3,49.56329026785212,9.0,40.56329026785212
2025-09-21 20:00:00+00:00,3,-27.03742425287163,9.0,-36.03742425287163
2025-09-22 00:00:00+00:00,3,11.125393260714226,9.0,2.125393260714226
2025-09-22 04:00:00+00:00,3,0.0,0.0,0.0
2025-09-22 08:00:00+00:00,3,121.05152639448048,9.0,112.05152639448048
2025-09-22 12:00:00+00:00,3,23.016792957251624,9.0,14.016792957251624
2025-09-22 16:00:00+00:00,3,129.07519576075342,9.0,120.07519576075342
2025-09-22 20:00:00+00:00,3,0.0,0.0,0.0
2025-09-23 00:00:00+00:00,3,20.154123516389383,9.0,11.154123516389383
2025-09-23 04:00:00+00:00,3,0.0,0.0,0.0
2025-09-23 08:00:00+00:00,3,19.730270328171905,9.0,10.730270328171905
2025-09-23 12:00:00+00:00,3,0.0,0.0,0.0
2025-09-23 16:00:00+00:00,3,-8.966597230917385,9.0,-17.966597230917387
2025-09-23 20:00:00+00:00,3,0.0,0.0,0.0
2025-09-24 00:00:00+00:00,3,0.0,0.0,0.0
2025-09-24 04:00:00+00:00,3,-160.91468154095776,9.0,-169.91468154095776
2025-09-24 08:00:00+00:00,3,-184.2561151058161,9.0,-193.2561151058161
2025-09-24 12:00:00+00:00,3,58.1433447481119,9.0,49.1433447481119
2025-09-24 16:00:00+00:00,3,28.843494498491996,9.0,19.843494498491996
2025-09-24 20:00:00+00:00,3,0.0,0.0,0.0
2025-09-25 00:00:00+00:00,3,0.0,0.0,0.0
2025-09-25 04:00:00+00:00,3,0.0,0.0,0.0
2025-09-25 08:00:00+00:00,3,0.0,0.0,0.0
2025-09-25 12:00:00+00:00,3,41.14758757652411,9.0,32.14758757652411
2025-09-25 16:00:00+00:00,3,-265.79677845347214,9.0,-274.79677845347214
2025-09-25 20:00:00+00:00,3,-60.748116665515376,9.0,-69.74811666551537
2025-09-26 00:00:00+00:00,3,-25.836614416739536,9.0,-34.836614416739536
2025-09-26 04:00:00+00:00,3,0.0,0.0,0.0
2025-09-26 08:00:00+00:00,3,-15.421977589414551,9.0,-24.421977589414553
2025-09-26 12:00:00+00:00,3,44.76741056779168,9.0,35.76741056779168
2025-09-26 16:00:00+00:00,3,-87.19556692064282,9.0,-96.19556692064282
2025-09-26 20:00:00+00:00,3,28.205220041599503,9.0,19.205220041599503
2025-09-27 00:00:00+00:00,3,77.1736477452999,9.0,68.1736477452999
2025-09-27 04:00:00+00:00,3,0.0,0.0,0.0
2025-09-27 08:00:00+00:00,3,0.0,0.0,0.0
2025-09-27 12:00:00+00:00,3,0.0,0.0,0.0
2025-09-27 16:00:00+00:00,3,22.755363276147445,9.0,13.755363276147445
2025-09-27 20:00:00+00:00,3,-6.78867496293126,9.0,-15.78867496293126
2025-09-28 00:00:00+00:00,3,0.0,0.0,0.0
2025-09-28 04:00:00+00:00,3,0.0,0.0,0.0
2025-09-28 08:00:00+00:00,3,0.0,0.0,0.0
2025-09-28 12:00:00+00:00,3,-70.81720933673999,9.0,-79.81720933673999
2025-09-28 16:00:00+00:00,3,-4.594998302758658,9.0,-13.594998302758658
2025-09-28 20:00:00+00:00,3,0.0,0.0,0.0
2025-09-29 00:00:00+00:00,3,0.0,0.0,0.0
2025-09-29 04:00:00+00:00,3,0.0,0.0,0.0
2025-09-29 08:00:00+00:00,3,0.0,0.0,0.0
2025-09-29 12:00:00+00:00,3,0.0,0.0,0.0
2025-09-29 16:00:00+00:00,3,0.0,0.0,0.0
2025-09-29 20:00:00+00:00,3,0.0,0.0,0.0
2025-09-30 00:00:00+00:00,3,-60.15546444515128,9.0,-69.15546444515128
2025-09-30 04:00:00+00:00,3,5.104782816197011,9.0,-3.8952171838029894
2025-09-30 08:00:00+00:00,3,0.0,0.0,0.0
2025-09-30 12:00:00+00:00,3,0.0,0.0,0.0
2025-09-30 16:00:00+00:00,3,22.037203099433864,9.0,13.037203099433864
2025-09-30 20:00:00+00:00,3,0.0,0.0,0.0
2025-10-01 00:00:00+00:00,3,-28.37430444509786,9.0,-37.37430444509786
2025-10-01 04:00:00+00:00,3,0.0,0.0,0.0
2025-10-01 08:00:00+00:00,3,0.0,0.0,0.0
2025-10-01 12:00:00+00:00,3,-280.23192446745634,9.0,-289.23192446745634
2025-10-01 16:00:00+00:00,3,22.316128645032286,9.0,13.316128645032286
2025-10-01 20:00:00+00:00,3,168.83531693782038,9.0,159.83531693782038
2025-10-02 00:00:00+00:00,3,1.4972389861121413,9.0,-7.502761013887858
2025-10-02 04:00:00+00:00,3,-87.15893543443318,9.0,-96.15893543443318
2025-10-02 08:00:00+00:00,3,127.16271509324866,9.0,118.16271509324866
2025-10-02 12:00:00+00:00,3,93.86410865944012,9.0,84.86410865944012
2025-10-02 16:00:00+00:00,3,0.0,0.0,0.0
2025-10-02 20:00:00+00:00,3,47.55481514191135,9.0,38.55481514191135
2025-10-03 00:00:00+00:00,3,89.84311815807393,9.0,80.84311815807393
2025-10-03 04:00:00+00:00,3,12.064535106010386,9.0,3.0645351060103856
2025-10-03 08:00:00+00:00,3,47.690778266135894,9.0,38.690778266135894
2025-10-03 12:00:00+00:00,3,154.46608127175583,9.0,145.46608127175583
2025-10-03 16:00:00+00:00,3,-18.800317997069072,9.0,-27.800317997069072
2025-10-03 20:00:00+00:00,3,0.0,0.0,0.0
2025-10-04 00:00:00+00:00,3,0.0,0.0,0.0
2025-10-04 04:00:00+00:00,3,0.0,0.0,0.0
2025-10-04 08:00:00+00:00,3,0.0,0.0,0.0
2025-10-04 12:00:00+00:00,3,0.0,0.0,0.0
2025-10-04 16:00:00+00:00,3,-141.8777769985583,9.0,-150.8777769985583
2025-10-04 20:00:00+00:00,3,37.3726081441156,9.0,28.372608144115603
2025-10-05 00:00:00+00:00,3,-8.992993141381202,9.0,-17.992993141381202
2025-10-05 04:00:00+00:00,3,0.0,0.0,0.0
2025-10-05 08:00:00+00:00,3,0.0,0.0,0.0
2025-10-05 12:00:00+00:00,3,0.0,0.0,0.0
2025-10-05 16:00:00+00:00,3,0.0,0.0,0.0
2025-10-05 20:00:00+00:00,3,0.0,0.0,0.0
2025-10-06 00:00:00+00:00,3,0.0,0.0,0.0
2025-10-06 04:00:00+00:00,3,0.0,0.0,0.0
2025-10-06 08:00:00+00:00,3,0.0,0.0,0.0
2025-10-06 12:00:00+00:00,3,0.0,0.0,0.0
2025-10-06 16:00:00+00:00,3,0.0,0.0,0.0
2025-10-06 20:00:00+00:00,3,0.0,0.0,0.0
2025-10-07 00:00:00+00:00,3,0.0,0.0,0.0
2025-10-07 04:00:00+00:00,3,0.0,0.0,0.0
2025-10-07 08:00:00+00:00,3,0.0,0.0,0.0
2025-10-07 12:00:00+00:00,3,91.37915105512668,9.0,82.37915105512668
2025-10-07 16:00:00+00:00,3,76.06440297457301,9.0,67.06440297457301
2025-10-07 20:00:00+00:00,3,145.58103359805958,9.0,136.58103359805958
2025-10-08 00:00:00+00:00,3,41.61544557494847,9.0,32.61544557494847
2025-10-08 04:00:00+00:00,3,-43.25525119474834,9.0,-52.25525119474834
2025-10-08 08:00:00+00:00,3,40.608859533155986,9.0,31.608859533155986
2025-10-08 12:00:00+00:00,3,-161.02141927285618,9.0,-170.02141927285618
2025-10-08 16:00:00+00:00,3,-185.99555667900682,9.0,-194.99555667900682
2025-10-08 20:00:00+00:00,3,0.0,0.0,0.0
2025-10-09 00:00:00+00:00,3,0.0,0.0,0.0
2025-10-09 04:00:00+00:00,3,58.07181658739062,9.0,49.07181658739062
2025-10-09 08:00:00+00:00,3,124.45551066863916,9.0,115.45551066863916
2025-10-09 12:00:00+00:00,3,35.591521460078354,9.0,26.591521460078354
2025-10-09 16:00:00+00:00,3,-88.70841161102328,9.0,-97.70841161102328
2025-10-09 20:00:00+00:00,3,59.501768810937655,9.0,50.501768810937655
2025-10-10 00:00:00+00:00,3,-33.28246043750038,9.0,-42.28246043750038
2025-10-10 04:00:00+00:00,3,157.97695723462243,9.0,148.97695723462243
2025-10-10 08:00:00+00:00,3,79.13338598995834,9.0,70.13338598995834
2025-10-10 12:00:00+00:00,3,-45.133913105397454,9.0,-54.133913105397454
2025-10-10 16:00:00+00:00,3,198.06018348894662,9.0,189.06018348894662
2025-10-10 20:00:00+00:00,3,0.0,0.0,0.0
2025-10-11 00:00:00+00:00,3,0.0,0.0,0.0
2025-10-11 04:00:00+00:00,3,-983.3425715470796,9.0,-992.3425715470796
2025-10-11 08:00:00+00:00,3,345.7381816562331,9.0,336.7381816562331
2025-10-11 12:00:00+00:00,3,24.713367273238937,9.0,15.713367273238937
2025-10-11 16:00:00+00:00,3,-308.1785363619538,9.0,-317.1785363619538
2025-10-11 20:00:00+00:00,3,-38.05716610909768,9.0,-47.05716610909768
2025-10-12 00:00:00+00:00,3,0.0,0.0,0.0
2025-10-12 04:00:00+00:00,3,115.20200120888622,9.0,106.20200120888622
2025-10-12 08:00:00+00:00,3,384.9752579609494,9.0,375.9752579609494
2025-10-12 12:00:00+00:00,3,-378.4849456175325,9.0,-387.4849456175325
2025-10-12 16:00:00+00:00,3,0.0,0.0,0.0
2025-10-12 20:00:00+00:00,3,0.5207563400949287,9.0,-8.479243659905071
2025-10-13 00:00:00+00:00,3,21.234267404490865,9.0,12.234267404490865
2025-10-13 04:00:00+00:00,3,50.06721350394457,9.0,41.06721350394457
2025-10-13 08:00:00+00:00,3,-269.65056612621544,9.0,-278.65056612621544
2025-10-13 12:00:00+00:00,3,-20.51823156137101,9.0,-29.51823156137101
2025-10-13 16:00:00+00:00,3,-98.14800367759906,9.0,-107.14800367759906
2025-10-13 20:00:00+00:00,3,0.0,0.0,0.0
2025-10-14 00:00:00+00:00,3,0.0,0.0,0.0
2025-10-14 04:00:00+00:00,3,0.0,0.0,0.0
2025-10-14 08:00:00+00:00,3,0.0,0.0,0.0
2025-10-14 12:00:00+00:00,3,-71.96597710013974,9.0,-80.96597710013974
2025-10-14 16:00:00+00:00,3,-15.219856703649041,9.0,-24.219856703649043
2025-10-14 20:00:00+00:00,3,65.7819375174528,9.0,56.7819375174528
2025-10-15 00:00:00+00:00,3,0.0,0.0,0.0
2025-10-15 04:00:00+00:00,3,0.0,0.0,0.0
2025-10-15 08:00:00+00:00,3,0.0,0.0,0.0
2025-10-15 12:00:00+00:00,3,0.0,0.0,0.0
2025-10-15 16:00:00+00:00,3,0.0,0.0,0.0
2025-10-15 20:00:00+00:00,3,0.0,0.0,0.0
2025-10-16 00:00:00+00:00,3,-11.958353330295997,9.0,-20.958353330296
2025-10-16 04:00:00+00:00,3,-53.14721309362638,9.0,-62.14721309362638
2025-10-16 08:00:00+00:00,3,-5.560844096556975,9.0,-14.560844096556975
2025-10-16 12:00:00+00:00,3,-168.36712771047448,9.0,-177.36712771047448
2025-10-16 16:00:00+00:00,3,131.98636428494947,9.0,122.98636428494947
2025-10-16 20:00:00+00:00,3,-107.10168717425663,9.0,-116.10168717425663
2025-10-17 00:00:00+00:00,3,0.0,0.0,0.0
2025-10-17 04:00:00+00:00,3,0.0,0.0,0.0
2025-10-17 08:00:00+00:00,3,0.0,0.0,0.0
2025-10-17 12:00:00+00:00,3,0.0,0.0,0.0
2025-10-17 16:00:00+00:00,3,0.0,0.0,0.0
2025-10-17 20:00:00+00:00,3,0.0,0.0,0.0
2025-10-18 00:00:00+00:00,3,0.0,0.0,0.0
2025-10-18 04:00:00+00:00,3,0.0,0.0,0.0
2025-10-18 08:00:00+00:00,3,0.0,0.0,0.0
2025-10-18 12:00:00+00:00,3,0.0,0.0,0.0
2025-10-18 16:00:00+00:00,3,0.0,0.0,0.0
2025-10-18 20:00:00+00:00,3,0.0,0.0,0.0
2025-10-19 00:00:00+00:00,3,0.0,0.0,0.0
2025-10-19 04:00:00+00:00,3,0.0,0.0,0.0
2025-10-19 08:00:00+00:00,3,0.0,0.0,0.0
2025-10-19 12:00:00+00:00,3,0.0,0.0,0.0
2025-10-19 16:00:00+00:00,3,0.0,0.0,0.0
2025-10-19 20:00:00+00:00,3,0.0,0.0,0.0
2025-10-20 00:00:00+00:00,3,0.0,0.0,0.0
2025-10-20 04:00:00+00:00,3,0.0,0.0,0.0
2025-10-20 08:00:00+00:00,3,0.0,0.0,0.0
2025-10-20 12:00:00+00:00,3,13.442061290797179,9.0,4.442061290797179
2025-10-20 16:00:00+00:00,3,0.0,0.0,0.0
2025-10-20 20:00:00+00:00,3,0.0,0.0,0.0
2025-10-23 00:00:00+00:00,4,0.0,0.0,0.0
2025-10-23 04:00:00+00:00,4,0.0,0.0,0.0
2025-10-23 08:00:00+00:00,4,0.0,0.0,0.0
2025-10-23 12:00:00+00:00,4,0.0,0.0,0.0
2025-10-23 16:00:00+00:00,4,0.0,0.0,0.0
2025-10-23 20:00:00+00:00,4,0.0,0.0,0.0
2025-10-24 00:00:00+00:00,4,0.0,0.0,0.0
2025-10-24 04:00:00+00:00,4,0.0,0.0,0.0
2025-10-24 08:00:00+00:00,4,0.0,0.0,0.0
2025-10-24 12:00:00+00:00,4,-31.18648291045162,9.0,-40.186482910451616
2025-10-24 16:00:00+00:00,4,-211.6869078506248,9.0,-220.6869078506248
2025-10-24 20:00:00+00:00,4,0.0,0.0,0.0
2025-10-25 00:00:00+00:00,4,0.0,0.0,0.0
2025-10-25 04:00:00+00:00,4,0.0,0.0,0.0
2025-10-25 08:00:00+00:00,4,0.0,0.0,0.0
2025-10-25 12:00:00+00:00,4,0.0,0.0,0.0
2025-10-25 16:00:00+00:00,4,0.0,0.0,0.0
2025-10-25 20:00:00+00:00,4,0.0,0.0,0.0
2025-10-26 00:00:00+00:00,4,0.0,0.0,0.0
2025-10-26 04:00:00+00:00,4,-81.25102769478154,9.0,-90.25102769478154
2025-10-26 08:00:00+00:00,4,0.0,0.0,0.0
2025-10-26 12:00:00+00:00,4,0.0,0.0,0.0
2025-10-26 16:00:00+00:00,4,-16.51615209926608,9.0,-25.51615209926608
2025-10-26 20:00:00+00:00,4,0.0,0.0,0.0
2025-10-27 00:00:00+00:00,4,-45.689251637423794,9.0,-54.689251637423794
2025-10-27 04:00:00+00:00,4,-89.17745455809413,9.0,-98.17745455809413
2025-10-27 08:00:00+00:00,4,-171.2132426909068,9.0,-180.2132426909068
2025-10-27 12:00:00+00:00,4,0.0,0.0,0.0
2025-10-27 16:00:00+00:00,4,0.0,0.0,0.0
2025-10-27 20:00:00+00:00,4,0.0,0.0,0.0
2025-10-28 00:00:00+00:00,4,27.200545449590024,9.0,18.200545449590024
2025-10-28 04:00:00+00:00,4,0.0,0.0,0.0
2025-10-28 08:00:00+00:00,4,0.0,0.0,0.0
2025-10-28 12:00:00+00:00,4,0.0,0.0,0.0
2025-10-28 16:00:00+00:00,4,0.0,0.0,0.0
2025-10-28 20:00:00+00:00,4,-109.26207069797319,9.0,-118.26207069797319
2025-10-29 00:00:00+00:00,4,-27.04366273264779,9.0,-36.04366273264779
2025-10-29 04:00:00+00:00,4,0.0,0.0,0.0
2025-10-29 08:00:00+00:00,4,0.0,0.0,0.0
2025-10-29 12:00:00+00:00,4,0.0,0.0,0.0
2025-10-29 16:00:00+00:00,4,0.0,0.0,0.0
2025-10-29 20:00:00+00:00,4,0.0,0.0,0.0
2025-10-30 00:00:00+00:00,4,0.0,0.0,0.0
2025-10-30 04:00:00+00:00,4,-405.0778979325305,9.0,-414.0778979325305
2025-10-30 08:00:00+00:00,4,0.0,0.0,0.0
2025-10-30 12:00:00+00:00,4,92.32239132593388,9.0,83.32239132593388
2025-10-30 16:00:00+00:00,4,0.0,0.0,0.0
2025-10-30 20:00:00+00:00,4,0.0,0.0,0.0
2025-10-31 00:00:00+00:00,4,0.0,0.0,0.0
2025-10-31 04:00:00+00:00,4,0.0,0.0,0.0
2025-10-31 08:00:00+00:00,4,137.86818129135406,9.0,128.86818129135406
2025-10-31 12:00:00+00:00,4,0.0,0.0,0.0
2025-10-31 16:00:00+00:00,4,0.0,0.0,0.0
2025-10-31 20:00:00+00:00,4,0.0,0.0,0.0
2025-11-01 00:00:00+00:00,4,0.0,0.0,0.0
2025-11-01 04:00:00+00:00,4,466.90759964099624,9.0,457.90759964099624
2025-11-01 08:00:00+00:00,4,0.0,0.0,0.0
2025-11-01 12:00:00+00:00,4,-33.50950238863325,9.0,-42.50950238863325
2025-11-01 16:00:00+00:00,4,0.0,0.0,0.0
2025-11-01 20:00:00+00:00,4,0.0,0.0,0.0
2025-11-02 00:00:00+00:00,4,0.0,0.0,0.0
2025-11-02 04:00:00+00:00,4,0.0,0.0,0.0
2025-11-02 08:00:00+00:00,4,0.0,0.0,0.0
2025-11-02 12:00:00+00:00,4,0.0,0.0,0.0
2025-11-02 16:00:00+00:00,4,-276.78639886070744,9.0,-285.78639886070744
2025-11-02 20:00:00+00:00,4,-6.487249163717266,9.0,-15.487249163717266
2025-11-03 00:00:00+00:00,4,-49.183503573048164,9.0,-58.183503573048164
2025-11-03 04:00:00+00:00,4,135.9410606446643,9.0,126.9410606446643
2025-11-03 08:00:00+00:00,4,-173.68158222540666,9.0,-182.68158222540666
2025-11-03 12:00:00+00:00,4,0.0,0.0,0.0
2025-11-03 16:00:00+00:00,4,0.0,0.0,0.0
2025-11-03 20:00:00+00:00,4,-46.72642537864465,9.0,-55.72642537864465
2025-11-04 00:00:00+00:00,4,-185.83775819595917,9.0,-194.83775819595917
2025-11-04 04:00:00+00:00,4,-177.952627356514,9.0,-186.952627356514
2025-11-04 08:00:00+00:00,4,0.0,0.0,0.0
2025-11-04 12:00:00+00:00,4,0.0,0.0,0.0
2025-11-04 16:00:00+00:00,4,128.68806577420764,9.0,119.68806577420764
2025-11-04 20:00:00+00:00,4,0.0,0.0,0.0
2025-11-05 00:00:00+00:00,4,325.7591645082993,9.0,316.7591645082993
2025-11-05 04:00:00+00:00,4,121.46059713421039,9.0,112.46059713421039
2025-11-05 08:00:00+00:00,4,0.0,0.0,0.0
2025-11-05 12:00:00+00:00,4,-393.3867742424177,9.0,-402.3867742424177
2025-11-05 16:00:00+00:00,4,-4.235958186836405,9.0,-13.235958186836406
2025-11-05 20:00:00+00:00,4,111.59385846890297,9.0,102.59385846890297
2025-11-06 00:00:00+00:00,4,-1.5260849904012719,9.0,-10.526084990401271
2025-11-06 04:00:00+00:00,4,88.92741827919545,9.0,79.92741827919545
2025-11-06 08:00:00+00:00,4,0.0,0.0,0.0
2025-11-06 12:00:00+00:00,4,0.0,0.0,0.0
2025-11-06 16:00:00+00:00,4,0.0,0.0,0.0
2025-11-06 20:00:00+00:00,4,49.428279132886395,9.0,40.428279132886395
2025-11-07 00:00:00+00:00,4,530.8007299150718,9.0,521.8007299150718
2025-11-07 04:00:00+00:00,4,108.5695721604725,9.0,99.5695721604725
2025-11-07 08:00:00+00:00,4,169.60565912896544,9.0,160.60565912896544
2025-11-07 12:00:00+00:00,4,-370.49097187090996,9.0,-379.49097187090996
2025-11-07 16:00:00+00:00,4,-3.406755066272544,9.0,-12.406755066272543
2025-11-07 20:00:00+00:00,4,0.0,0.0,0.0
2025-11-08 00:00:00+00:00,4,87.84933774096771,9.0,78.84933774096771
2025-11-08 04:00:00+00:00,4,34.71792574318465,9.0,25.71792574318465
2025-11-08 08:00:00+00:00,4,0.0,0.0,0.0
2025-11-08 12:00:00+00:00,4,0.0,0.0,0.0
2025-11-08 16:00:00+00:00,4,0.0,0.0,0.0
2025-11-08 20:00:00+00:00,4,-14.91009006322035,9.0,-23.910090063220352
2025-11-09 00:00:00+00:00,4,-14.324619416150043,9.0,-23.324619416150043
2025-11-09 04:00:00+00:00,4,-47.237407427804825,9.0,-56.237407427804825
2025-11-09 08:00:00+00:00,4,51.60752354690923,9.0,42.60752354690923
2025-11-09 12:00:00+00:00,4,31.709756266074635,9.0,22.709756266074635
2025-11-09 16:00:00+00:00,4,0.0,0.0,0.0
2025-11-09 20:00:00+00:00,4,0.0,0.0,0.0
2025-11-10 00:00:00+00:00,4,0.0,0.0,0.0
2025-11-10 04:00:00+00:00,4,0.0,0.0,0.0
2025-11-10 08:00:00+00:00,4,210.4505285159666,9.0,201.4505285159666
2025-11-10 12:00:00+00:00,4,55.21662104411756,9.0,46.21662104411756
2025-11-10 16:00:00+00:00,4,0.0,0.0,0.0
2025-11-10 20:00:00+00:00,4,0.0,0.0,0.0
2025-11-11 00:00:00+00:00,4,-48.65356604254664,9.0,-57.65356604254664
2025-11-11 04:00:00+00:00,4,0.0,0.0,0.0
2025-11-11 08:00:00+00:00,4,0.0,0.0,0.0
2025-11-11 12:00:00+00:00,4,0.0,0.0,0.0
2025-11-11 16:00:00+00:00,4,-8.612458081584915,9.0,-17.612458081584915
2025-11-11 20:00:00+00:00,4,-88.20353978554307,9.0,-97.20353978554307
2025-11-12 00:00:00+00:00,4,0.0,0.0,0.0
2025-11-12 04:00:00+00:00,4,0.0,0.0,0.0
2025-11-12 08:00:00+00:00,4,0.0,0.0,0.0
2025-11-12 12:00:00+00:00,4,0.0,0.0,0.0
2025-11-12 16:00:00+00:00,4,24.733790760048322,9.0,15.733790760048322
2025-11-12 20:00:00+00:00,4,-8.74633021770389,9.0,-17.746330217703893
2025-11-13 00:00:00+00:00,4,0.0,0.0,0.0
2025-11-13 04:00:00+00:00,4,-108.87862568467827,9.0,-117.87862568467827
2025-11-13 08:00:00+00:00,4,78.1744197688658,9.0,69.1744197688658
2025-11-13 12:00:00+00:00,4,-129.6600270874484,9.0,-138.6600270874484
2025-11-13 16:00:00+00:00,4,0.0,0.0,0.0
2025-11-13 20:00:00+00:00,4,0.0,0.0,0.0
2025-11-14 00:00:00+00:00,4,0.0,0.0,0.0
2025-11-14 04:00:00+00:00,4,0.0,0.0,0.0
2025-11-14 08:00:00+00:00,4,0.0,0.0,0.0
2025-11-14 12:00:00+00:00,4,48.52208073502494,9.0,39.52208073502494
2025-11-14 16:00:00+00:00,4,0.0,0.0,0.0
2025-11-14 20:00:00+00:00,4,0.0,0.0,0.0
2025-11-15 00:00:00+00:00,4,0.0,0.0,0.0
2025-11-15 04:00:00+00:00,4,0.0,0.0,0.0
2025-11-15 08:00:00+00:00,4,0.0,0.0,0.0
2025-11-15 12:00:00+00:00,4,0.0,0.0,0.0
2025-11-15 16:00:00+00:00,4,0.0,0.0,0.0
2025-11-15 20:00:00+00:00,4,0.0,0.0,0.0
2025-11-16 00:00:00+00:00,4,0.0,0.0,0.0
2025-11-16 04:00:00+00:00,4,24.010364765792886,9.0,15.010364765792886
2025-11-16 08:00:00+00:00,4,15.045833428802366,9.0,6.045833428802366
2025-11-16 12:00:00+00:00,4,-102.20036232573226,9.0,-111.20036232573226
2025-11-16 16:00:00+00:00,4,27.440270292252105,9.0,18.440270292252105
2025-11-16 20:00:00+00:00,4,0.0,0.0,0.0
2025-11-17 00:00:00+00:00,4,0.0,0.0,0.0
2025-11-17 04:00:00+00:00,4,0.0,0.0,0.0
2025-11-17 08:00:00+00:00,4,0.0,0.0,0.0
2025-11-17 12:00:00+00:00,4,0.0,0.0,0.0
2025-11-17 16:00:00+00:00,4,0.0,0.0,0.0
2025-11-17 20:00:00+00:00,4,-196.8267274567278,9.0,-205.8267274567278
2025-11-18 00:00:00+00:00,4,0.0,0.0,0.0
2025-11-18 04:00:00+00:00,4,51.010005408454624,9.0,42.010005408454624
2025-11-18 08:00:00+00:00,4,-66.08575518155271,9.0,-75.08575518155271
2025-11-18 12:00:00+00:00,4,184.31547880522723,9.0,175.31547880522723
2025-11-18 16:00:00+00:00,4,-110.74520742900141,9.0,-119.74520742900141
2025-11-18 20:00:00+00:00,4,-256.39549283616594,9.0,-265.39549283616594
2025-11-19 00:00:00+00:00,4,0.0,0.0,0.0
2025-11-19 04:00:00+00:00,4,25.970632442915335,9.0,16.970632442915335
2025-11-19 08:00:00+00:00,4,0.0,0.0,0.0
2025-11-19 12:00:00+00:00,4,0.0,0.0,0.0
2025-11-19 16:00:00+00:00,4,0.0,0.0,0.0
2025-11-19 20:00:00+00:00,4,209.05464870840498,9.0,200.05464870840498
2025-11-20 00:00:00+00:00,4,-59.88584430006862,9.0,-68.88584430006861
2025-11-20 04:00:00+00:00,4,-73.34815265819955,9.0,-82.34815265819955
2025-11-20 08:00:00+00:00,4,0.0,0.0,0.0
2025-11-20 12:00:00+00:00,4,0.0,0.0,0.0
2025-11-20 16:00:00+00:00,4,-61.37534732170245,9.0,-70.37534732170245
2025-11-20 20:00:00+00:00,4,105.72996249215579,9.0,96.72996249215579
2025-11-21 00:00:00+00:00,4,-8.522327687760495,9.0,-17.522327687760495
2025-11-21 04:00:00+00:00,4,71.09228711548887,9.0,62.09228711548887
2025-11-21 08:00:00+00:00,4,0.0,0.0,0.0
2025-11-21 12:00:00+00:00,4,49.437439751813166,9.0,40.437439751813166
2025-11-21 16:00:00+00:00,4,207.94732298367316,9.0,198.94732298367316
2025-11-21 20:00:00+00:00,4,220.16386381286264,9.0,211.16386381286264
2025-11-24 00:00:00+00:00,5,0.480502204003308,9.0,-8.519497795996692
2025-11-24 04:00:00+00:00,5,-41.4884439438796,9.0,-50.4884439438796
2025-11-24 08:00:00+00:00,5,-215.1058611019563,9.0,-224.1058611019563
2025-11-24 12:00:00+00:00,5,0.0,0.0,0.0
2025-11-24 16:00:00+00:00,5,-10.901402791016357,9.0,-19.90140279101636
2025-11-24 20:00:00+00:00,5,0.0,0.0,0.0
2025-11-25 00:00:00+00:00,5,-44.04135439298914,9.0,-53.04135439298914
2025-11-25 04:00:00+00:00,5,0.0,0.0,0.0
2025-11-25 08:00:00+00:00,5,0.0,0.0,0.0
2025-11-25 12:00:00+00:00,5,0.0,0.0,0.0
2025-11-25 16:00:00+00:00,5,-41.37975152133431,9.0,-50.37975152133431
2025-11-25 20:00:00+00:00,5,16.574825529000776,9.0,7.574825529000776
2025-11-26 00:00:00+00:00,5,-3.569846650871653,9.0,-12.569846650871654
2025-11-26 04:00:00+00:00,5,31.43242992568654,9.0,22.43242992568654
2025-11-26 08:00:00+00:00,5,8.790722743315747,9.0,-0.20927725668425268
2025-11-26 12:00:00+00:00,5,181.74820320737064,9.0,172.74820320737064
2025-11-26 16:00:00+00:00,5,-231.86580407942344,9.0,-240.86580407942344
2025-11-26 20:00:00+00:00,5,0.0,0.0,0.0
2025-11-27 00:00:00+00:00,5,-52.94789258659234,9.0,-61.94789258659234
2025-11-27 04:00:00+00:00,5,-153.38956079377272,9.0,-162.38956079377272
2025-11-27 08:00:00+00:00,5,40.02408867036134,9.0,31.024088670361337
2025-11-27 12:00:00+00:00,5,78.13219168131978,9.0,69.13219168131978
2025-11-27 16:00:00+00:00,5,47.72977684338378,9.0,38.72977684338378
2025-11-27 20:00:00+00:00,5,0.0,0.0,0.0
2025-11-28 00:00:00+00:00,5,-134.22809727374943,9.0,-143.22809727374943
2025-11-28 04:00:00+00:00,5,11.102790430106962,9.0,2.102790430106962
2025-11-28 08:00:00+00:00,5,-27.55945915955061,9.0,-36.55945915955061
2025-11-28 12:00:00+00:00,5,37.069558964212774,9.0,28.069558964212774
2025-11-28 16:00:00+00:00,5,0.0,0.0,0.0
2025-11-28 20:00:00+00:00,5,-42.24675448544123,9.0,-51.24675448544123
2025-11-29 00:00:00+00:00,5,-112.92929366753872,9.0,-121.92929366753872
2025-11-29 04:00:00+00:00,5,3.6025023475305495,9.0,-5.3974976524694505
2025-11-29 08:00:00+00:00,5,-17.458477041132706,9.0,-26.458477041132706
2025-11-29 12:00:00+00:00,5,-4.942885833728594,9.0,-13.942885833728594
2025-11-29 16:00:00+00:00,5,-74.21482362679923,9.0,-83.21482362679923
2025-11-29 20:00:00+00:00,5,46.14701438112499,9.0,37.14701438112499
2025-11-30 00:00:00+00:00,5,-19.57793134173082,9.0,-28.57793134173082
2025-11-30 04:00:00+00:00,5,-11.157002283416196,9.0,-20.157002283416197
2025-11-30 08:00:00+00:00,5,119.92899878681742,9.0,110.92899878681742
2025-11-30 12:00:00+00:00,5,81.17007449512298,9.0,72.17007449512298
2025-11-30 16:00:00+00:00,5,-77.58611480454401,9.0,-86.58611480454401
2025-11-30 20:00:00+00:00,5,0.0,0.0,0.0
2025-12-01 00:00:00+00:00,5,0.0,0.0,0.0
2025-12-01 04:00:00+00:00,5,-14.931630281541594,9.0,-23.931630281541594
2025-12-01 08:00:00+00:00,5,-26.89835130460372,9.0,-35.89835130460372
2025-12-01 12:00:00+00:00,5,-11.080399899693669,9.0,-20.080399899693667
2025-12-01 16:00:00+00:00,5,-64.31145420274868,9.0,-73.31145420274868
2025-12-01 20:00:00+00:00,5,0.0,0.0,0.0
2025-12-02 00:00:00+00:00,5,0.0,0.0,0.0
2025-12-02 04:00:00+00:00,5,0.0,0.0,0.0
2025-12-02 08:00:00+00:00,5,0.0,0.0,0.0
2025-12-02 12:00:00+00:00,5,0.0,0.0,0.0
2025-12-02 16:00:00+00:00,5,-402.4345655514336,9.0,-411.4345655514336
2025-12-02 20:00:00+00:00,5,111.59053119264463,9.0,102.59053119264463
2025-12-03 00:00:00+00:00,5,-298.7039612177784,9.0,-307.7039612177784
2025-12-03 04:00:00+00:00,5,-156.8752018965812,9.0,-165.8752018965812
2025-12-03 08:00:00+00:00,5,28.80020751105388,9.0,19.80020751105388
2025-12-03 12:00:00+00:00,5,-45.19788771927025,9.0,-54.19788771927025
2025-12-03 16:00:00+00:00,5,46.23258265114493,9.0,37.23258265114493
2025-12-03 20:00:00+00:00,5,109.10777902665154,9.0,100.10777902665154
2025-12-04 00:00:00+00:00,5,-97.10683252405376,9.0,-106.10683252405376
2025-12-04 04:00:00+00:00,5,0.0,0.0,0.0
2025-12-04 08:00:00+00:00,5,0.0,0.0,0.0
2025-12-04 12:00:00+00:00,5,0.0,0.0,0.0
2025-12-04 16:00:00+00:00,5,0.0,0.0,0.0
2025-12-04 20:00:00+00:00,5,-16.302621422958133,9.0,-25.302621422958133
2025-12-05 00:00:00+00:00,5,-50.24305861233177,9.0,-59.24305861233177
2025-12-05 04:00:00+00:00,5,26.75746982097701,9.0,17.75746982097701
2025-12-05 08:00:00+00:00,5,53.492931289322954,9.0,44.492931289322954
2025-12-05 12:00:00+00:00,5,-8.433293300377196,9.0,-17.433293300377194
2025-12-05 16:00:00+00:00,5,-13.150678158941279,9.0,-22.15067815894128
2025-12-05 20:00:00+00:00,5,-67.68540977485475,9.0,-76.68540977485475
2025-12-06 00:00:00+00:00,5,78.56335526874881,9.0,69.56335526874881
2025-12-06 04:00:00+00:00,5,46.99944540535738,9.0,37.99944540535738
2025-12-06 08:00:00+00:00,5,79.97440815483438,9.0,70.97440815483438
2025-12-06 12:00:00+00:00,5,-92.4423745276675,9.0,-101.4423745276675
2025-12-06 16:00:00+00:00,5,0.0,0.0,0.0
2025-12-06 20:00:00+00:00,5,-84.79719894190458,9.0,-93.79719894190458
2025-12-07 00:00:00+00:00,5,-19.88025323771356,9.0,-28.88025323771356
2025-12-07 04:00:00+00:00,5,8.759032546675114,9.0,-0.24096745332488645
2025-12-07 08:00:00+00:00,5,-75.4965424087214,9.0,-84.4965424087214
2025-12-07 12:00:00+00:00,5,122.32481063983539,9.0,113.32481063983539
2025-12-07 16:00:00+00:00,5,-8.986867848272546,9.0,-17.986867848272546
2025-12-07 20:00:00+00:00,5,0.0,0.0,0.0
2025-12-08 00:00:00+00:00,5,0.0,0.0,0.0
2025-12-08 04:00:00+00:00,5,0.0,0.0,0.0
2025-12-08 08:00:00+00:00,5,0.0,0.0,0.0
2025-12-08 12:00:00+00:00,5,0.0,0.0,0.0
2025-12-08 16:00:00+00:00,5,0.0,0.0,0.0
2025-12-08 20:00:00+00:00,5,0.0,0.0,0.0
2025-12-09 00:00:00+00:00,5,0.0,0.0,0.0
2025-12-09 04:00:00+00:00,5,-74.79242102258468,9.0,-83.79242102258468
2025-12-09 08:00:00+00:00,5,51.52285342907467,9.0,42.52285342907467
2025-12-09 12:00:00+00:00,5,18.463981310569306,9.0,9.463981310569306
2025-12-09 16:00:00+00:00,5,0.0,0.0,0.0
2025-12-09 20:00:00+00:00,5,110.68907678451644,9.0,101.68907678451644
2025-12-10 00:00:00+00:00,5,13.554344298721587,9.0,4.5543442987215865
2025-12-10 04:00:00+00:00,5,0.0,0.0,0.0
2025-12-10 08:00:00+00:00,5,0.0,0.0,0.0
2025-12-10 12:00:00+00:00,5,0.0,0.0,0.0
2025-12-10 16:00:00+00:00,5,0.0,0.0,0.0
2025-12-10 20:00:00+00:00,5,0.0,0.0,0.0
2025-12-11 00:00:00+00:00,5,0.0,0.0,0.0
2025-12-11 04:00:00+00:00,5,86.48739911341748,9.0,77.48739911341748
2025-12-11 08:00:00+00:00,5,0.0,0.0,0.0
2025-12-11 12:00:00+00:00,5,11.219060231949431,9.0,2.219060231949431
2025-12-11 16:00:00+00:00,5,-109.49112390934948,9.0,-118.49112390934948
2025-12-11 20:00:00+00:00,5,0.0,0.0,0.0
2025-12-12 00:00:00+00:00,5,0.0,0.0,0.0
2025-12-12 04:00:00+00:00,5,0.0,0.0,0.0
2025-12-12 08:00:00+00:00,5,0.0,0.0,0.0
2025-12-12 12:00:00+00:00,5,0.0,0.0,0.0
2025-12-12 16:00:00+00:00,5,0.0,0.0,0.0
2025-12-12 20:00:00+00:00,5,0.0,0.0,0.0
2025-12-13 00:00:00+00:00,5,-42.74729823792957,9.0,-51.74729823792957
2025-12-13 04:00:00+00:00,5,-115.23198188932528,9.0,-124.23198188932528
2025-12-13 08:00:00+00:00,5,-8.771890704364719,9.0,-17.77189070436472
2025-12-13 12:00:00+00:00,5,5.927733165863357,9.0,-3.0722668341366433
2025-12-13 16:00:00+00:00,5,-7.08471216854841,9.0,-16.08471216854841
2025-12-13 20:00:00+00:00,5,25.883614900139836,9.0,16.883614900139836
2025-12-14 00:00:00+00:00,5,14.835596123889053,9.0,5.835596123889053
2025-12-14 04:00:00+00:00,5,-4.992136264435211,9.0,-13.99213626443521
2025-12-14 08:00:00+00:00,5,58.874789561392014,9.0,49.874789561392014
2025-12-14 12:00:00+00:00,5,-101.81793925639188,9.0,-110.81793925639188
2025-12-14 16:00:00+00:00,5,-70.84188161581274,9.0,-79.84188161581274
2025-12-14 20:00:00+00:00,5,-31.8592032605326,9.0,-40.859203260532595
2025-12-15 00:00:00+00:00,5,-24.934873675166966,9.0,-33.93487367516697
2025-12-15 04:00:00+00:00,5,-23.796919554019574,9.0,-32.796919554019574
2025-12-15 08:00:00+00:00,5,0.0,0.0,0.0
2025-12-15 12:00:00+00:00,5,0.0,0.0,0.0
2025-12-15 16:00:00+00:00,5,0.0,0.0,0.0
2025-12-15 20:00:00+00:00,5,0.0,0.0,0.0
2025-12-16 00:00:00+00:00,5,37.2050194155366,9.0,28.205019415536597
2025-12-16 04:00:00+00:00,5,-55.18491342802041,9.0,-64.18491342802041
2025-12-16 08:00:00+00:00,5,77.55781488049801,9.0,68.55781488049801
2025-12-16 12:00:00+00:00,5,0.0,0.0,0.0
2025-12-16 16:00:00+00:00,5,0.0,0.0,0.0
2025-12-16 20:00:00+00:00,5,40.237928009509375,9.0,31.237928009509375
2025-12-17 00:00:00+00:00,5,-34.59389575842502,9.0,-43.59389575842502
2025-12-17 04:00:00+00:00,5,10.544409597232026,9.0,1.5444095972320255
2025-12-17 08:00:00+00:00,5,0.0,0.0,0.0
2025-12-17 12:00:00+00:00,5,0.0,0.0,0.0
2025-12-17 16:00:00+00:00,5,0.5932611877566135,9.0,-8.406738812243386
2025-12-17 20:00:00+00:00,5,0.0,0.0,0.0
2025-12-18 00:00:00+00:00,5,0.0,0.0,0.0
2025-12-18 04:00:00+00:00,5,0.0,0.0,0.0
2025-12-18 08:00:00+00:00,5,0.0,0.0,0.0
2025-12-18 12:00:00+00:00,5,0.0,0.0,0.0
2025-12-18 16:00:00+00:00,5,0.0,0.0,0.0
2025-12-18 20:00:00+00:00,5,0.0,0.0,0.0
2025-12-19 00:00:00+00:00,5,0.0,0.0,0.0
2025-12-19 04:00:00+00:00,5,0.0,0.0,0.0
2025-12-19 08:00:00+00:00,5,0.0,0.0,0.0
2025-12-19 12:00:00+00:00,5,0.0,0.0,0.0
2025-12-19 16:00:00+00:00,5,0.0,0.0,0.0
2025-12-19 20:00:00+00:00,5,0.0,0.0,0.0
2025-12-20 00:00:00+00:00,5,0.0,0.0,0.0
2025-12-20 04:00:00+00:00,5,0.0,0.0,0.0
2025-12-20 08:00:00+00:00,5,-81.6560026590138,9.0,-90.6560026590138
2025-12-20 12:00:00+00:00,5,138.8971655107953,9.0,129.8971655107953
2025-12-20 16:00:00+00:00,5,-65.64111774370333,9.0,-74.64111774370333
2025-12-20 20:00:00+00:00,5,4.240108651540561,9.0,-4.759891348459439
2025-12-21 00:00:00+00:00,5,-0.7071278901475491,9.0,-9.707127890147548
2025-12-21 04:00:00+00:00,5,-36.09970159211566,9.0,-45.09970159211566
2025-12-21 08:00:00+00:00,5,-71.90780734139287,9.0,-80.90780734139287
2025-12-21 12:00:00+00:00,5,-62.627773749726835,9.0,-71.62777374972683
2025-12-21 16:00:00+00:00,5,103.6521556113088,9.0,94.6521556113088
2025-12-21 20:00:00+00:00,5,0.0,0.0,0.0
2025-12-22 00:00:00+00:00,5,0.0,0.0,0.0
2025-12-22 04:00:00+00:00,5,-30.156870378413675,9.0,-39.15687037841367
2025-12-22 08:00:00+00:00,5,0.0,0.0,0.0
2025-12-22 12:00:00+00:00,5,0.0,0.0,0.0
2025-12-22 16:00:00+00:00,5,0.0,0.0,0.0
2025-12-22 20:00:00+00:00,5,-78.7420471504009,9.0,-87.7420471504009
2025-12-23 00:00:00+00:00,5,-23.88384801690673,9.0,-32.883848016906725
2025-12-23 04:00:00+00:00,5,-61.34266416311852,9.0,-70.34266416311851
2025-12-23 08:00:00+00:00,5,9.829757700582563,9.0,0.8297577005825634
2025-12-23 12:00:00+00:00,5,52.933544281979266,9.0,43.933544281979266
2025-12-23 16:00:00+00:00,5,-179.7276967245364,9.0,-188.7276967245364
2025-12-23 20:00:00+00:00,5,0.0,0.0,0.0
2025-12-26 00:00:00+00:00,6,-74.32112338656655,9.0,-83.32112338656655
2025-12-26 04:00:00+00:00,6,0.0,0.0,0.0
2025-12-26 08:00:00+00:00,6,0.0,0.0,0.0
2025-12-26 12:00:00+00:00,6,0.0,0.0,0.0
2025-12-26 16:00:00+00:00,6,0.0,0.0,0.0
2025-12-26 20:00:00+00:00,6,0.0,0.0,0.0
2025-12-27 00:00:00+00:00,6,0.0,0.0,0.0
2025-12-27 04:00:00+00:00,6,-4.44510633001537,9.0,-13.44510633001537
2025-12-27 08:00:00+00:00,6,93.36437658261073,9.0,84.36437658261073
2025-12-27 12:00:00+00:00,6,0.0,0.0,0.0
2025-12-27 16:00:00+00:00,6,0.0,0.0,0.0
2025-12-27 20:00:00+00:00,6,-42.421359075531136,9.0,-51.421359075531136
2025-12-28 00:00:00+00:00,6,0.0,0.0,0.0
2025-12-28 04:00:00+00:00,6,166.51101316632509,9.0,157.51101316632509
2025-12-28 08:00:00+00:00,6,-12.895315015994694,9.0,-21.895315015994694
2025-12-28 12:00:00+00:00,6,38.043688560874166,9.0,29.043688560874166
2025-12-28 16:00:00+00:00,6,-76.02069432617256,9.0,-85.02069432617256
2025-12-28 20:00:00+00:00,6,9.460323980834302,9.0,0.4603239808343016
2025-12-29 00:00:00+00:00,6,-83.59918962123587,9.0,-92.59918962123587
2025-12-29 04:00:00+00:00,6,0.0,0.0,0.0
2025-12-29 08:00:00+00:00,6,0.0,0.0,0.0
2025-12-29 12:00:00+00:00,6,0.0,0.0,0.0
2025-12-29 16:00:00+00:00,6,0.0,0.0,0.0
2025-12-29 20:00:00+00:00,6,0.0,0.0,0.0
2025-12-30 00:00:00+00:00,6,0.0,0.0,0.0
2025-12-30 04:00:00+00:00,6,61.35561154708227,9.0,52.35561154708227
2025-12-30 08:00:00+00:00,6,0.0,0.0,0.0
2025-12-30 12:00:00+00:00,6,0.0,0.0,0.0
2025-12-30 16:00:00+00:00,6,0.0,0.0,0.0
2025-12-30 20:00:00+00:00,6,27.043139627523853,9.0,18.043139627523853
2025-12-31 00:00:00+00:00,6,-114.26042858583108,9.0,-123.26042858583108
2025-12-31 04:00:00+00:00,6,0.0,0.0,0.0
2025-12-31 08:00:00+00:00,6,0.0,0.0,0.0
2025-12-31 12:00:00+00:00,6,0.0,0.0,0.0
2025-12-31 16:00:00+00:00,6,0.0,0.0,0.0
2025-12-31 20:00:00+00:00,6,0.0,0.0,0.0
2026-01-01 00:00:00+00:00,6,0.0,0.0,0.0
2026-01-01 04:00:00+00:00,6,-9.159792148563103,9.0,-18.159792148563103
2026-01-01 08:00:00+00:00,6,42.76072292665503,9.0,33.76072292665503
2026-01-01 12:00:00+00:00,6,63.131100633356255,9.0,54.131100633356255
2026-01-01 16:00:00+00:00,6,0.0,0.0,0.0
2026-01-01 20:00:00+00:00,6,0.0,0.0,0.0
2026-01-02 00:00:00+00:00,6,0.0,0.0,0.0
2026-01-02 04:00:00+00:00,6,0.0,0.0,0.0
2026-01-02 08:00:00+00:00,6,0.0,0.0,0.0
2026-01-02 12:00:00+00:00,6,-380.6785875653406,9.0,-389.6785875653406
2026-01-02 16:00:00+00:00,6,-81.88035864268053,9.0,-90.88035864268053
2026-01-02 20:00:00+00:00,6,-28.431544446982752,9.0,-37.431544446982755
2026-01-03 00:00:00+00:00,6,0.0,0.0,0.0
2026-01-03 04:00:00+00:00,6,0.0,0.0,0.0
2026-01-03 08:00:00+00:00,6,0.0,0.0,0.0
2026-01-03 12:00:00+00:00,6,0.0,0.0,0.0
2026-01-03 16:00:00+00:00,6,0.0,0.0,0.0
2026-01-03 20:00:00+00:00,6,-81.668662392281,9.0,-90.668662392281
2026-01-04 00:00:00+00:00,6,-60.72131979543525,9.0,-69.72131979543525
2026-01-04 04:00:00+00:00,6,0.0,0.0,0.0
2026-01-04 08:00:00+00:00,6,0.0,0.0,0.0
2026-01-04 12:00:00+00:00,6,0.0,0.0,0.0
2026-01-04 16:00:00+00:00,6,0.0,0.0,0.0
2026-01-04 20:00:00+00:00,6,0.0,0.0,0.0
2026-01-05 00:00:00+00:00,6,0.0,0.0,0.0
2026-01-05 04:00:00+00:00,6,72.82435834300375,9.0,63.82435834300375
2026-01-05 08:00:00+00:00,6,9.980190240954784,9.0,0.9801902409547836
2026-01-05 12:00:00+00:00,6,-104.85395777447242,9.0,-113.85395777447242
2026-01-05 16:00:00+00:00,6,-80.94129686178236,9.0,-89.94129686178236
2026-01-05 20:00:00+00:00,6,65.76652663043508,9.0,56.76652663043508
2026-01-06 00:00:00+00:00,6,0.0,0.0,0.0
2026-01-06 04:00:00+00:00,6,0.0,0.0,0.0
2026-01-06 08:00:00+00:00,6,0.0,0.0,0.0
2026-01-06 12:00:00+00:00,6,0.0,0.0,0.0
2026-01-06 16:00:00+00:00,6,75.23636889296401,9.0,66.23636889296401
2026-01-06 20:00:00+00:00,6,-7.375157831121491,9.0,-16.37515783112149
2026-01-07 00:00:00+00:00,6,49.60875332908723,9.0,40.60875332908723
2026-01-07 04:00:00+00:00,6,0.0,0.0,0.0
2026-01-07 08:00:00+00:00,6,30.38943470030691,9.0,21.38943470030691
2026-01-07 12:00:00+00:00,6,0.0,0.0,0.0
2026-01-07 16:00:00+00:00,6,2.6147258101295954,9.0,-6.385274189870405
2026-01-07 20:00:00+00:00,6,38.60264831557618,9.0,29.602648315576182
2026-01-08 00:00:00+00:00,6,0.0,0.0,0.0
2026-01-08 04:00:00+00:00,6,0.0,0.0,0.0
2026-01-08 08:00:00+00:00,6,-10.442089953884345,9.0,-19.442089953884345
2026-01-08 12:00:00+00:00,6,112.67624684067594,9.0,103.67624684067594
2026-01-08 16:00:00+00:00,6,-27.60492858809154,9.0,-36.60492858809154
2026-01-08 20:00:00+00:00,6,7.947293536416091,9.0,-1.0527064635839087
2026-01-09 00:00:00+00:00,6,24.558165141388464,9.0,15.558165141388464
2026-01-09 04:00:00+00:00,6,31.13754921863882,9.0,22.13754921863882
2026-01-09 08:00:00+00:00,6,-47.267508084325215,9.0,-56.267508084325215
2026-01-09 12:00:00+00:00,6,0.0,0.0,0.0
2026-01-09 16:00:00+00:00,6,54.44580234258617,9.0,45.44580234258617
2026-01-09 20:00:00+00:00,6,-72.5574918564978,9.0,-81.5574918564978
2026-01-10 00:00:00+00:00,6,57.856011566665266,9.0,48.856011566665266
2026-01-10 04:00:00+00:00,6,0.0,0.0,0.0
2026-01-10 08:00:00+00:00,6,0.0,0.0,0.0
2026-01-10 12:00:00+00:00,6,0.0,0.0,0.0
2026-01-10 16:00:00+00:00,6,0.0,0.0,0.0
2026-01-10 20:00:00+00:00,6,-30.95201188522233,9.0,-39.95201188522233
2026-01-11 00:00:00+00:00,6,-7.868662013099824,9.0,-16.868662013099822
2026-01-11 04:00:00+00:00,6,-48.5664197407212,9.0,-57.5664197407212
2026-01-11 08:00:00+00:00,6,19.811549909590838,9.0,10.811549909590838
2026-01-11 12:00:00+00:00,6,-7.957277685835089,9.0,-16.957277685835088
2026-01-11 16:00:00+00:00,6,31.05766734855038,9.0,22.05766734855038
2026-01-11 20:00:00+00:00,6,-32.080064270958474,9.0,-41.080064270958474
2026-01-12 00:00:00+00:00,6,3.3919778468823067,9.0,-5.608022153117693
2026-01-12 04:00:00+00:00,6,2.1994885639706023,9.0,-6.800511436029398
2026-01-12 08:00:00+00:00,6,0.0,0.0,0.0
2026-01-12 12:00:00+00:00,6,0.0,0.0,0.0
2026-01-12 16:00:00+00:00,6,-65.75540142518575,9.0,-74.75540142518575
2026-01-12 20:00:00+00:00,6,0.0,0.0,0.0
2026-01-13 00:00:00+00:00,6,0.0,0.0,0.0
2026-01-13 04:00:00+00:00,6,35.06211899098307,9.0,26.062118990983073
2026-01-13 08:00:00+00:00,6,-29.20235857582527,9.0,-38.20235857582527
2026-01-13 12:00:00+00:00,6,-524.8650195433067,9.0,-533.8650195433067
2026-01-13 16:00:00+00:00,6,120.88849424765426,9.0,111.88849424765426
2026-01-13 20:00:00+00:00,6,14.813003652600743,9.0,5.813003652600743
2026-01-14 00:00:00+00:00,6,-17.642112164192074,9.0,-26.642112164192074
2026-01-14 04:00:00+00:00,6,58.03746728121099,9.0,49.03746728121099
2026-01-14 08:00:00+00:00,6,-69.69695619595792,9.0,-78.69695619595792
2026-01-14 12:00:00+00:00,6,0.8030248933536127,9.0,-8.196975106646388
2026-01-14 16:00:00+00:00,6,50.797064247624526,9.0,41.797064247624526
2026-01-14 20:00:00+00:00,6,42.10678918833592,9.0,33.10678918833592
2026-01-15 00:00:00+00:00,6,0.0,0.0,0.0
2026-01-15 04:00:00+00:00,6,46.72972132334058,9.0,37.72972132334058
2026-01-15 08:00:00+00:00,6,-25.764770242225104,9.0,-34.764770242225104
2026-01-15 12:00:00+00:00,6,245.25214577061297,9.0,236.25214577061297
2026-01-15 16:00:00+00:00,6,0.0,0.0,0.0
2026-01-15 20:00:00+00:00,6,0.0,0.0,0.0
2026-01-16 00:00:00+00:00,6,0.0,0.0,0.0
2026-01-16 04:00:00+00:00,6,0.0,0.0,0.0
2026-01-16 08:00:00+00:00,6,-63.57553940362096,9.0,-72.57553940362095
2026-01-16 12:00:00+00:00,6,0.0,0.0,0.0
2026-01-16 16:00:00+00:00,6,0.0,0.0,0.0
2026-01-16 20:00:00+00:00,6,-156.73798912786023,9.0,-165.73798912786023
2026-01-17 00:00:00+00:00,6,26.336789977847108,9.0,17.336789977847108
2026-01-17 04:00:00+00:00,6,-147.3010327812637,9.0,-156.3010327812637
2026-01-17 08:00:00+00:00,6,31.586360704291327,9.0,22.586360704291327
2026-01-17 12:00:00+00:00,6,11.912850477206323,9.0,2.912850477206323
2026-01-17 16:00:00+00:00,6,-13.588322749922325,9.0,-22.588322749922327
2026-01-17 20:00:00+00:00,6,50.57829381966497,9.0,41.57829381966497
2026-01-18 00:00:00+00:00,6,-28.14362077404621,9.0,-37.14362077404621
2026-01-18 04:00:00+00:00,6,-28.239118524875842,9.0,-37.23911852487584
2026-01-18 08:00:00+00:00,6,-33.07412342998601,9.0,-42.07412342998601
2026-01-18 12:00:00+00:00,6,-18.159986922922602,9.0,-27.159986922922602
2026-01-18 16:00:00+00:00,6,-0.9770299861245171,9.0,-9.977029986124517
2026-01-18 20:00:00+00:00,6,-177.07943533980767,9.0,-186.07943533980767
2026-01-19 00:00:00+00:00,6,-53.26002919403474,9.0,-62.26002919403474
2026-01-19 04:00:00+00:00,6,69.18861898830531,9.0,60.18861898830531
2026-01-19 08:00:00+00:00,6,-80.70316180952845,9.0,-89.70316180952845
2026-01-19 12:00:00+00:00,6,70.27641848379126,9.0,61.27641848379126
2026-01-19 16:00:00+00:00,6,104.0466350916035,9.0,95.0466350916035
2026-01-19 20:00:00+00:00,6,0.0,0.0,0.0
2026-01-20 00:00:00+00:00,6,0.0,0.0,0.0
2026-01-20 04:00:00+00:00,6,178.1028444435985,9.0,169.1028444435985
2026-01-20 08:00:00+00:00,6,0.5600531635708595,9.0,-8.43994683642914
2026-01-20 12:00:00+00:00,6,21.478393720699053,9.0,12.478393720699053
2026-01-20 16:00:00+00:00,6,48.30510023458763,9.0,39.30510023458763
2026-01-20 20:00:00+00:00,6,-89.67254564010818,9.0,-98.67254564010818
2026-01-21 00:00:00+00:00,6,-83.17984835547652,9.0,-92.17984835547652
2026-01-21 04:00:00+00:00,6,20.75311459642354,9.0,11.75311459642354
2026-01-21 08:00:00+00:00,6,81.28162033608503,9.0,72.28162033608503
2026-01-21 12:00:00+00:00,6,-25.887074865577983,9.0,-34.887074865577986
2026-01-21 16:00:00+00:00,6,140.10213505419654,9.0,131.10213505419654
2026-01-21 20:00:00+00:00,6,-152.9365075744937,9.0,-161.9365075744937
2026-01-22 00:00:00+00:00,6,72.88596800672107,9.0,63.88596800672107
2026-01-22 04:00:00+00:00,6,-31.474715419628573,9.0,-40.47471541962857
2026-01-22 08:00:00+00:00,6,-24.870254785222986,9.0,-33.87025478522298
2026-01-22 12:00:00+00:00,6,0.0,0.0,0.0
2026-01-22 16:00:00+00:00,6,0.0,0.0,0.0
2026-01-22 20:00:00+00:00,6,0.0,0.0,0.0
2026-01-23 00:00:00+00:00,6,-38.90375542388642,9.0,-47.90375542388642
2026-01-23 04:00:00+00:00,6,0.0,0.0,0.0
2026-01-23 08:00:00+00:00,6,0.0,0.0,0.0
2026-01-23 12:00:00+00:00,6,0.0,0.0,0.0
2026-01-23 16:00:00+00:00,6,0.0,0.0,0.0
2026-01-23 20:00:00+00:00,6,77.75317110892311,9.0,68.75317110892311
2026-01-24 00:00:00+00:00,6,0.0,0.0,0.0
2026-01-24 04:00:00+00:00,6,0.0,0.0,0.0
2026-01-24 08:00:00+00:00,6,0.0,0.0,0.0
2026-01-24 12:00:00+00:00,6,0.0,0.0,0.0
2026-01-24 16:00:00+00:00,6,0.0,0.0,0.0
2026-01-24 20:00:00+00:00,6,0.0,0.0,0.0
2026-01-27 00:00:00+00:00,7,0.0,0.0,0.0
2026-01-27 04:00:00+00:00,7,0.0,0.0,0.0
2026-01-27 08:00:00+00:00,7,0.0,0.0,0.0
2026-01-27 12:00:00+00:00,7,-54.91819559203252,9.0,-63.91819559203252
2026-01-27 16:00:00+00:00,7,81.46043202982975,9.0,72.46043202982975
2026-01-27 20:00:00+00:00,7,52.90727189834969,9.0,43.90727189834969
2026-01-28 00:00:00+00:00,7,-48.06237817980379,9.0,-57.06237817980379
2026-01-28 04:00:00+00:00,7,-40.08105143800212,9.0,-49.08105143800212
2026-01-28 08:00:00+00:00,7,-102.7884176933152,9.0,-111.7884176933152
2026-01-28 12:00:00+00:00,7,27.33394923852733,9.0,18.33394923852733
2026-01-28 16:00:00+00:00,7,0.1155367404465351,9.0,-8.884463259553465
2026-01-28 20:00:00+00:00,7,26.13542290562469,9.0,17.13542290562469
2026-01-29 00:00:00+00:00,7,0.0,0.0,0.0
2026-01-29 04:00:00+00:00,7,49.103455856281755,9.0,40.103455856281755
2026-01-29 08:00:00+00:00,7,40.73078370940127,9.0,31.730783709401273
2026-01-29 12:00:00+00:00,7,65.06837874790979,9.0,56.06837874790979
2026-01-29 16:00:00+00:00,7,-74.41927581955805,9.0,-83.41927581955805
2026-01-29 20:00:00+00:00,7,-63.41052804744044,9.0,-72.41052804744044
2026-01-30 00:00:00+00:00,7,15.324398553445556,9.0,6.3243985534455565
2026-01-30 04:00:00+00:00,7,10.596380521902507,9.0,1.596380521902507
2026-01-30 08:00:00+00:00,7,21.550595713413966,9.0,12.550595713413966
2026-01-30 12:00:00+00:00,7,61.02672130144241,9.0,52.02672130144241
2026-01-30 16:00:00+00:00,7,-147.0640357431627,9.0,-156.0640357431627
2026-01-30 20:00:00+00:00,7,101.87985049114485,9.0,92.87985049114485
2026-01-31 00:00:00+00:00,7,0.0,0.0,0.0
2026-01-31 04:00:00+00:00,7,0.0,0.0,0.0
2026-01-31 08:00:00+00:00,7,0.0,0.0,0.0
2026-01-31 12:00:00+00:00,7,0.0,0.0,0.0
2026-01-31 16:00:00+00:00,7,0.0,0.0,0.0
2026-01-31 20:00:00+00:00,7,-89.93729102713958,9.0,-98.93729102713958
2026-02-01 00:00:00+00:00,7,0.0,0.0,0.0
2026-02-01 04:00:00+00:00,7,110.0900953652648,9.0,101.0900953652648
2026-02-01 08:00:00+00:00,7,-111.24222924991336,9.0,-120.24222924991336
2026-02-01 12:00:00+00:00,7,-95.896917207766,9.0,-104.896917207766
2026-02-01 16:00:00+00:00,7,-84.16422509769313,9.0,-93.16422509769313
2026-02-01 20:00:00+00:00,7,0.0,0.0,0.0
2026-02-02 00:00:00+00:00,7,0.0,0.0,0.0
2026-02-02 04:00:00+00:00,7,57.60432222571742,9.0,48.60432222571742
2026-02-02 08:00:00+00:00,7,270.3119077029502,9.0,261.3119077029502
2026-02-02 12:00:00+00:00,7,-14.356810669707912,9.0,-23.35681066970791
2026-02-02 16:00:00+00:00,7,-35.80659759817709,9.0,-44.80659759817709
2026-02-02 20:00:00+00:00,7,55.25752646428799,9.0,46.25752646428799
2026-02-03 00:00:00+00:00,7,-3.0102490378850497,9.0,-12.01024903788505
2026-02-03 04:00:00+00:00,7,13.655725781384335,9.0,4.655725781384335
2026-02-03 08:00:00+00:00,7,54.136119500241485,9.0,45.136119500241485
2026-02-03 12:00:00+00:00,7,0.0,0.0,0.0
2026-02-03 16:00:00+00:00,7,85.49614059237157,9.0,76.49614059237157
2026-02-03 20:00:00+00:00,7,0.0,0.0,0.0
2026-02-04 00:00:00+00:00,7,56.36287614087691,9.0,47.36287614087691
2026-02-04 04:00:00+00:00,7,0.0,0.0,0.0
2026-02-04 08:00:00+00:00,7,0.0,0.0,0.0
2026-02-04 12:00:00+00:00,7,0.0,0.0,0.0
2026-02-04 16:00:00+00:00,7,0.0,0.0,0.0
2026-02-04 20:00:00+00:00,7,-74.40831459011589,9.0,-83.40831459011589
2026-02-05 00:00:00+00:00,7,-58.83065029075922,9.0,-67.83065029075922
2026-02-05 04:00:00+00:00,7,6.620644551956984,9.0,-2.3793554480430164
2026-02-05 08:00:00+00:00,7,70.3311212448713,9.0,61.3311212448713
2026-02-05 12:00:00+00:00,7,-9.816603852820307,9.0,-18.816603852820307
2026-02-05 16:00:00+00:00,7,37.7224149860466,9.0,28.7224149860466
2026-02-05 20:00:00+00:00,7,346.9575533533679,9.0,337.9575533533679
2026-02-06 00:00:00+00:00,7,6.001010250246616,9.0,-2.9989897497533837
2026-02-06 04:00:00+00:00,7,0.0,0.0,0.0
2026-02-06 08:00:00+00:00,7,0.0,0.0,0.0
2026-02-06 12:00:00+00:00,7,-141.69454706558122,9.0,-150.69454706558122
2026-02-06 16:00:00+00:00,7,0.0,0.0,0.0
2026-02-06 20:00:00+00:00,7,21.027339681349297,9.0,12.027339681349297
2026-02-07 00:00:00+00:00,7,-2.1805789019691466,9.0,-11.180578901969147
2026-02-07 04:00:00+00:00,7,241.03302445011926,9.0,232.03302445011926
2026-02-07 08:00:00+00:00,7,-60.474347370817455,9.0,-69.47434737081745
2026-02-07 12:00:00+00:00,7,2.3117697702431177,9.0,-6.688230229756883
2026-02-07 16:00:00+00:00,7,0.0,0.0,0.0
2026-02-07 20:00:00+00:00,7,0.0,0.0,0.0
2026-02-08 00:00:00+00:00,7,8.20815805618224,9.0,-0.7918419438177597
2026-02-08 04:00:00+00:00,7,-44.379530872561965,9.0,-53.379530872561965
2026-02-08 08:00:00+00:00,7,19.23977746225245,9.0,10.239777462252452
2026-02-08 12:00:00+00:00,7,114.35699945195877,9.0,105.35699945195877
2026-02-08 16:00:00+00:00,7,0.0,0.0,0.0
2026-02-08 20:00:00+00:00,7,0.0,0.0,0.0
2026-02-09 00:00:00+00:00,7,0.0,0.0,0.0
2026-02-09 04:00:00+00:00,7,0.0,0.0,0.0
2026-02-09 08:00:00+00:00,7,0.0,0.0,0.0
2026-02-09 12:00:00+00:00,7,-31.931516959821,9.0,-40.931516959820996
2026-02-09 16:00:00+00:00,7,-116.27004880009264,9.0,-125.27004880009264
2026-02-09 20:00:00+00:00,7,-56.18213910878117,9.0,-65.18213910878117
2026-02-10 00:00:00+00:00,7,26.94036334592283,9.0,17.94036334592283
2026-02-10 04:00:00+00:00,7,34.316653416974624,9.0,25.316653416974624
2026-02-10 08:00:00+00:00,7,68.95107486490421,9.0,59.951074864904214
2026-02-10 12:00:00+00:00,7,-140.75217489517934,9.0,-149.75217489517934
2026-02-10 16:00:00+00:00,7,2.643199750132616,9.0,-6.3568002498673835
2026-02-10 20:00:00+00:00,7,29.935986644898954,9.0,20.935986644898954
2026-02-11 00:00:00+00:00,7,70.8173156701909,9.0,61.817315670190894
2026-02-11 04:00:00+00:00,7,-17.434439305408493,9.0,-26.434439305408493
2026-02-11 08:00:00+00:00,7,50.922482706887905,9.0,41.922482706887905
2026-02-11 12:00:00+00:00,7,-31.59869599116634,9.0,-40.59869599116634
2026-02-11 16:00:00+00:00,7,0.0,0.0,0.0
2026-02-11 20:00:00+00:00,7,-41.54983886730084,9.0,-50.54983886730084
2026-02-12 00:00:00+00:00,7,-0.9030502817597517,9.0,-9.903050281759752
2026-02-12 04:00:00+00:00,7,-51.95352588665127,9.0,-60.95352588665127
2026-02-12 08:00:00+00:00,7,0.0,0.0,0.0
2026-02-12 12:00:00+00:00,7,-11.58907765841881,9.0,-20.58907765841881
2026-02-12 16:00:00+00:00,7,-14.330222500071981,9.0,-23.330222500071983
2026-02-12 20:00:00+00:00,7,111.86406854533334,9.0,102.86406854533334
2026-02-13 00:00:00+00:00,7,-59.60348815442471,9.0,-68.60348815442471
2026-02-13 04:00:00+00:00,7,84.0084558767554,9.0,75.0084558767554
2026-02-13 08:00:00+00:00,7,10.786193372325833,9.0,1.7861933723258332
2026-02-13 12:00:00+00:00,7,-42.30473699793055,9.0,-51.30473699793055
2026-02-13 16:00:00+00:00,7,-139.13349038879858,9.0,-148.13349038879858
2026-02-13 20:00:00+00:00,7,-71.4000756513873,9.0,-80.4000756513873
2026-02-14 00:00:00+00:00,7,92.27874357755265,9.0,83.27874357755265
2026-02-14 04:00:00+00:00,7,-7.518766139465844,9.0,-16.518766139465843
2026-02-14 08:00:00+00:00,7,-153.67143078773876,9.0,-162.67143078773876
2026-02-14 12:00:00+00:00,7,71.30229498849214,9.0,62.302294988492136
2026-02-14 16:00:00+00:00,7,-101.52392378555534,9.0,-110.52392378555534
2026-02-14 20:00:00+00:00,7,43.055109440859574,9.0,34.055109440859574
2026-02-15 00:00:00+00:00,7,0.0,0.0,0.0
2026-02-15 04:00:00+00:00,7,266.47099157455756,9.0,257.47099157455756
2026-02-15 08:00:00+00:00,7,0.0,0.0,0.0
2026-02-15 12:00:00+00:00,7,49.56073617755595,9.0,40.56073617755595
2026-02-15 16:00:00+00:00,7,-69.35742827704772,9.0,-78.35742827704772
2026-02-15 20:00:00+00:00,7,-15.965490310758529,9.0,-24.96549031075853
2026-02-16 00:00:00+00:00,7,-38.19388376637506,9.0,-47.19388376637506
2026-02-16 04:00:00+00:00,7,0.3557770148914213,9.0,-8.644222985108579
2026-02-16 08:00:00+00:00,7,-52.20456443053072,9.0,-61.20456443053072
2026-02-16 12:00:00+00:00,7,-23.894163140749434,9.0,-32.894163140749434
2026-02-16 16:00:00+00:00,7,-31.594658929788917,9.0,-40.59465892978892
2026-02-16 20:00:00+00:00,7,61.45984972374792,9.0,52.45984972374792
2026-02-17 00:00:00+00:00,7,-231.92783165386865,9.0,-240.92783165386865
2026-02-17 04:00:00+00:00,7,0.0,0.0,0.0
2026-02-17 08:00:00+00:00,7,-7.900027489024155,9.0,-16.900027489024154
2026-02-17 12:00:00+00:00,7,-124.5982813610651,9.0,-133.59828136106512
2026-02-17 16:00:00+00:00,7,-9.093977552482695,9.0,-18.093977552482695
2026-02-17 20:00:00+00:00,7,-11.031447090203914,9.0,-20.031447090203912
2026-02-18 00:00:00+00:00,7,-28.646639477925962,9.0,-37.64663947792596
2026-02-18 04:00:00+00:00,7,-3.9488654096836093,9.0,-12.94886540968361
2026-02-18 08:00:00+00:00,7,75.4136015630178,9.0,66.4136015630178
2026-02-18 12:00:00+00:00,7,4.316449214789319,9.0,-4.683550785210681
2026-02-18 16:00:00+00:00,7,-14.937136953482046,9.0,-23.937136953482046
2026-02-18 20:00:00+00:00,7,-46.450840026195294,9.0,-55.450840026195294
2026-02-19 00:00:00+00:00,7,-14.372919019999967,9.0,-23.37291901999997
2026-02-19 04:00:00+00:00,7,-27.96477459571456,9.0,-36.96477459571456
2026-02-19 08:00:00+00:00,7,-20.020928850308373,9.0,-29.020928850308373
2026-02-19 12:00:00+00:00,7,-33.49066999421802,9.0,-42.49066999421802
2026-02-19 16:00:00+00:00,7,0.0,0.0,0.0
2026-02-19 20:00:00+00:00,7,0.0,0.0,0.0
2026-02-20 00:00:00+00:00,7,-46.99354335999544,9.0,-55.99354335999544
2026-02-20 04:00:00+00:00,7,12.076924463530949,9.0,3.0769244635309487
2026-02-20 08:00:00+00:00,7,-5.8858620942353435,9.0,-14.885862094235343
2026-02-20 12:00:00+00:00,7,-60.72212063942346,9.0,-69.72212063942345
2026-02-20 16:00:00+00:00,7,72.78738818379858,9.0,63.78738818379858
2026-02-20 20:00:00+00:00,7,-37.84472502398795,9.0,-46.84472502398795
2026-02-21 00:00:00+00:00,7,19.972472708803334,9.0,10.972472708803334
2026-02-21 04:00:00+00:00,7,0.0,0.0,0.0
2026-02-21 08:00:00+00:00,7,0.0,0.0,0.0
2026-02-21 12:00:00+00:00,7,0.0,0.0,0.0
2026-02-21 16:00:00+00:00,7,0.0,0.0,0.0
2026-02-21 20:00:00+00:00,7,-39.36360974980691,9.0,-48.36360974980691
2026-02-22 00:00:00+00:00,7,47.65755867832431,9.0,38.65755867832431
2026-02-22 04:00:00+00:00,7,-4.7501735167243755,9.0,-13.750173516724375
2026-02-22 08:00:00+00:00,7,-16.229958542968628,9.0,-25.229958542968628
2026-02-22 12:00:00+00:00,7,24.308441927489536,9.0,15.308441927489536
2026-02-22 16:00:00+00:00,7,-39.91793720710965,9.0,-48.91793720710965
2026-02-22 20:00:00+00:00,7,13.675264809457238,9.0,4.6752648094572375
2026-02-23 00:00:00+00:00,7,-57.050659720808746,9.0,-66.05065972080874
2026-02-23 04:00:00+00:00,7,1.178224497851519,9.0,-7.821775502148481
2026-02-23 08:00:00+00:00,7,73.8798524987001,9.0,64.8798524987001
2026-02-23 12:00:00+00:00,7,-31.90605182689361,9.0,-40.90605182689361
2026-02-23 16:00:00+00:00,7,-39.083688995678465,9.0,-48.083688995678465
2026-02-23 20:00:00+00:00,7,-15.254568108789938,9.0,-24.25456810878994
2026-02-24 00:00:00+00:00,7,10.72500082848352,9.0,1.7250008284835197
2026-02-24 04:00:00+00:00,7,-38.97985791568899,9.0,-47.97985791568899
2026-02-24 08:00:00+00:00,7,-34.886411195604374,9.0,-43.886411195604374
2026-02-24 12:00:00+00:00,7,-69.74805341641677,9.0,-78.74805341641677
2026-02-24 16:00:00+00:00,7,0.0,0.0,0.0
2026-02-24 20:00:00+00:00,7,41.58201475896372,9.0,32.58201475896372
2026-02-25 00:00:00+00:00,7,97.87022020401979,9.0,88.87022020401979
2026-02-25 04:00:00+00:00,7,11.664651889089763,9.0,2.664651889089763
2026-02-25 08:00:00+00:00,7,-124.75552665255175,9.0,-133.75552665255174
2026-02-25 12:00:00+00:00,7,327.5489581883241,9.0,318.5489581883241
2026-02-25 16:00:00+00:00,7,153.3994905802572,9.0,144.3994905802572
2026-02-25 20:00:00+00:00,7,155.87111824630608,9.0,146.87111824630608
2026-02-28 00:00:00+00:00,8,0.0,0.0,0.0
2026-02-28 04:00:00+00:00,8,-7.123586559208186,9.0,-16.123586559208185
2026-02-28 08:00:00+00:00,8,107.58737445546107,9.0,98.58737445546107
2026-02-28 12:00:00+00:00,8,0.0,0.0,0.0
2026-02-28 16:00:00+00:00,8,0.0,0.0,0.0
2026-02-28 20:00:00+00:00,8,0.0,0.0,0.0
2026-03-01 00:00:00+00:00,8,0.0,0.0,0.0
2026-03-01 04:00:00+00:00,8,0.0,0.0,0.0
2026-03-01 08:00:00+00:00,8,0.0,0.0,0.0
2026-03-01 12:00:00+00:00,8,144.89663671660887,9.0,135.89663671660887
2026-03-01 16:00:00+00:00,8,-37.5081326934824,9.0,-46.5081326934824
2026-03-01 20:00:00+00:00,8,96.4155514778682,9.0,87.4155514778682
2026-03-02 00:00:00+00:00,8,2.465786997356721,9.0,-6.534213002643279
2026-03-02 04:00:00+00:00,8,0.0,0.0,0.0
2026-03-02 08:00:00+00:00,8,-0.4577175652140195,9.0,-9.45771756521402
2026-03-02 12:00:00+00:00,8,0.0,0.0,0.0
2026-03-02 16:00:00+00:00,8,-23.88424151905884,9.0,-32.88424151905884
2026-03-02 20:00:00+00:00,8,28.449576102233696,9.0,19.449576102233696
2026-03-03 00:00:00+00:00,8,30.193938407011203,9.0,21.193938407011203
2026-03-03 04:00:00+00:00,8,46.428373319801416,9.0,37.428373319801416
2026-03-03 08:00:00+00:00,8,62.93540810643525,9.0,53.93540810643525
2026-03-03 12:00:00+00:00,8,0.0,0.0,0.0
2026-03-03 16:00:00+00:00,8,0.0,0.0,0.0
2026-03-03 20:00:00+00:00,8,0.0,0.0,0.0
2026-03-04 00:00:00+00:00,8,0.0,0.0,0.0
2026-03-04 04:00:00+00:00,8,0.0,0.0,0.0
2026-03-04 08:00:00+00:00,8,-30.121752246236657,9.0,-39.12175224623665
2026-03-04 12:00:00+00:00,8,126.02099589475498,9.0,117.02099589475498
2026-03-04 16:00:00+00:00,8,26.839117811566236,9.0,17.839117811566236
2026-03-04 20:00:00+00:00,8,18.772913259454814,9.0,9.772913259454814
2026-03-05 00:00:00+00:00,8,-71.10001554225624,9.0,-80.10001554225624
2026-03-05 04:00:00+00:00,8,-4.978333575792358,9.0,-13.978333575792359
2026-03-05 08:00:00+00:00,8,0.0,0.0,0.0
2026-03-05 12:00:00+00:00,8,-6.70956822823727,9.0,-15.70956822823727
2026-03-05 16:00:00+00:00,8,0.0,0.0,0.0
2026-03-05 20:00:00+00:00,8,0.0,0.0,0.0
2026-03-06 00:00:00+00:00,8,-29.939534667611387,9.0,-38.93953466761138
2026-03-06 04:00:00+00:00,8,-22.374851022517397,9.0,-31.374851022517397
2026-03-06 08:00:00+00:00,8,-29.71097695002145,9.0,-38.71097695002145
2026-03-06 12:00:00+00:00,8,-21.438064586641072,9.0,-30.438064586641072
2026-03-06 16:00:00+00:00,8,0.0,0.0,0.0
2026-03-06 20:00:00+00:00,8,0.0,0.0,0.0
2026-03-07 00:00:00+00:00,8,-5.711478630411762,9.0,-14.711478630411762
2026-03-07 04:00:00+00:00,8,2.4666310962346683,9.0,-6.533368903765332
2026-03-07 08:00:00+00:00,8,-62.42737537705159,9.0,-71.42737537705159
2026-03-07 12:00:00+00:00,8,-108.71625879071787,9.0,-117.71625879071787
2026-03-07 16:00:00+00:00,8,-17.10050419941031,9.0,-26.10050419941031
2026-03-07 20:00:00+00:00,8,44.68246686931332,9.0,35.68246686931332
2026-03-08 00:00:00+00:00,8,-37.21611208253217,9.0,-46.21611208253217
2026-03-08 04:00:00+00:00,8,2.2758591938101076,9.0,-6.724140806189892
2026-03-08 08:00:00+00:00,8,-12.684099025199792,9.0,-21.684099025199792
2026-03-08 12:00:00+00:00,8,7.041141656344819,9.0,-1.958858343655181
2026-03-08 16:00:00+00:00,8,-164.48740634603095,9.0,-173.48740634603095
2026-03-08 20:00:00+00:00,8,0.0,0.0,0.0
2026-03-09 00:00:00+00:00,8,0.0,0.0,0.0
2026-03-09 04:00:00+00:00,8,0.0,0.0,0.0
2026-03-09 08:00:00+00:00,8,0.0,0.0,0.0
2026-03-09 12:00:00+00:00,8,-42.27291078105081,9.0,-51.27291078105081
2026-03-09 16:00:00+00:00,8,23.948079913447923,9.0,14.948079913447923
2026-03-09 20:00:00+00:00,8,-18.870291097219248,9.0,-27.870291097219248
2026-03-10 00:00:00+00:00,8,5.969356444319807,9.0,-3.030643555680193
2026-03-10 04:00:00+00:00,8,29.70110135434049,9.0,20.70110135434049
2026-03-10 08:00:00+00:00,8,-36.24725637012894,9.0,-45.24725637012894
2026-03-10 12:00:00+00:00,8,0.0,0.0,0.0
2026-03-10 16:00:00+00:00,8,-10.12521962524464,9.0,-19.12521962524464
2026-03-10 20:00:00+00:00,8,18.646663789975754,9.0,9.646663789975754
2026-03-11 00:00:00+00:00,8,0.0,0.0,0.0
2026-03-11 04:00:00+00:00,8,52.60453492978376,9.0,43.60453492978376
2026-03-11 08:00:00+00:00,8,116.51507614796176,9.0,107.51507614796176
2026-03-11 12:00:00+00:00,8,-69.42319202779932,9.0,-78.42319202779932
2026-03-11 16:00:00+00:00,8,-24.677712188648876,9.0,-33.677712188648876
2026-03-11 20:00:00+00:00,8,-225.90701481513875,9.0,-234.90701481513875
2026-03-12 00:00:00+00:00,8,0.0,0.0,0.0
2026-03-12 04:00:00+00:00,8,44.232497728086045,9.0,35.232497728086045
2026-03-12 08:00:00+00:00,8,0.0,0.0,0.0
2026-03-12 12:00:00+00:00,8,0.0,0.0,0.0
2026-03-12 16:00:00+00:00,8,105.46621180614336,9.0,96.46621180614336
2026-03-12 20:00:00+00:00,8,4.975632396296034,9.0,-4.024367603703966
2026-03-13 00:00:00+00:00,8,-91.90561791406371,9.0,-100.90561791406371
2026-03-13 04:00:00+00:00,8,0.0,0.0,0.0
2026-03-13 08:00:00+00:00,8,-39.84052638224848,9.0,-48.84052638224848
2026-03-13 12:00:00+00:00,8,150.05167880065994,9.0,141.05167880065994
2026-03-13 16:00:00+00:00,8,0.0,0.0,0.0
2026-03-13 20:00:00+00:00,8,0.0,0.0,0.0
2026-03-14 00:00:00+00:00,8,17.278502084326448,9.0,8.278502084326448
2026-03-14 04:00:00+00:00,8,-47.15333509453133,9.0,-56.15333509453133
2026-03-14 08:00:00+00:00,8,-77.76077734989344,9.0,-86.76077734989344
2026-03-14 12:00:00+00:00,8,15.29258104410324,9.0,6.29258104410324
2026-03-14 16:00:00+00:00,8,-18.276315479984593,9.0,-27.276315479984593
2026-03-14 20:00:00+00:00,8,8.05834348877901,9.0,-0.9416565112209891
2026-03-15 00:00:00+00:00,8,-77.2626096575235,9.0,-86.2626096575235
2026-03-15 04:00:00+00:00,8,27.744218619381268,9.0,18.744218619381268
2026-03-15 08:00:00+00:00,8,0.0,0.0,0.0
2026-03-15 12:00:00+00:00,8,0.0,0.0,0.0
2026-03-15 16:00:00+00:00,8,60.153245767642375,9.0,51.153245767642375
2026-03-15 20:00:00+00:00,8,71.5952617557938,9.0,62.5952617557938
2026-03-16 00:00:00+00:00,8,81.46494123898542,9.0,72.46494123898542
2026-03-16 04:00:00+00:00,8,0.0,0.0,0.0
2026-03-16 08:00:00+00:00,8,0.0,0.0,0.0
2026-03-16 12:00:00+00:00,8,0.0,0.0,0.0
2026-03-16 16:00:00+00:00,8,0.0,0.0,0.0
2026-03-16 20:00:00+00:00,8,0.0,0.0,0.0
2026-03-17 00:00:00+00:00,8,0.0,0.0,0.0
2026-03-17 04:00:00+00:00,8,0.0,0.0,0.0
2026-03-17 08:00:00+00:00,8,0.0,0.0,0.0
2026-03-17 12:00:00+00:00,8,-31.477721273903548,9.0,-40.47772127390355
2026-03-17 16:00:00+00:00,8,-12.192364060790691,9.0,-21.19236406079069
2026-03-17 20:00:00+00:00,8,-16.761824712798553,9.0,-25.761824712798553
2026-03-18 00:00:00+00:00,8,27.141596931295567,9.0,18.141596931295567
2026-03-18 04:00:00+00:00,8,-7.335159744636878,9.0,-16.33515974463688
2026-03-18 08:00:00+00:00,8,28.7640337760405,9.0,19.7640337760405
2026-03-18 12:00:00+00:00,8,-29.626973337928963,9.0,-38.62697333792896
2026-03-18 16:00:00+00:00,8,0.0,0.0,0.0
2026-03-18 20:00:00+00:00,8,0.0,0.0,0.0
2026-03-19 00:00:00+00:00,8,68.69007502445248,9.0,59.69007502445248
2026-03-19 04:00:00+00:00,8,-61.7301056327424,9.0,-70.73010563274241
2026-03-19 08:00:00+00:00,8,33.04423803264918,9.0,24.044238032649183
2026-03-19 12:00:00+00:00,8,-158.76932283668805,9.0,-167.76932283668805
2026-03-19 16:00:00+00:00,8,-46.82424976434337,9.0,-55.82424976434337
2026-03-19 20:00:00+00:00,8,0.0,0.0,0.0
2026-03-20 00:00:00+00:00,8,0.0,0.0,0.0
2026-03-20 04:00:00+00:00,8,0.0,0.0,0.0
2026-03-20 08:00:00+00:00,8,0.0,0.0,0.0
2026-03-20 12:00:00+00:00,8,0.0,0.0,0.0
2026-03-20 16:00:00+00:00,8,0.0,0.0,0.0
2026-03-20 20:00:00+00:00,8,4.207719199564473,9.0,-4.792280800435527
2026-03-21 00:00:00+00:00,8,0.0,0.0,0.0
2026-03-21 04:00:00+00:00,8,0.0,0.0,0.0
2026-03-21 08:00:00+00:00,8,0.0,0.0,0.0
2026-03-21 12:00:00+00:00,8,0.0,0.0,0.0
2026-03-21 16:00:00+00:00,8,-81.91899400759236,9.0,-90.91899400759236
2026-03-21 20:00:00+00:00,8,24.524003858067257,9.0,15.524003858067257
2026-03-22 00:00:00+00:00,8,-130.82987175198036,9.0,-139.82987175198036
2026-03-22 04:00:00+00:00,8,22.530622569691808,9.0,13.530622569691808
2026-03-22 08:00:00+00:00,8,-52.89242971139244,9.0,-61.89242971139244
2026-03-22 12:00:00+00:00,8,47.583927974172035,9.0,38.583927974172035
2026-03-22 16:00:00+00:00,8,0.0,0.0,0.0
2026-03-22 20:00:00+00:00,8,0.0,0.0,0.0
2026-03-23 00:00:00+00:00,8,26.765028731964993,9.0,17.765028731964993
2026-03-23 04:00:00+00:00,8,8.533050062889386,9.0,-0.4669499371106145
2026-03-23 08:00:00+00:00,8,0.0,0.0,0.0
2026-03-23 12:00:00+00:00,8,0.0,0.0,0.0
2026-03-23 16:00:00+00:00,8,35.3561562520868,9.0,26.356156252086798
2026-03-23 20:00:00+00:00,8,-74.5729343722181,9.0,-83.5729343722181
2026-03-24 00:00:00+00:00,8,-28.815518511790977,9.0,-37.81551851179098
2026-03-24 04:00:00+00:00,8,-45.70236536220495,9.0,-54.70236536220495
2026-03-24 08:00:00+00:00,8,-29.51224370262739,9.0,-38.51224370262739
2026-03-24 12:00:00+00:00,8,0.0,0.0,0.0
2026-03-24 16:00:00+00:00,8,0.0,0.0,0.0
2026-03-24 20:00:00+00:00,8,0.0,0.0,0.0
2026-03-25 00:00:00+00:00,8,0.0,0.0,0.0
2026-03-25 04:00:00+00:00,8,0.0,0.0,0.0
2026-03-25 08:00:00+00:00,8,0.0,0.0,0.0
2026-03-25 12:00:00+00:00,8,0.0,0.0,0.0
2026-03-25 16:00:00+00:00,8,-105.04971912672946,9.0,-114.04971912672946
2026-03-25 20:00:00+00:00,8,-144.34435988511723,9.0,-153.34435988511723
2026-03-26 00:00:00+00:00,8,130.12932045007977,9.0,121.12932045007977
2026-03-26 04:00:00+00:00,8,77.08399764862881,9.0,68.08399764862881
2026-03-26 08:00:00+00:00,8,-27.610649781593448,9.0,-36.61064978159345
2026-03-26 12:00:00+00:00,8,99.44892912633564,9.0,90.44892912633564
2026-03-26 16:00:00+00:00,8,0.0,0.0,0.0
2026-03-26 20:00:00+00:00,8,-193.7414639300293,9.0,-202.7414639300293
2026-03-27 00:00:00+00:00,8,0.0,0.0,0.0
2026-03-27 04:00:00+00:00,8,0.0,0.0,0.0
2026-03-27 08:00:00+00:00,8,0.0,0.0,0.0
2026-03-27 12:00:00+00:00,8,7.929475518746592,9.0,-1.0705244812534076
2026-03-27 16:00:00+00:00,8,-47.41016201304746,9.0,-56.41016201304746
2026-03-27 20:00:00+00:00,8,35.534425541798875,9.0,26.534425541798875
2026-03-28 00:00:00+00:00,8,-76.5203505836309,9.0,-85.5203505836309
2026-03-28 04:00:00+00:00,8,23.545310257954377,9.0,14.545310257954377
2026-03-28 08:00:00+00:00,8,0.0,0.0,0.0
2026-03-28 12:00:00+00:00,8,0.0,0.0,0.0
2026-03-28 16:00:00+00:00,8,0.0,0.0,0.0
2026-03-28 20:00:00+00:00,8,0.0,0.0,0.0
2026-03-29 00:00:00+00:00,8,0.0,0.0,0.0
2026-03-29 04:00:00+00:00,8,0.0,0.0,0.0
2026-03-29 08:00:00+00:00,8,0.0,0.0,0.0
2026-03-29 12:00:00+00:00,8,0.0,0.0,0.0
2026-03-29 16:00:00+00:00,8,20.13880222663425,9.0,11.138802226634251
2026-03-29 20:00:00+00:00,8,-28.427189914296537,9.0,-37.427189914296534
2026-04-01 00:00:00+00:00,9,0.0,0.0,0.0
2026-04-01 04:00:00+00:00,9,0.0,0.0,0.0
2026-04-01 08:00:00+00:00,9,0.0,0.0,0.0
2026-04-01 12:00:00+00:00,9,0.0,0.0,0.0
2026-04-01 16:00:00+00:00,9,0.0,0.0,0.0
2026-04-01 20:00:00+00:00,9,0.0,0.0,0.0
2026-04-02 00:00:00+00:00,9,0.0,0.0,0.0
2026-04-02 04:00:00+00:00,9,-41.81184982587519,9.0,-50.81184982587519
2026-04-02 08:00:00+00:00,9,0.0,0.0,0.0
2026-04-02 12:00:00+00:00,9,73.55766101340782,9.0,64.55766101340782
2026-04-02 16:00:00+00:00,9,0.0,0.0,0.0
2026-04-02 20:00:00+00:00,9,0.0,0.0,0.0
2026-04-03 00:00:00+00:00,9,0.0,0.0,0.0
2026-04-03 04:00:00+00:00,9,0.0,0.0,0.0
2026-04-03 08:00:00+00:00,9,0.0,0.0,0.0
2026-04-03 12:00:00+00:00,9,0.0,0.0,0.0
2026-04-03 16:00:00+00:00,9,0.0,0.0,0.0
2026-04-03 20:00:00+00:00,9,62.208500546667864,9.0,53.208500546667864
2026-04-04 00:00:00+00:00,9,16.95298072183831,9.0,7.952980721838308
2026-04-04 04:00:00+00:00,9,-32.56863604704342,9.0,-41.56863604704342
2026-04-04 08:00:00+00:00,9,25.269352258877838,9.0,16.269352258877838
2026-04-04 12:00:00+00:00,9,-25.987204449459657,9.0,-34.987204449459654
2026-04-04 16:00:00+00:00,9,-13.165023505441098,9.0,-22.1650235054411
2026-04-04 20:00:00+00:00,9,103.05335968458263,9.0,94.05335968458263
2026-04-05 00:00:00+00:00,9,-9.965473340527112,9.0,-18.96547334052711
2026-04-05 04:00:00+00:00,9,99.86986586505053,9.0,90.86986586505053
2026-04-05 08:00:00+00:00,9,-21.43252507544097,9.0,-30.43252507544097
2026-04-05 12:00:00+00:00,9,-14.644010688962815,9.0,-23.644010688962815
2026-04-05 16:00:00+00:00,9,63.832678068855344,9.0,54.832678068855344
2026-04-05 20:00:00+00:00,9,0.0,0.0,0.0
2026-04-06 00:00:00+00:00,9,0.0,0.0,0.0
2026-04-06 04:00:00+00:00,9,0.0,0.0,0.0
2026-04-06 08:00:00+00:00,9,0.0,0.0,0.0
2026-04-06 12:00:00+00:00,9,0.0,0.0,0.0
2026-04-06 16:00:00+00:00,9,0.0,0.0,0.0
2026-04-06 20:00:00+00:00,9,0.0,0.0,0.0
2026-04-07 00:00:00+00:00,9,0.0,0.0,0.0
2026-04-07 04:00:00+00:00,9,0.0,0.0,0.0
2026-04-07 08:00:00+00:00,9,-199.07574829578567,9.0,-208.07574829578567
2026-04-07 12:00:00+00:00,9,-22.80337595767266,9.0,-31.80337595767266
2026-04-07 16:00:00+00:00,9,0.0,0.0,0.0
2026-04-07 20:00:00+00:00,9,0.0,0.0,0.0
2026-04-08 00:00:00+00:00,9,0.0,0.0,0.0
2026-04-08 04:00:00+00:00,9,0.0,0.0,0.0
2026-04-08 08:00:00+00:00,9,0.0,0.0,0.0
2026-04-08 12:00:00+00:00,9,0.0,0.0,0.0
2026-04-08 16:00:00+00:00,9,0.0,0.0,0.0
2026-04-08 20:00:00+00:00,9,0.0,0.0,0.0
2026-04-09 00:00:00+00:00,9,0.0,0.0,0.0
2026-04-09 04:00:00+00:00,9,-40.13150628913907,9.0,-49.13150628913907
2026-04-09 08:00:00+00:00,9,0.0,0.0,0.0
2026-04-09 12:00:00+00:00,9,-22.7595272628646,9.0,-31.7595272628646
2026-04-09 16:00:00+00:00,9,0.0,0.0,0.0
2026-04-09 20:00:00+00:00,9,0.0,0.0,0.0
2026-04-10 00:00:00+00:00,9,0.0,0.0,0.0
2026-04-10 04:00:00+00:00,9,0.0,0.0,0.0
2026-04-10 08:00:00+00:00,9,75.33936519120392,9.0,66.33936519120392
2026-04-10 12:00:00+00:00,9,0.0,0.0,0.0
2026-04-10 16:00:00+00:00,9,0.0,0.0,0.0
2026-04-10 20:00:00+00:00,9,0.0,0.0,0.0
2026-04-11 00:00:00+00:00,9,0.0,0.0,0.0
2026-04-11 04:00:00+00:00,9,-38.46815806828785,9.0,-47.46815806828785
2026-04-11 08:00:00+00:00,9,-37.41704830762674,9.0,-46.41704830762674
2026-04-11 12:00:00+00:00,9,-250.71660030489335,9.0,-259.71660030489335
2026-04-11 16:00:00+00:00,9,180.17973606685197,9.0,171.17973606685197
2026-04-11 20:00:00+00:00,9,-33.690155492559626,9.0,-42.690155492559626
2026-04-12 00:00:00+00:00,9,-35.52214303457986,9.0,-44.52214303457986
2026-04-12 04:00:00+00:00,9,-3.673207624612855,9.0,-12.673207624612855
2026-04-12 08:00:00+00:00,9,0.0,0.0,0.0
2026-04-12 12:00:00+00:00,9,37.11450310274587,9.0,28.11450310274587
2026-04-12 16:00:00+00:00,9,2.8451547257037255,9.0,-6.1548452742962745
2026-04-12 20:00:00+00:00,9,2.207224841036257,9.0,-6.792775158963742
2026-04-13 00:00:00+00:00,9,-33.88586302362723,9.0,-42.88586302362723
2026-04-13 04:00:00+00:00,9,21.325071598070092,9.0,12.325071598070092
2026-04-13 08:00:00+00:00,9,-84.88036018597221,9.0,-93.88036018597221
2026-04-13 12:00:00+00:00,9,81.24096568776739,9.0,72.24096568776739
2026-04-13 16:00:00+00:00,9,22.47781449078952,9.0,13.47781449078952
2026-04-13 20:00:00+00:00,9,47.10594347867738,9.0,38.10594347867738
2026-04-14 00:00:00+00:00,9,0.0,0.0,0.0
2026-04-14 04:00:00+00:00,9,0.0,0.0,0.0
2026-04-14 08:00:00+00:00,9,-39.32695739308845,9.0,-48.32695739308845
2026-04-14 12:00:00+00:00,9,0.0,0.0,0.0
2026-04-14 16:00:00+00:00,9,32.78559206761558,9.0,23.785592067615582
2026-04-14 20:00:00+00:00,9,0.0,0.0,0.0
2026-04-15 00:00:00+00:00,9,0.0,0.0,0.0
2026-04-15 04:00:00+00:00,9,0.0,0.0,0.0
2026-04-15 08:00:00+00:00,9,-12.885156219189284,9.0,-21.885156219189284
2026-04-15 12:00:00+00:00,9,0.0,0.0,0.0
2026-04-15 16:00:00+00:00,9,0.0,0.0,0.0
2026-04-15 20:00:00+00:00,9,0.0,0.0,0.0
2026-04-16 00:00:00+00:00,9,1633.3021249806834,9.0,1624.3021249806834
2026-04-16 04:00:00+00:00,9,0.0,0.0,0.0
2026-04-16 08:00:00+00:00,9,0.0,0.0,0.0
2026-04-16 12:00:00+00:00,9,0.0,0.0,0.0
2026-04-16 16:00:00+00:00,9,0.0,0.0,0.0
2026-04-16 20:00:00+00:00,9,-160.82422819378638,9.0,-169.82422819378638
2026-04-17 00:00:00+00:00,9,0.0,0.0,0.0
2026-04-17 04:00:00+00:00,9,0.0,0.0,0.0
2026-04-17 08:00:00+00:00,9,0.0,0.0,0.0
2026-04-17 12:00:00+00:00,9,0.0,0.0,0.0
2026-04-17 16:00:00+00:00,9,0.0,0.0,0.0
2026-04-17 20:00:00+00:00,9,30.5300749899594,9.0,21.5300749899594
2026-04-18 00:00:00+00:00,9,23.417217106114634,9.0,14.417217106114634
2026-04-18 04:00:00+00:00,9,0.0,0.0,0.0
2026-04-18 08:00:00+00:00,9,0.0,0.0,0.0
2026-04-18 12:00:00+00:00,9,0.0,0.0,0.0
2026-04-18 16:00:00+00:00,9,0.0,0.0,0.0
2026-04-18 20:00:00+00:00,9,153.80593562476344,9.0,144.80593562476344
2026-04-19 00:00:00+00:00,9,-779.1459852428069,9.0,-788.1459852428069
2026-04-19 04:00:00+00:00,9,256.8225517905073,9.0,247.8225517905073
2026-04-19 08:00:00+00:00,9,-112.52834430834358,9.0,-121.52834430834358
2026-04-19 12:00:00+00:00,9,7.395657361772435,9.0,-1.604342638227565
2026-04-19 16:00:00+00:00,9,16.413125708655812,9.0,7.413125708655812
2026-04-19 20:00:00+00:00,9,-38.47510365451048,9.0,-47.47510365451048
2026-04-20 00:00:00+00:00,9,0.0,0.0,0.0
2026-04-20 04:00:00+00:00,9,-137.80328418188816,9.0,-146.80328418188816
2026-04-20 08:00:00+00:00,9,110.01831342695243,9.0,101.01831342695243
2026-04-20 12:00:00+00:00,9,0.0,0.0,0.0
2026-04-20 16:00:00+00:00,9,-45.005995138950354,9.0,-54.005995138950354
2026-04-20 20:00:00+00:00,9,0.0,0.0,0.0
2026-04-21 00:00:00+00:00,9,-106.7332558013023,9.0,-115.7332558013023
2026-04-21 04:00:00+00:00,9,95.69703384700252,9.0,86.69703384700252
2026-04-21 08:00:00+00:00,9,130.43200774462525,9.0,121.43200774462525
2026-04-21 12:00:00+00:00,9,0.0,0.0,0.0
2026-04-21 16:00:00+00:00,9,10.62372868689765,9.0,1.6237286868976497
2026-04-21 20:00:00+00:00,9,0.0,0.0,0.0
2026-04-22 00:00:00+00:00,9,0.0,0.0,0.0
2026-04-22 04:00:00+00:00,9,-38.32550678838179,9.0,-47.32550678838179
2026-04-22 08:00:00+00:00,9,-202.7397300710727,9.0,-211.7397300710727
2026-04-22 12:00:00+00:00,9,0.0,0.0,0.0
2026-04-22 16:00:00+00:00,9,0.0,0.0,0.0
2026-04-22 20:00:00+00:00,9,0.0,0.0,0.0
2026-04-23 00:00:00+00:00,9,0.0,0.0,0.0
2026-04-23 04:00:00+00:00,9,-19.66970215459089,9.0,-28.66970215459089
2026-04-23 08:00:00+00:00,9,-107.66469319566434,9.0,-116.66469319566434
2026-04-23 12:00:00+00:00,9,-13.771255637853915,9.0,-22.771255637853915
2026-04-23 16:00:00+00:00,9,-54.0187695006949,9.0,-63.0187695006949
2026-04-23 20:00:00+00:00,9,-30.587897943655612,9.0,-39.58789794365561
2026-04-24 00:00:00+00:00,9,0.0,0.0,0.0
2026-04-24 04:00:00+00:00,9,567.5720723756315,9.0,558.5720723756315
2026-04-24 08:00:00+00:00,9,-36.81164841193382,9.0,-45.81164841193382
2026-04-24 12:00:00+00:00,9,0.0,0.0,0.0
2026-04-24 16:00:00+00:00,9,-68.20501281258282,9.0,-77.20501281258282
2026-04-24 20:00:00+00:00,9,0.0,0.0,0.0
2026-04-25 00:00:00+00:00,9,127.01266347369952,9.0,118.01266347369952
2026-04-25 04:00:00+00:00,9,-81.30072161403783,9.0,-90.30072161403783
2026-04-25 08:00:00+00:00,9,-123.98340780575026,9.0,-132.98340780575026
2026-04-25 12:00:00+00:00,9,-39.69172336205426,9.0,-48.69172336205426
2026-04-25 16:00:00+00:00,9,4.595785337969233,9.0,-4.404214662030767
2026-04-25 20:00:00+00:00,9,-49.144420276902174,9.0,-58.144420276902174
2026-04-26 00:00:00+00:00,9,21.177068973994608,9.0,12.177068973994608
2026-04-26 04:00:00+00:00,9,114.98799370623897,9.0,105.98799370623897
2026-04-26 08:00:00+00:00,9,-197.11778963372058,9.0,-206.11778963372058
2026-04-26 12:00:00+00:00,9,26.081540902495576,9.0,17.081540902495576
2026-04-26 16:00:00+00:00,9,195.80819515946607,9.0,186.80819515946607
2026-04-26 20:00:00+00:00,9,44.417342787774864,9.0,35.417342787774864
2026-04-27 00:00:00+00:00,9,0.0,0.0,0.0
2026-04-27 04:00:00+00:00,9,0.0,0.0,0.0
2026-04-27 08:00:00+00:00,9,-1.835286830454701,9.0,-10.8352868304547
2026-04-27 12:00:00+00:00,9,0.0,0.0,0.0
2026-04-27 16:00:00+00:00,9,-3.151791426940281,9.0,-12.151791426940282
2026-04-27 20:00:00+00:00,9,0.0,0.0,0.0
2026-04-28 00:00:00+00:00,9,81.13594999227097,9.0,72.13594999227097
2026-04-28 04:00:00+00:00,9,1.4105654312807254,9.0,-7.589434568719275
2026-04-28 08:00:00+00:00,9,534.2640300954272,9.0,525.2640300954272
2026-04-28 12:00:00+00:00,9,115.61331846377998,9.0,106.61331846377998
2026-04-28 16:00:00+00:00,9,30.32464283799686,9.0,21.32464283799686
2026-04-28 20:00:00+00:00,9,0.0,0.0,0.0
2026-04-29 00:00:00+00:00,9,0.0,0.0,0.0
2026-04-29 04:00:00+00:00,9,0.0,0.0,0.0
2026-04-29 08:00:00+00:00,9,0.0,0.0,0.0
2026-04-29 12:00:00+00:00,9,0.0,0.0,0.0
2026-04-29 16:00:00+00:00,9,52.92588399850695,9.0,43.92588399850695
2026-04-29 20:00:00+00:00,9,0.0,0.0,0.0
2026-04-30 00:00:00+00:00,9,0.0,0.0,0.0
2026-04-30 04:00:00+00:00,9,613.0695791993487,9.0,604.0695791993487
2026-04-30 08:00:00+00:00,9,0.0,0.0,0.0
2026-04-30 12:00:00+00:00,9,0.0,0.0,0.0
2026-04-30 16:00:00+00:00,9,0.0,0.0,0.0
2026-04-30 20:00:00+00:00,9,0.0,0.0,0.0
