time,fold,gross_pnl_bps,cost_bps,net_pnl_bps,turnover,gross_exposure,n_long_total,n_short_total,n_symbols
2025-07-19 00:00:00+00:00,1,0.0,0.0,0.0,0.0,0.0,0,0,0
2025-07-19 04:00:00+00:00,1,0.0,0.0,0.0,0.0,0.0,0,0,0
2025-07-19 08:00:00+00:00,1,0.0,0.0,0.0,0.0,0.0,0,0,0
2025-07-19 12:00:00+00:00,1,0.0,0.0,0.0,0.0,0.0,0,0,0
2025-07-19 16:00:00+00:00,1,0.0,0.0,0.0,0.0,0.0,0,0,0
2025-07-19 20:00:00+00:00,1,0.0,0.0,0.0,0.0,0.0,0,0,0
2025-07-20 00:00:00+00:00,1,0.0,0.0,0.0,0.0,0.0,0,0,0
2025-07-20 04:00:00+00:00,1,0.0,0.0,0.0,0.0,0.0,0,0,0
2025-07-20 08:00:00+00:00,1,0.0,0.0,0.0,0.0,0.0,0,0,0
2025-07-20 12:00:00+00:00,1,0.0,0.0,0.0,0.0,0.0,0,0,0
2025-07-20 16:00:00+00:00,1,0.0,0.0,0.0,0.0,0.0,0,0,0
2025-07-20 20:00:00+00:00,1,0.0,0.0,0.0,0.0,0.0,0,0,0
2025-07-21 00:00:00+00:00,1,0.0,0.0,0.0,0.0,0.0,0,0,0
2025-07-21 04:00:00+00:00,1,0.0,0.0,0.0,0.0,0.0,0,0,0
2025-07-21 08:00:00+00:00,1,0.0,0.0,0.0,0.0,0.0,0,0,0
2025-07-21 12:00:00+00:00,1,0.0,0.0,0.0,0.0,0.0,0,0,0
2025-07-21 16:00:00+00:00,1,0.0,0.0,0.0,0.0,0.0,0,0,0
2025-07-21 20:00:00+00:00,1,0.0,0.0,0.0,0.0,0.0,0,0,0
2025-07-22 00:00:00+00:00,1,0.0,0.0,0.0,0.0,0.0,0,0,0
2025-07-22 04:00:00+00:00,1,0.0,0.0,0.0,0.0,0.0,0,0,0
2025-07-22 08:00:00+00:00,1,0.0,0.0,0.0,0.0,0.0,0,0,0
2025-07-22 12:00:00+00:00,1,0.0,0.0,0.0,0.0,0.0,0,0,0
2025-07-22 16:00:00+00:00,1,0.0,0.0,0.0,0.0,0.0,0,0,0
2025-07-22 20:00:00+00:00,1,0.0,0.0,0.0,0.0,0.0,0,0,0
2025-07-23 00:00:00+00:00,1,0.0,0.0,0.0,0.0,0.0,0,0,0
2025-07-23 04:00:00+00:00,1,0.0,0.0,0.0,0.0,0.0,0,0,0
2025-07-23 08:00:00+00:00,1,0.0,0.0,0.0,0.0,0.0,0,0,0
2025-07-23 12:00:00+00:00,1,0.0,0.0,0.0,0.0,0.0,0,0,0
2025-07-23 16:00:00+00:00,1,0.0,0.0,0.0,0.0,0.0,0,0,0
2025-07-23 20:00:00+00:00,1,0.0,0.0,0.0,0.0,0.0,0,0,0
2025-07-24 00:00:00+00:00,1,0.0,0.0,0.0,0.0,0.0,0,0,0
2025-07-24 04:00:00+00:00,1,0.0,0.0,0.0,0.0,0.0,0,0,0
2025-07-24 08:00:00+00:00,1,0.0,0.0,0.0,0.0,0.0,0,0,0
2025-07-24 12:00:00+00:00,1,0.0,0.0,0.0,0.0,0.0,0,0,0
2025-07-24 16:00:00+00:00,1,0.0,0.0,0.0,0.0,0.0,0,0,0
2025-07-24 20:00:00+00:00,1,0.0,0.0,0.0,0.0,0.0,0,0,0
2025-07-25 00:00:00+00:00,1,0.0,0.0,0.0,0.0,0.0,0,0,0
2025-07-25 04:00:00+00:00,1,0.0,0.0,0.0,0.0,0.0,0,0,0
2025-07-25 08:00:00+00:00,1,0.0,0.0,0.0,0.0,0.0,0,0,0
2025-07-25 12:00:00+00:00,1,0.0,0.0,0.0,0.0,0.0,0,0,0
2025-07-25 16:00:00+00:00,1,0.0,0.0,0.0,0.0,0.0,0,0,0
2025-07-25 20:00:00+00:00,1,0.0,0.0,0.0,0.0,0.0,0,0,0
2025-07-26 00:00:00+00:00,1,0.0,0.0,0.0,0.0,0.0,0,0,0
2025-07-26 04:00:00+00:00,1,0.0,0.0,0.0,0.0,0.0,0,0,0
2025-07-26 08:00:00+00:00,1,0.0,0.0,0.0,0.0,0.0,0,0,0
2025-07-26 12:00:00+00:00,1,0.0,0.0,0.0,0.0,0.0,0,0,0
2025-07-26 16:00:00+00:00,1,0.0,0.0,0.0,0.0,0.0,0,0,0
2025-07-26 20:00:00+00:00,1,0.0,0.0,0.0,0.0,0.0,0,0,0
2025-07-27 00:00:00+00:00,1,0.0,0.0,0.0,0.0,0.0,0,0,0
2025-07-27 04:00:00+00:00,1,0.0,0.0,0.0,0.0,0.0,0,0,0
2025-07-27 08:00:00+00:00,1,0.0,0.0,0.0,0.0,0.0,0,0,0
2025-07-27 12:00:00+00:00,1,0.0,0.0,0.0,0.0,0.0,0,0,0
2025-07-27 16:00:00+00:00,1,0.0,0.0,0.0,0.0,0.0,0,0,0
2025-07-27 20:00:00+00:00,1,0.0,0.0,0.0,0.0,0.0,0,0,0
2025-07-28 00:00:00+00:00,1,0.0,0.0,0.0,0.0,0.0,0,0,0
2025-07-28 04:00:00+00:00,1,0.0,0.0,0.0,0.0,0.0,0,0,0
2025-07-28 08:00:00+00:00,1,0.0,0.0,0.0,0.0,0.0,0,0,0
2025-07-28 12:00:00+00:00,1,0.0,0.0,0.0,0.0,0.0,0,0,0
2025-07-28 16:00:00+00:00,1,0.0,0.0,0.0,0.0,0.0,0,0,0
2025-07-28 20:00:00+00:00,1,0.0,0.0,0.0,0.0,0.0,0,0,0
2025-07-29 00:00:00+00:00,1,0.0,0.0,0.0,0.0,0.0,0,0,0
2025-07-29 04:00:00+00:00,1,0.0,0.0,0.0,0.0,0.0,0,0,0
2025-07-29 08:00:00+00:00,1,0.0,0.0,0.0,0.0,0.0,0,0,0
2025-07-29 12:00:00+00:00,1,0.0,0.0,0.0,0.0,0.0,0,0,0
2025-07-29 16:00:00+00:00,1,0.0,0.0,0.0,0.0,0.0,0,0,0
2025-07-29 20:00:00+00:00,1,0.0,0.0,0.0,0.0,0.0,0,0,0
2025-07-30 00:00:00+00:00,1,0.0,0.0,0.0,0.0,0.0,0,0,0
2025-07-30 04:00:00+00:00,1,0.0,0.0,0.0,0.0,0.0,0,0,0
2025-07-30 08:00:00+00:00,1,0.0,0.0,0.0,0.0,0.0,0,0,0
2025-07-30 12:00:00+00:00,1,0.0,0.0,0.0,0.0,0.0,0,0,0
2025-07-30 16:00:00+00:00,1,0.0,0.0,0.0,0.0,0.0,0,0,0
2025-07-30 20:00:00+00:00,1,0.0,0.0,0.0,0.0,0.0,0,0,0
2025-07-31 00:00:00+00:00,1,0.0,0.0,0.0,0.0,0.0,0,0,0
2025-07-31 04:00:00+00:00,1,0.0,0.0,0.0,0.0,0.0,0,0,0
2025-07-31 08:00:00+00:00,1,0.0,0.0,0.0,0.0,0.0,0,0,0
2025-07-31 12:00:00+00:00,1,0.0,0.0,0.0,0.0,0.0,0,0,0
2025-07-31 16:00:00+00:00,1,0.0,0.0,0.0,0.0,0.0,0,0,0
2025-07-31 20:00:00+00:00,1,0.0,0.0,0.0,0.0,0.0,0,0,0
2025-08-01 00:00:00+00:00,1,0.0,0.0,0.0,0.0,0.0,0,0,0
2025-08-01 04:00:00+00:00,1,0.0,0.0,0.0,0.0,0.0,0,0,0
2025-08-01 08:00:00+00:00,1,0.0,0.0,0.0,0.0,0.0,0,0,0
2025-08-01 12:00:00+00:00,1,0.0,0.0,0.0,0.0,0.0,0,0,0
2025-08-01 16:00:00+00:00,1,0.0,0.0,0.0,0.0,0.0,0,0,0
2025-08-01 20:00:00+00:00,1,0.0,0.0,0.0,0.0,0.0,0,0,0
2025-08-02 00:00:00+00:00,1,0.0,0.0,0.0,0.0,0.0,0,0,0
2025-08-02 04:00:00+00:00,1,0.0,0.0,0.0,0.0,0.0,0,0,0
2025-08-02 08:00:00+00:00,1,0.0,0.0,0.0,0.0,0.0,0,0,0
2025-08-02 12:00:00+00:00,1,0.0,0.0,0.0,0.0,0.0,0,0,0
2025-08-02 16:00:00+00:00,1,0.0,0.0,0.0,0.0,0.0,0,0,0
2025-08-02 20:00:00+00:00,1,0.0,0.0,0.0,0.0,0.0,0,0,0
2025-08-03 00:00:00+00:00,1,0.0,0.0,0.0,0.0,0.0,0,0,0
2025-08-03 04:00:00+00:00,1,0.0,0.0,0.0,0.0,0.0,0,0,0
2025-08-03 08:00:00+00:00,1,0.0,0.0,0.0,0.0,0.0,0,0,0
2025-08-03 12:00:00+00:00,1,0.0,0.0,0.0,0.0,0.0,0,0,0
2025-08-03 16:00:00+00:00,1,0.0,0.0,0.0,0.0,0.0,0,0,0
2025-08-03 20:00:00+00:00,1,0.0,0.0,0.0,0.0,0.0,0,0,0
2025-08-04 00:00:00+00:00,1,0.0,0.0,0.0,0.0,0.0,0,0,0
2025-08-04 04:00:00+00:00,1,0.0,0.0,0.0,0.0,0.0,0,0,0
2025-08-04 08:00:00+00:00,1,0.0,0.0,0.0,0.0,0.0,0,0,0
2025-08-04 12:00:00+00:00,1,0.0,0.0,0.0,0.0,0.0,0,0,0
2025-08-04 16:00:00+00:00,1,0.0,0.0,0.0,0.0,0.0,0,0,0
2025-08-04 20:00:00+00:00,1,0.0,0.0,0.0,0.0,0.0,0,0,0
2025-08-05 00:00:00+00:00,1,0.0,0.0,0.0,0.0,0.0,0,0,0
2025-08-05 04:00:00+00:00,1,0.0,0.0,0.0,0.0,0.0,0,0,0
2025-08-05 08:00:00+00:00,1,0.0,0.0,0.0,0.0,0.0,0,0,0
2025-08-05 12:00:00+00:00,1,0.0,0.0,0.0,0.0,0.0,0,0,0
2025-08-05 16:00:00+00:00,1,0.0,0.0,0.0,0.0,0.0,0,0,0
2025-08-05 20:00:00+00:00,1,0.0,0.0,0.0,0.0,0.0,0,0,0
2025-08-06 00:00:00+00:00,1,0.0,0.0,0.0,0.0,0.0,0,0,0
2025-08-06 04:00:00+00:00,1,0.0,0.0,0.0,0.0,0.0,0,0,0
2025-08-06 08:00:00+00:00,1,0.0,0.0,0.0,0.0,0.0,0,0,0
2025-08-06 12:00:00+00:00,1,0.0,0.0,0.0,0.0,0.0,0,0,0
2025-08-06 16:00:00+00:00,1,0.0,0.0,0.0,0.0,0.0,0,0,0
2025-08-06 20:00:00+00:00,1,0.0,0.0,0.0,0.0,0.0,0,0,0
2025-08-07 00:00:00+00:00,1,0.0,0.0,0.0,0.0,0.0,0,0,0
2025-08-07 04:00:00+00:00,1,0.0,0.0,0.0,0.0,0.0,0,0,0
2025-08-07 08:00:00+00:00,1,0.0,0.0,0.0,0.0,0.0,0,0,0
2025-08-07 12:00:00+00:00,1,0.0,0.0,0.0,0.0,0.0,0,0,0
2025-08-07 16:00:00+00:00,1,0.0,0.0,0.0,0.0,0.0,0,0,0
2025-08-07 20:00:00+00:00,1,0.0,0.0,0.0,0.0,0.0,0,0,0
2025-08-08 00:00:00+00:00,1,0.0,0.0,0.0,0.0,0.0,0,0,0
2025-08-08 04:00:00+00:00,1,0.0,0.0,0.0,0.0,0.0,0,0,0
2025-08-08 08:00:00+00:00,1,0.0,0.0,0.0,0.0,0.0,0,0,0
2025-08-08 12:00:00+00:00,1,0.0,0.0,0.0,0.0,0.0,0,0,0
2025-08-08 16:00:00+00:00,1,0.0,0.0,0.0,0.0,0.0,0,0,0
2025-08-08 20:00:00+00:00,1,0.0,0.0,0.0,0.0,0.0,0,0,0
2025-08-09 00:00:00+00:00,1,0.0,0.0,0.0,0.0,0.0,0,0,0
2025-08-09 04:00:00+00:00,1,0.0,0.75,-0.75,0.3333333333333333,0.3333333333333333,2,1,3
2025-08-09 08:00:00+00:00,1,-17.641408709502194,0.75,-18.391408709502194,0.3333333333333333,0.6666666666666666,2,1,3
2025-08-09 12:00:00+00:00,1,-2.0570948889066223,0.7500000000000001,-2.8070948889066223,0.33333333333333337,1.0,2,1,3
2025-08-09 16:00:00+00:00,1,-55.615472210380375,0.7499999999999998,-56.365472210380375,0.33333333333333326,1.3333333333333333,2,1,3
2025-08-09 20:00:00+00:00,1,101.68761518717129,0.7499999999999998,100.93761518717129,0.33333333333333326,1.6666666666666665,2,1,3
2025-08-10 00:00:00+00:00,1,2.7647877518788277,0.7499999999999998,2.0147877518788277,0.33333333333333326,1.9999999999999998,2,1,3
2025-08-10 04:00:00+00:00,1,-193.43511616172484,0.7499999999999998,-194.18511616172484,0.33333333333333326,1.9999999999999998,3,1,4
2025-08-10 08:00:00+00:00,1,-252.95059429257046,0.7499999999999998,-253.70059429257046,0.33333333333333326,1.6666666666666665,3,1,4
2025-08-10 12:00:00+00:00,1,-443.60529039100766,0.7499999999999998,-444.35529039100766,0.33333333333333326,1.3333333333333333,3,1,4
2025-08-10 16:00:00+00:00,1,315.92897305007887,0.75,315.17897305007887,0.3333333333333333,1.0,3,1,4
2025-08-10 20:00:00+00:00,1,-209.31556877696474,0.7500000000000001,-210.06556877696474,0.33333333333333337,0.6666666666666666,3,1,4
2025-08-11 00:00:00+00:00,1,-29.171034678335158,0.75,-29.921034678335158,0.3333333333333333,0.3333333333333333,1,1,2
2025-08-11 04:00:00+00:00,1,-31.924958428056236,0.75,-32.674958428056236,0.3333333333333333,0.0,0,0,0
2025-08-11 08:00:00+00:00,1,0.0,0.0,0.0,0.0,0.0,0,0,0
2025-08-11 12:00:00+00:00,1,0.0,0.0,0.0,0.0,0.0,0,0,0
2025-08-11 16:00:00+00:00,1,0.0,0.0,0.0,0.0,0.0,0,0,0
2025-08-11 20:00:00+00:00,1,0.0,0.0,0.0,0.0,0.0,0,0,0
2025-08-12 00:00:00+00:00,1,0.0,0.0,0.0,0.0,0.0,0,0,0
2025-08-12 04:00:00+00:00,1,0.0,0.0,0.0,0.0,0.0,0,0,0
2025-08-12 08:00:00+00:00,1,0.0,0.0,0.0,0.0,0.0,0,0,0
2025-08-12 12:00:00+00:00,1,0.0,0.0,0.0,0.0,0.0,0,0,0
2025-08-12 16:00:00+00:00,1,0.0,0.0,0.0,0.0,0.0,0,0,0
2025-08-12 20:00:00+00:00,1,0.0,0.0,0.0,0.0,0.0,0,0,0
2025-08-13 00:00:00+00:00,1,0.0,0.0,0.0,0.0,0.0,0,0,0
2025-08-13 04:00:00+00:00,1,0.0,0.0,0.0,0.0,0.0,0,0,0
2025-08-13 08:00:00+00:00,1,0.0,0.0,0.0,0.0,0.0,0,0,0
2025-08-13 12:00:00+00:00,1,0.0,0.0,0.0,0.0,0.0,0,0,0
2025-08-13 16:00:00+00:00,1,0.0,0.0,0.0,0.0,0.0,0,0,0
2025-08-13 20:00:00+00:00,1,0.0,0.0,0.0,0.0,0.0,0,0,0
2025-08-14 00:00:00+00:00,1,0.0,0.0,0.0,0.0,0.0,0,0,0
2025-08-14 04:00:00+00:00,1,0.0,0.0,0.0,0.0,0.0,0,0,0
2025-08-14 08:00:00+00:00,1,0.0,0.0,0.0,0.0,0.0,0,0,0
2025-08-14 12:00:00+00:00,1,0.0,0.0,0.0,0.0,0.0,0,0,0
2025-08-14 16:00:00+00:00,1,0.0,0.0,0.0,0.0,0.0,0,0,0
2025-08-14 20:00:00+00:00,1,0.0,0.0,0.0,0.0,0.0,0,0,0
2025-08-15 00:00:00+00:00,1,0.0,0.0,0.0,0.0,0.0,0,0,0
2025-08-15 04:00:00+00:00,1,0.0,0.0,0.0,0.0,0.0,0,0,0
2025-08-15 08:00:00+00:00,1,0.0,0.0,0.0,0.0,0.0,0,0,0
2025-08-15 12:00:00+00:00,1,0.0,0.0,0.0,0.0,0.0,0,0,0
2025-08-15 16:00:00+00:00,1,0.0,0.0,0.0,0.0,0.0,0,0,0
2025-08-15 20:00:00+00:00,1,0.0,0.0,0.0,0.0,0.0,0,0,0
2025-08-16 00:00:00+00:00,1,0.0,0.0,0.0,0.0,0.0,0,0,0
2025-08-16 04:00:00+00:00,1,0.0,0.0,0.0,0.0,0.0,0,0,0
2025-08-16 08:00:00+00:00,1,0.0,0.0,0.0,0.0,0.0,0,0,0
2025-08-16 12:00:00+00:00,1,0.0,0.0,0.0,0.0,0.0,0,0,0
2025-08-16 16:00:00+00:00,1,0.0,0.0,0.0,0.0,0.0,0,0,0
2025-08-16 20:00:00+00:00,1,0.0,0.0,0.0,0.0,0.0,0,0,0
2025-08-17 00:00:00+00:00,1,0.0,0.75,-0.75,0.3333333333333333,0.3333333333333333,3,1,4
2025-08-17 04:00:00+00:00,1,60.02212935625863,0.75,59.27212935625863,0.3333333333333333,0.6666666666666666,3,1,4
2025-08-17 08:00:00+00:00,1,30.741399453378214,0.7500000000000001,29.991399453378214,0.33333333333333337,1.0,3,1,4
2025-08-17 12:00:00+00:00,1,107.58493328132322,0.7499999999999998,106.83493328132322,0.33333333333333326,1.3333333333333333,3,1,4
2025-08-17 16:00:00+00:00,1,-87.8761454642968,0.7500000000000001,-88.6261454642968,0.33333333333333337,1.6666666666666665,3,1,4
2025-08-17 20:00:00+00:00,1,-62.882569387455284,0.7499999999999998,-63.632569387455284,0.33333333333333326,2.0,3,1,4
2025-08-20 00:00:00+00:00,2,89.64957975457233,0.7500000000000001,88.89957975457233,0.33333333333333337,1.6666666666666665,3,1,4
2025-08-20 04:00:00+00:00,2,21.175469820276007,0.7499999999999998,20.425469820276007,0.33333333333333326,1.3333333333333333,3,1,4
2025-08-20 08:00:00+00:00,2,164.92089123704056,0.7500000000000001,164.17089123704056,0.33333333333333337,1.0,3,1,4
2025-08-20 12:00:00+00:00,2,21.759490173165133,0.7499999999999998,21.009490173165133,0.33333333333333326,0.6666666666666666,3,1,4
2025-08-20 16:00:00+00:00,2,30.90964189463124,0.7500000000000001,30.15964189463124,0.33333333333333337,0.3333333333333333,2,1,3
2025-08-20 20:00:00+00:00,2,5.778204878636617,0.75,5.028204878636617,0.3333333333333333,0.0,0,0,0
2025-08-21 00:00:00+00:00,2,0.0,0.0,0.0,0.0,0.0,0,0,0
2025-08-21 04:00:00+00:00,2,0.0,0.0,0.0,0.0,0.0,0,0,0
2025-08-21 08:00:00+00:00,2,0.0,0.0,0.0,0.0,0.0,0,0,0
2025-08-21 12:00:00+00:00,2,0.0,0.0,0.0,0.0,0.0,0,0,0
2025-08-21 16:00:00+00:00,2,0.0,0.0,0.0,0.0,0.0,0,0,0
2025-08-21 20:00:00+00:00,2,0.0,0.0,0.0,0.0,0.0,0,0,0
2025-08-22 00:00:00+00:00,2,0.0,0.0,0.0,0.0,0.0,0,0,0
2025-08-22 04:00:00+00:00,2,0.0,0.0,0.0,0.0,0.0,0,0,0
2025-08-22 08:00:00+00:00,2,0.0,0.0,0.0,0.0,0.0,0,0,0
2025-08-22 12:00:00+00:00,2,0.0,0.0,0.0,0.0,0.0,0,0,0
2025-08-22 16:00:00+00:00,2,0.0,0.0,0.0,0.0,0.0,0,0,0
2025-08-22 20:00:00+00:00,2,0.0,0.0,0.0,0.0,0.0,0,0,0
2025-08-23 00:00:00+00:00,2,0.0,0.0,0.0,0.0,0.0,0,0,0
2025-08-23 04:00:00+00:00,2,0.0,0.0,0.0,0.0,0.0,0,0,0
2025-08-23 08:00:00+00:00,2,0.0,0.0,0.0,0.0,0.0,0,0,0
2025-08-23 12:00:00+00:00,2,0.0,0.0,0.0,0.0,0.0,0,0,0
2025-08-23 16:00:00+00:00,2,0.0,0.0,0.0,0.0,0.0,0,0,0
2025-08-23 20:00:00+00:00,2,0.0,0.0,0.0,0.0,0.0,0,0,0
2025-08-24 00:00:00+00:00,2,0.0,0.0,0.0,0.0,0.0,0,0,0
2025-08-24 04:00:00+00:00,2,0.0,0.0,0.0,0.0,0.0,0,0,0
2025-08-24 08:00:00+00:00,2,0.0,0.0,0.0,0.0,0.0,0,0,0
2025-08-24 12:00:00+00:00,2,0.0,0.0,0.0,0.0,0.0,0,0,0
2025-08-24 16:00:00+00:00,2,0.0,0.0,0.0,0.0,0.0,0,0,0
2025-08-24 20:00:00+00:00,2,0.0,0.0,0.0,0.0,0.0,0,0,0
2025-08-25 00:00:00+00:00,2,0.0,0.0,0.0,0.0,0.0,0,0,0
2025-08-25 04:00:00+00:00,2,0.0,0.0,0.0,0.0,0.0,0,0,0
2025-08-25 08:00:00+00:00,2,0.0,0.0,0.0,0.0,0.0,0,0,0
2025-08-25 12:00:00+00:00,2,0.0,0.0,0.0,0.0,0.0,0,0,0
2025-08-25 16:00:00+00:00,2,0.0,0.0,0.0,0.0,0.0,0,0,0
2025-08-25 20:00:00+00:00,2,0.0,0.0,0.0,0.0,0.0,0,0,0
2025-08-26 00:00:00+00:00,2,0.0,0.0,0.0,0.0,0.0,0,0,0
2025-08-26 04:00:00+00:00,2,0.0,0.0,0.0,0.0,0.0,0,0,0
2025-08-26 08:00:00+00:00,2,0.0,0.0,0.0,0.0,0.0,0,0,0
2025-08-26 12:00:00+00:00,2,0.0,0.0,0.0,0.0,0.0,0,0,0
2025-08-26 16:00:00+00:00,2,0.0,0.0,0.0,0.0,0.0,0,0,0
2025-08-26 20:00:00+00:00,2,0.0,0.0,0.0,0.0,0.0,0,0,0
2025-08-27 00:00:00+00:00,2,0.0,0.0,0.0,0.0,0.0,0,0,0
2025-08-27 04:00:00+00:00,2,0.0,0.0,0.0,0.0,0.0,0,0,0
2025-08-27 08:00:00+00:00,2,0.0,0.0,0.0,0.0,0.0,0,0,0
2025-08-27 12:00:00+00:00,2,0.0,0.0,0.0,0.0,0.0,0,0,0
2025-08-27 16:00:00+00:00,2,0.0,0.0,0.0,0.0,0.0,0,0,0
2025-08-27 20:00:00+00:00,2,0.0,0.0,0.0,0.0,0.0,0,0,0
2025-08-28 00:00:00+00:00,2,0.0,0.0,0.0,0.0,0.0,0,0,0
2025-08-28 04:00:00+00:00,2,0.0,0.0,0.0,0.0,0.0,0,0,0
2025-08-28 08:00:00+00:00,2,0.0,0.0,0.0,0.0,0.0,0,0,0
2025-08-28 12:00:00+00:00,2,0.0,0.0,0.0,0.0,0.0,0,0,0
2025-08-28 16:00:00+00:00,2,0.0,0.0,0.0,0.0,0.0,0,0,0
2025-08-28 20:00:00+00:00,2,0.0,0.0,0.0,0.0,0.0,0,0,0
2025-08-29 00:00:00+00:00,2,0.0,0.0,0.0,0.0,0.0,0,0,0
2025-08-29 04:00:00+00:00,2,0.0,0.0,0.0,0.0,0.0,0,0,0
2025-08-29 08:00:00+00:00,2,0.0,0.0,0.0,0.0,0.0,0,0,0
2025-08-29 12:00:00+00:00,2,0.0,0.0,0.0,0.0,0.0,0,0,0
2025-08-29 16:00:00+00:00,2,0.0,0.0,0.0,0.0,0.0,0,0,0
2025-08-29 20:00:00+00:00,2,0.0,0.0,0.0,0.0,0.0,0,0,0
2025-08-30 00:00:00+00:00,2,0.0,0.0,0.0,0.0,0.0,0,0,0
2025-08-30 04:00:00+00:00,2,0.0,0.0,0.0,0.0,0.0,0,0,0
2025-08-30 08:00:00+00:00,2,0.0,0.0,0.0,0.0,0.0,0,0,0
2025-08-30 12:00:00+00:00,2,0.0,0.0,0.0,0.0,0.0,0,0,0
2025-08-30 16:00:00+00:00,2,0.0,0.0,0.0,0.0,0.0,0,0,0
2025-08-30 20:00:00+00:00,2,0.0,0.0,0.0,0.0,0.0,0,0,0
2025-08-31 00:00:00+00:00,2,0.0,0.0,0.0,0.0,0.0,0,0,0
2025-08-31 04:00:00+00:00,2,0.0,0.0,0.0,0.0,0.0,0,0,0
2025-08-31 08:00:00+00:00,2,0.0,0.0,0.0,0.0,0.0,0,0,0
2025-08-31 12:00:00+00:00,2,0.0,0.0,0.0,0.0,0.0,0,0,0
2025-08-31 16:00:00+00:00,2,0.0,0.0,0.0,0.0,0.0,0,0,0
2025-08-31 20:00:00+00:00,2,0.0,0.0,0.0,0.0,0.0,0,0,0
2025-09-01 00:00:00+00:00,2,0.0,0.0,0.0,0.0,0.0,0,0,0
2025-09-01 04:00:00+00:00,2,0.0,0.0,0.0,0.0,0.0,0,0,0
2025-09-01 08:00:00+00:00,2,0.0,0.0,0.0,0.0,0.0,0,0,0
2025-09-01 12:00:00+00:00,2,0.0,0.0,0.0,0.0,0.0,0,0,0
2025-09-01 16:00:00+00:00,2,0.0,0.0,0.0,0.0,0.0,0,0,0
2025-09-01 20:00:00+00:00,2,0.0,0.0,0.0,0.0,0.0,0,0,0
2025-09-02 00:00:00+00:00,2,0.0,0.0,0.0,0.0,0.0,0,0,0
2025-09-02 04:00:00+00:00,2,0.0,0.0,0.0,0.0,0.0,0,0,0
2025-09-02 08:00:00+00:00,2,0.0,0.0,0.0,0.0,0.0,0,0,0
2025-09-02 12:00:00+00:00,2,0.0,0.0,0.0,0.0,0.0,0,0,0
2025-09-02 16:00:00+00:00,2,0.0,0.0,0.0,0.0,0.0,0,0,0
2025-09-02 20:00:00+00:00,2,0.0,0.0,0.0,0.0,0.0,0,0,0
2025-09-03 00:00:00+00:00,2,0.0,0.0,0.0,0.0,0.0,0,0,0
2025-09-03 04:00:00+00:00,2,0.0,0.0,0.0,0.0,0.0,0,0,0
2025-09-03 08:00:00+00:00,2,0.0,0.0,0.0,0.0,0.0,0,0,0
2025-09-03 12:00:00+00:00,2,0.0,0.0,0.0,0.0,0.0,0,0,0
2025-09-03 16:00:00+00:00,2,0.0,0.0,0.0,0.0,0.0,0,0,0
2025-09-03 20:00:00+00:00,2,0.0,0.0,0.0,0.0,0.0,0,0,0
2025-09-04 00:00:00+00:00,2,0.0,0.0,0.0,0.0,0.0,0,0,0
2025-09-04 04:00:00+00:00,2,0.0,0.0,0.0,0.0,0.0,0,0,0
2025-09-04 08:00:00+00:00,2,0.0,0.0,0.0,0.0,0.0,0,0,0
2025-09-04 12:00:00+00:00,2,0.0,0.0,0.0,0.0,0.0,0,0,0
2025-09-04 16:00:00+00:00,2,0.0,0.0,0.0,0.0,0.0,0,0,0
2025-09-04 20:00:00+00:00,2,0.0,0.0,0.0,0.0,0.0,0,0,0
2025-09-05 00:00:00+00:00,2,0.0,0.0,0.0,0.0,0.0,0,0,0
2025-09-05 04:00:00+00:00,2,0.0,0.0,0.0,0.0,0.0,0,0,0
2025-09-05 08:00:00+00:00,2,0.0,0.0,0.0,0.0,0.0,0,0,0
2025-09-05 12:00:00+00:00,2,0.0,0.0,0.0,0.0,0.0,0,0,0
2025-09-05 16:00:00+00:00,2,0.0,0.0,0.0,0.0,0.0,0,0,0
2025-09-05 20:00:00+00:00,2,0.0,0.0,0.0,0.0,0.0,0,0,0
2025-09-06 00:00:00+00:00,2,0.0,0.0,0.0,0.0,0.0,0,0,0
2025-09-06 04:00:00+00:00,2,0.0,0.0,0.0,0.0,0.0,0,0,0
2025-09-06 08:00:00+00:00,2,0.0,0.0,0.0,0.0,0.0,0,0,0
2025-09-06 12:00:00+00:00,2,0.0,0.0,0.0,0.0,0.0,0,0,0
2025-09-06 16:00:00+00:00,2,0.0,0.0,0.0,0.0,0.0,0,0,0
2025-09-06 20:00:00+00:00,2,0.0,0.0,0.0,0.0,0.0,0,0,0
2025-09-07 00:00:00+00:00,2,0.0,0.0,0.0,0.0,0.0,0,0,0
2025-09-07 04:00:00+00:00,2,0.0,0.0,0.0,0.0,0.0,0,0,0
2025-09-07 08:00:00+00:00,2,0.0,0.0,0.0,0.0,0.0,0,0,0
2025-09-07 12:00:00+00:00,2,0.0,0.0,0.0,0.0,0.0,0,0,0
2025-09-07 16:00:00+00:00,2,0.0,0.0,0.0,0.0,0.0,0,0,0
2025-09-07 20:00:00+00:00,2,0.0,0.0,0.0,0.0,0.0,0,0,0
2025-09-08 00:00:00+00:00,2,0.0,0.0,0.0,0.0,0.0,0,0,0
2025-09-08 04:00:00+00:00,2,0.0,0.0,0.0,0.0,0.0,0,0,0
2025-09-08 08:00:00+00:00,2,0.0,0.0,0.0,0.0,0.0,0,0,0
2025-09-08 12:00:00+00:00,2,0.0,0.0,0.0,0.0,0.0,0,0,0
2025-09-08 16:00:00+00:00,2,0.0,0.0,0.0,0.0,0.0,0,0,0
2025-09-08 20:00:00+00:00,2,0.0,0.0,0.0,0.0,0.0,0,0,0
2025-09-09 00:00:00+00:00,2,0.0,0.0,0.0,0.0,0.0,0,0,0
2025-09-09 04:00:00+00:00,2,0.0,0.0,0.0,0.0,0.0,0,0,0
2025-09-09 08:00:00+00:00,2,0.0,0.0,0.0,0.0,0.0,0,0,0
2025-09-09 12:00:00+00:00,2,0.0,0.0,0.0,0.0,0.0,0,0,0
2025-09-09 16:00:00+00:00,2,0.0,0.0,0.0,0.0,0.0,0,0,0
2025-09-09 20:00:00+00:00,2,0.0,0.0,0.0,0.0,0.0,0,0,0
2025-09-10 00:00:00+00:00,2,0.0,0.0,0.0,0.0,0.0,0,0,0
2025-09-10 04:00:00+00:00,2,0.0,0.0,0.0,0.0,0.0,0,0,0
2025-09-10 08:00:00+00:00,2,0.0,0.0,0.0,0.0,0.0,0,0,0
2025-09-10 12:00:00+00:00,2,0.0,0.0,0.0,0.0,0.0,0,0,0
2025-09-10 16:00:00+00:00,2,0.0,0.0,0.0,0.0,0.0,0,0,0
2025-09-10 20:00:00+00:00,2,0.0,0.0,0.0,0.0,0.0,0,0,0
2025-09-11 00:00:00+00:00,2,0.0,0.0,0.0,0.0,0.0,0,0,0
2025-09-11 04:00:00+00:00,2,0.0,0.0,0.0,0.0,0.0,0,0,0
2025-09-11 08:00:00+00:00,2,0.0,0.0,0.0,0.0,0.0,0,0,0
2025-09-11 12:00:00+00:00,2,0.0,0.0,0.0,0.0,0.0,0,0,0
2025-09-11 16:00:00+00:00,2,0.0,0.0,0.0,0.0,0.0,0,0,0
2025-09-11 20:00:00+00:00,2,0.0,0.0,0.0,0.0,0.0,0,0,0
2025-09-12 00:00:00+00:00,2,0.0,0.0,0.0,0.0,0.0,0,0,0
2025-09-12 04:00:00+00:00,2,0.0,0.0,0.0,0.0,0.0,0,0,0
2025-09-12 08:00:00+00:00,2,0.0,0.0,0.0,0.0,0.0,0,0,0
2025-09-12 12:00:00+00:00,2,0.0,0.0,0.0,0.0,0.0,0,0,0
2025-09-12 16:00:00+00:00,2,0.0,0.0,0.0,0.0,0.0,0,0,0
2025-09-12 20:00:00+00:00,2,0.0,0.0,0.0,0.0,0.0,0,0,0
2025-09-13 00:00:00+00:00,2,0.0,0.0,0.0,0.0,0.0,0,0,0
2025-09-13 04:00:00+00:00,2,0.0,0.0,0.0,0.0,0.0,0,0,0
2025-09-13 08:00:00+00:00,2,0.0,0.0,0.0,0.0,0.0,0,0,0
2025-09-13 12:00:00+00:00,2,0.0,0.0,0.0,0.0,0.0,0,0,0
2025-09-13 16:00:00+00:00,2,0.0,0.0,0.0,0.0,0.0,0,0,0
2025-09-13 20:00:00+00:00,2,0.0,0.0,0.0,0.0,0.0,0,0,0
2025-09-14 00:00:00+00:00,2,0.0,0.0,0.0,0.0,0.0,0,0,0
2025-09-14 04:00:00+00:00,2,0.0,0.0,0.0,0.0,0.0,0,0,0
2025-09-14 08:00:00+00:00,2,0.0,0.0,0.0,0.0,0.0,0,0,0
2025-09-14 12:00:00+00:00,2,0.0,0.0,0.0,0.0,0.0,0,0,0
2025-09-14 16:00:00+00:00,2,0.0,0.0,0.0,0.0,0.0,0,0,0
2025-09-14 20:00:00+00:00,2,0.0,0.0,0.0,0.0,0.0,0,0,0
2025-09-15 00:00:00+00:00,2,0.0,0.0,0.0,0.0,0.0,0,0,0
2025-09-15 04:00:00+00:00,2,0.0,0.0,0.0,0.0,0.0,0,0,0
2025-09-15 08:00:00+00:00,2,0.0,0.0,0.0,0.0,0.0,0,0,0
2025-09-15 12:00:00+00:00,2,0.0,0.0,0.0,0.0,0.0,0,0,0
2025-09-15 16:00:00+00:00,2,0.0,0.0,0.0,0.0,0.0,0,0,0
2025-09-15 20:00:00+00:00,2,0.0,0.0,0.0,0.0,0.0,0,0,0
2025-09-16 00:00:00+00:00,2,0.0,0.0,0.0,0.0,0.0,0,0,0
2025-09-16 04:00:00+00:00,2,0.0,0.0,0.0,0.0,0.0,0,0,0
2025-09-16 08:00:00+00:00,2,0.0,0.0,0.0,0.0,0.0,0,0,0
2025-09-16 12:00:00+00:00,2,0.0,0.0,0.0,0.0,0.0,0,0,0
2025-09-16 16:00:00+00:00,2,0.0,0.0,0.0,0.0,0.0,0,0,0
2025-09-16 20:00:00+00:00,2,0.0,0.0,0.0,0.0,0.0,0,0,0
2025-09-17 00:00:00+00:00,2,0.0,0.0,0.0,0.0,0.0,0,0,0
2025-09-17 04:00:00+00:00,2,0.0,0.0,0.0,0.0,0.0,0,0,0
2025-09-17 08:00:00+00:00,2,0.0,0.0,0.0,0.0,0.0,0,0,0
2025-09-17 12:00:00+00:00,2,0.0,0.0,0.0,0.0,0.0,0,0,0
2025-09-17 16:00:00+00:00,2,0.0,0.0,0.0,0.0,0.0,0,0,0
2025-09-17 20:00:00+00:00,2,0.0,0.0,0.0,0.0,0.0,0,0,0
2025-09-18 00:00:00+00:00,2,0.0,0.0,0.0,0.0,0.0,0,0,0
2025-09-18 04:00:00+00:00,2,0.0,0.0,0.0,0.0,0.0,0,0,0
2025-09-18 08:00:00+00:00,2,0.0,0.0,0.0,0.0,0.0,0,0,0
2025-09-18 12:00:00+00:00,2,0.0,0.0,0.0,0.0,0.0,0,0,0
2025-09-18 16:00:00+00:00,2,0.0,0.0,0.0,0.0,0.0,0,0,0
2025-09-18 20:00:00+00:00,2,0.0,0.0,0.0,0.0,0.0,0,0,0
2025-09-21 00:00:00+00:00,3,0.0,0.0,0.0,0.0,0.0,0,0,0
2025-09-21 04:00:00+00:00,3,0.0,0.0,0.0,0.0,0.0,0,0,0
2025-09-21 08:00:00+00:00,3,0.0,0.0,0.0,0.0,0.0,0,0,0
2025-09-21 12:00:00+00:00,3,0.0,0.0,0.0,0.0,0.0,0,0,0
2025-09-21 16:00:00+00:00,3,0.0,0.0,0.0,0.0,0.0,0,0,0
2025-09-21 20:00:00+00:00,3,0.0,0.0,0.0,0.0,0.0,0,0,0
2025-09-22 00:00:00+00:00,3,0.0,0.0,0.0,0.0,0.0,0,0,0
2025-09-22 04:00:00+00:00,3,0.0,0.0,0.0,0.0,0.0,0,0,0
2025-09-22 08:00:00+00:00,3,0.0,0.0,0.0,0.0,0.0,0,0,0
2025-09-22 12:00:00+00:00,3,0.0,0.0,0.0,0.0,0.0,0,0,0
2025-09-22 16:00:00+00:00,3,0.0,0.0,0.0,0.0,0.0,0,0,0
2025-09-22 20:00:00+00:00,3,0.0,0.0,0.0,0.0,0.0,0,0,0
2025-09-23 00:00:00+00:00,3,0.0,0.0,0.0,0.0,0.0,0,0,0
2025-09-23 04:00:00+00:00,3,0.0,0.0,0.0,0.0,0.0,0,0,0
2025-09-23 08:00:00+00:00,3,0.0,0.0,0.0,0.0,0.0,0,0,0
2025-09-23 12:00:00+00:00,3,0.0,0.0,0.0,0.0,0.0,0,0,0
2025-09-23 16:00:00+00:00,3,0.0,0.0,0.0,0.0,0.0,0,0,0
2025-09-23 20:00:00+00:00,3,0.0,0.0,0.0,0.0,0.0,0,0,0
2025-09-24 00:00:00+00:00,3,0.0,0.0,0.0,0.0,0.0,0,0,0
2025-09-24 04:00:00+00:00,3,0.0,0.0,0.0,0.0,0.0,0,0,0
2025-09-24 08:00:00+00:00,3,0.0,0.0,0.0,0.0,0.0,0,0,0
2025-09-24 12:00:00+00:00,3,0.0,0.0,0.0,0.0,0.0,0,0,0
2025-09-24 16:00:00+00:00,3,0.0,0.0,0.0,0.0,0.0,0,0,0
2025-09-24 20:00:00+00:00,3,0.0,0.0,0.0,0.0,0.0,0,0,0
2025-09-25 00:00:00+00:00,3,0.0,0.0,0.0,0.0,0.0,0,0,0
2025-09-25 04:00:00+00:00,3,0.0,0.0,0.0,0.0,0.0,0,0,0
2025-09-25 08:00:00+00:00,3,0.0,0.0,0.0,0.0,0.0,0,0,0
2025-09-25 12:00:00+00:00,3,0.0,0.0,0.0,0.0,0.0,0,0,0
2025-09-25 16:00:00+00:00,3,0.0,0.0,0.0,0.0,0.0,0,0,0
2025-09-25 20:00:00+00:00,3,0.0,0.0,0.0,0.0,0.0,0,0,0
2025-09-26 00:00:00+00:00,3,0.0,0.0,0.0,0.0,0.0,0,0,0
2025-09-26 04:00:00+00:00,3,0.0,0.0,0.0,0.0,0.0,0,0,0
2025-09-26 08:00:00+00:00,3,0.0,0.0,0.0,0.0,0.0,0,0,0
2025-09-26 12:00:00+00:00,3,0.0,0.0,0.0,0.0,0.0,0,0,0
2025-09-26 16:00:00+00:00,3,0.0,0.0,0.0,0.0,0.0,0,0,0
2025-09-26 20:00:00+00:00,3,0.0,0.0,0.0,0.0,0.0,0,0,0
2025-09-27 00:00:00+00:00,3,0.0,0.0,0.0,0.0,0.0,0,0,0
2025-09-27 04:00:00+00:00,3,0.0,0.0,0.0,0.0,0.0,0,0,0
2025-09-27 08:00:00+00:00,3,0.0,0.0,0.0,0.0,0.0,0,0,0
2025-09-27 12:00:00+00:00,3,0.0,0.0,0.0,0.0,0.0,0,0,0
2025-09-27 16:00:00+00:00,3,0.0,0.0,0.0,0.0,0.0,0,0,0
2025-09-27 20:00:00+00:00,3,0.0,0.0,0.0,0.0,0.0,0,0,0
2025-09-28 00:00:00+00:00,3,0.0,0.0,0.0,0.0,0.0,0,0,0
2025-09-28 04:00:00+00:00,3,0.0,0.0,0.0,0.0,0.0,0,0,0
2025-09-28 08:00:00+00:00,3,0.0,0.0,0.0,0.0,0.0,0,0,0
2025-09-28 12:00:00+00:00,3,0.0,0.0,0.0,0.0,0.0,0,0,0
2025-09-28 16:00:00+00:00,3,0.0,0.0,0.0,0.0,0.0,0,0,0
2025-09-28 20:00:00+00:00,3,0.0,0.0,0.0,0.0,0.0,0,0,0
2025-09-29 00:00:00+00:00,3,0.0,0.0,0.0,0.0,0.0,0,0,0
2025-09-29 04:00:00+00:00,3,0.0,0.0,0.0,0.0,0.0,0,0,0
2025-09-29 08:00:00+00:00,3,0.0,0.0,0.0,0.0,0.0,0,0,0
2025-09-29 12:00:00+00:00,3,0.0,0.0,0.0,0.0,0.0,0,0,0
2025-09-29 16:00:00+00:00,3,0.0,0.0,0.0,0.0,0.0,0,0,0
2025-09-29 20:00:00+00:00,3,0.0,0.0,0.0,0.0,0.0,0,0,0
2025-09-30 00:00:00+00:00,3,0.0,0.0,0.0,0.0,0.0,0,0,0
2025-09-30 04:00:00+00:00,3,0.0,0.0,0.0,0.0,0.0,0,0,0
2025-09-30 08:00:00+00:00,3,0.0,0.0,0.0,0.0,0.0,0,0,0
2025-09-30 12:00:00+00:00,3,0.0,0.0,0.0,0.0,0.0,0,0,0
2025-09-30 16:00:00+00:00,3,0.0,0.0,0.0,0.0,0.0,0,0,0
2025-09-30 20:00:00+00:00,3,0.0,0.0,0.0,0.0,0.0,0,0,0
2025-10-01 00:00:00+00:00,3,0.0,0.0,0.0,0.0,0.0,0,0,0
2025-10-01 04:00:00+00:00,3,0.0,0.0,0.0,0.0,0.0,0,0,0
2025-10-01 08:00:00+00:00,3,0.0,0.0,0.0,0.0,0.0,0,0,0
2025-10-01 12:00:00+00:00,3,0.0,0.0,0.0,0.0,0.0,0,0,0
2025-10-01 16:00:00+00:00,3,0.0,0.0,0.0,0.0,0.0,0,0,0
2025-10-01 20:00:00+00:00,3,0.0,0.0,0.0,0.0,0.0,0,0,0
2025-10-02 00:00:00+00:00,3,0.0,0.75,-0.75,0.3333333333333333,0.3333333333333333,1,1,2
2025-10-02 04:00:00+00:00,3,-267.9986961840433,0.0,-267.9986961840433,0.0,0.3333333333333333,1,1,2
2025-10-02 08:00:00+00:00,3,17.049721624667402,0.0,17.049721624667402,0.0,0.3333333333333333,1,1,2
2025-10-02 12:00:00+00:00,3,108.91027951464679,0.75,108.16027951464679,0.3333333333333333,0.6666666666666666,1,1,2
2025-10-02 16:00:00+00:00,3,23.704408137214948,0.0,23.704408137214948,0.0,0.6666666666666666,1,1,2
2025-10-02 20:00:00+00:00,3,-84.57251649737027,0.0,-84.57251649737027,0.0,0.6666666666666666,1,1,2
2025-10-03 00:00:00+00:00,3,136.15159303999235,0.75,135.40159303999235,0.3333333333333333,0.3333333333333333,1,1,2
2025-10-03 04:00:00+00:00,3,-160.66093950906583,0.0,-160.66093950906583,0.0,0.3333333333333333,1,1,2
2025-10-03 08:00:00+00:00,3,-69.41000397117169,0.0,-69.41000397117169,0.0,0.3333333333333333,1,1,2
2025-10-03 12:00:00+00:00,3,-55.28113429014299,0.75,-56.03113429014299,0.3333333333333333,0.0,0,0,0
2025-10-03 16:00:00+00:00,3,0.0,0.0,0.0,0.0,0.0,0,0,0
2025-10-03 20:00:00+00:00,3,0.0,0.75,-0.75,0.3333333333333333,0.3333333333333333,1,1,2
2025-10-04 00:00:00+00:00,3,-18.76967989270401,0.0,-18.76967989270401,0.0,0.3333333333333333,1,1,2
2025-10-04 04:00:00+00:00,3,-67.46979024452577,0.0,-67.46979024452577,0.0,0.3333333333333333,1,1,2
2025-10-04 08:00:00+00:00,3,-64.00120515554498,0.0,-64.00120515554498,0.0,0.3333333333333333,1,1,2
2025-10-04 12:00:00+00:00,3,-100.60511234581045,0.0,-100.60511234581045,0.0,0.3333333333333333,1,1,2
2025-10-04 16:00:00+00:00,3,-317.3871868514461,0.0,-317.3871868514461,0.0,0.3333333333333333,1,1,2
2025-10-04 20:00:00+00:00,3,108.27252044929803,0.75,107.52252044929803,0.3333333333333333,0.0,0,0,0
2025-10-05 00:00:00+00:00,3,0.0,0.0,0.0,0.0,0.0,0,0,0
2025-10-05 04:00:00+00:00,3,0.0,0.0,0.0,0.0,0.0,0,0,0
2025-10-05 08:00:00+00:00,3,0.0,0.0,0.0,0.0,0.0,0,0,0
2025-10-05 12:00:00+00:00,3,0.0,0.0,0.0,0.0,0.0,0,0,0
2025-10-05 16:00:00+00:00,3,0.0,0.0,0.0,0.0,0.0,0,0,0
2025-10-05 20:00:00+00:00,3,0.0,0.0,0.0,0.0,0.0,0,0,0
2025-10-06 00:00:00+00:00,3,0.0,0.0,0.0,0.0,0.0,0,0,0
2025-10-06 04:00:00+00:00,3,0.0,0.0,0.0,0.0,0.0,0,0,0
2025-10-06 08:00:00+00:00,3,0.0,0.0,0.0,0.0,0.0,0,0,0
2025-10-06 12:00:00+00:00,3,0.0,0.0,0.0,0.0,0.0,0,0,0
2025-10-06 16:00:00+00:00,3,0.0,0.0,0.0,0.0,0.0,0,0,0
2025-10-06 20:00:00+00:00,3,0.0,0.0,0.0,0.0,0.0,0,0,0
2025-10-07 00:00:00+00:00,3,0.0,0.0,0.0,0.0,0.0,0,0,0
2025-10-07 04:00:00+00:00,3,0.0,0.0,0.0,0.0,0.0,0,0,0
2025-10-07 08:00:00+00:00,3,0.0,0.0,0.0,0.0,0.0,0,0,0
2025-10-07 12:00:00+00:00,3,0.0,0.0,0.0,0.0,0.0,0,0,0
2025-10-07 16:00:00+00:00,3,0.0,0.0,0.0,0.0,0.0,0,0,0
2025-10-07 20:00:00+00:00,3,0.0,0.0,0.0,0.0,0.0,0,0,0
2025-10-08 00:00:00+00:00,3,0.0,0.0,0.0,0.0,0.0,0,0,0
2025-10-08 04:00:00+00:00,3,0.0,0.0,0.0,0.0,0.0,0,0,0
2025-10-08 08:00:00+00:00,3,0.0,0.0,0.0,0.0,0.0,0,0,0
2025-10-08 12:00:00+00:00,3,0.0,0.0,0.0,0.0,0.0,0,0,0
2025-10-08 16:00:00+00:00,3,0.0,0.0,0.0,0.0,0.0,0,0,0
2025-10-08 20:00:00+00:00,3,0.0,0.75,-0.75,0.3333333333333333,0.3333333333333333,1,1,2
2025-10-09 00:00:00+00:00,3,56.47503513224437,0.75,55.72503513224437,0.3333333333333333,0.6666666666666666,1,1,2
2025-10-09 04:00:00+00:00,3,-215.66604530619418,0.7500000000000001,-216.41604530619418,0.33333333333333337,1.0,1,1,2
2025-10-09 08:00:00+00:00,3,-527.4415204199443,0.0,-527.4415204199443,0.0,1.0,1,1,2
2025-10-09 12:00:00+00:00,3,39.28887853979632,0.0,39.28887853979632,0.0,1.0,1,1,2
2025-10-09 16:00:00+00:00,3,-497.37631677231246,0.0,-497.37631677231246,0.0,1.0,1,1,2
2025-10-09 20:00:00+00:00,3,-58.673942410142544,0.7500000000000001,-59.423942410142544,0.33333333333333337,0.6666666666666666,1,1,2
2025-10-10 00:00:00+00:00,3,-137.2758064885653,0.75,-138.0258064885653,0.3333333333333333,0.3333333333333333,1,1,2
2025-10-10 04:00:00+00:00,3,-44.69342326563873,0.75,-45.44342326563873,0.3333333333333333,0.0,0,0,0
2025-10-10 08:00:00+00:00,3,0.0,0.0,0.0,0.0,0.0,0,0,0
2025-10-10 12:00:00+00:00,3,0.0,0.0,0.0,0.0,0.0,0,0,0
2025-10-10 16:00:00+00:00,3,0.0,0.0,0.0,0.0,0.0,0,0,0
2025-10-10 20:00:00+00:00,3,0.0,0.0,0.0,0.0,0.0,0,0,0
2025-10-11 00:00:00+00:00,3,0.0,0.0,0.0,0.0,0.0,0,0,0
2025-10-11 04:00:00+00:00,3,0.0,0.75,-0.75,0.3333333333333333,0.3333333333333333,1,1,2
2025-10-11 08:00:00+00:00,3,60.42593905757663,0.75,59.67593905757663,0.3333333333333333,0.6666666666666666,1,1,2
2025-10-11 12:00:00+00:00,3,-8.512807043838308,0.7500000000000001,-9.262807043838308,0.33333333333333337,1.0,1,1,2
2025-10-11 16:00:00+00:00,3,-672.9122767613679,0.7499999999999998,-673.6622767613679,0.33333333333333326,1.3333333333333333,1,1,2
2025-10-11 20:00:00+00:00,3,-158.9866210626753,0.7499999999999998,-159.7366210626753,0.33333333333333326,1.6666666666666665,1,1,2
2025-10-12 00:00:00+00:00,3,700.9189121735585,0.0,700.9189121735585,0.0,1.6666666666666665,1,1,2
2025-10-12 04:00:00+00:00,3,-545.5167296167074,0.7499999999999998,-546.2667296167074,0.33333333333333326,1.3333333333333333,1,1,2
2025-10-12 08:00:00+00:00,3,327.3798480428161,0.0,327.3798480428161,0.0,1.3333333333333333,1,1,2
2025-10-12 12:00:00+00:00,3,1066.2974329557492,0.7499999999999998,1065.5474329557492,0.33333333333333326,1.0,1,1,2
2025-10-12 16:00:00+00:00,3,16.217771166897847,0.7500000000000001,15.467771166897847,0.33333333333333337,0.6666666666666666,1,1,2
2025-10-12 20:00:00+00:00,3,-110.61233022537694,0.75,-111.36233022537694,0.3333333333333333,0.3333333333333333,1,1,2
2025-10-13 00:00:00+00:00,3,-52.645473488791694,0.75,-53.395473488791694,0.3333333333333333,0.6666666666666666,2,1,3
2025-10-13 04:00:00+00:00,3,85.96224932970135,0.75,85.21224932970135,0.3333333333333333,1.0,2,1,3
2025-10-13 08:00:00+00:00,3,425.733434996998,0.375,425.358434996998,0.16666666666666666,1.0,2,1,3
2025-10-13 12:00:00+00:00,3,200.21170522792534,0.7499999999999998,199.46170522792534,0.33333333333333326,1.3333333333333333,2,1,3
2025-10-13 16:00:00+00:00,3,-419.54905801830137,0.7499999999999998,-420.29905801830137,0.33333333333333326,1.6666666666666665,2,1,3
2025-10-13 20:00:00+00:00,3,499.299169298681,0.7499999999999998,498.549169298681,0.33333333333333326,1.9999999999999998,2,1,3
2025-10-14 00:00:00+00:00,3,304.07713987351775,0.0,304.07713987351775,0.0,1.9999999999999998,2,1,3
2025-10-14 04:00:00+00:00,3,123.9556618860168,0.3749999999999999,123.5806618860168,0.16666666666666663,1.9999999999999998,2,1,3
2025-10-14 08:00:00+00:00,3,-85.88152834790054,0.7499999999999997,-86.63152834790054,0.3333333333333332,1.6666666666666665,2,1,3
2025-10-14 12:00:00+00:00,3,-964.3598778668938,0.75,-965.1098778668938,0.3333333333333333,1.3333333333333333,2,1,3
2025-10-14 16:00:00+00:00,3,640.875930726254,0.7499999999999998,640.125930726254,0.33333333333333326,1.0,2,1,3
2025-10-14 20:00:00+00:00,3,-250.49524143309807,0.75,-251.24524143309807,0.3333333333333333,0.6666666666666666,2,1,3
2025-10-15 00:00:00+00:00,3,16.06892162511523,0.75,15.31892162511523,0.3333333333333333,0.3333333333333333,1,1,2
2025-10-15 04:00:00+00:00,3,-85.06354026245549,0.75,-85.81354026245549,0.3333333333333333,0.0,0,0,0
2025-10-15 08:00:00+00:00,3,0.0,0.0,0.0,0.0,0.0,0,0,0
2025-10-15 12:00:00+00:00,3,0.0,0.75,-0.75,0.3333333333333333,0.3333333333333333,2,1,3
2025-10-15 16:00:00+00:00,3,76.22480829695665,0.0,76.22480829695665,0.0,0.3333333333333333,2,1,3
2025-10-15 20:00:00+00:00,3,88.06316639537147,0.0,88.06316639537147,0.0,0.3333333333333333,2,1,3
2025-10-16 00:00:00+00:00,3,-39.901737563564055,0.0,-39.901737563564055,0.0,0.3333333333333333,2,1,3
2025-10-16 04:00:00+00:00,3,-49.29979512404091,0.0,-49.29979512404091,0.0,0.3333333333333333,2,1,3
2025-10-16 08:00:00+00:00,3,33.28173996747938,0.0,33.28173996747938,0.0,0.3333333333333333,2,1,3
2025-10-16 12:00:00+00:00,3,119.18233399888567,0.75,118.43233399888567,0.3333333333333333,0.0,0,0,0
2025-10-16 16:00:00+00:00,3,0.0,0.0,0.0,0.0,0.0,0,0,0
2025-10-16 20:00:00+00:00,3,0.0,0.0,0.0,0.0,0.0,0,0,0
2025-10-17 00:00:00+00:00,3,0.0,0.0,0.0,0.0,0.0,0,0,0
2025-10-17 04:00:00+00:00,3,0.0,0.0,0.0,0.0,0.0,0,0,0
2025-10-17 08:00:00+00:00,3,0.0,0.0,0.0,0.0,0.0,0,0,0
2025-10-17 12:00:00+00:00,3,0.0,0.0,0.0,0.0,0.0,0,0,0
2025-10-17 16:00:00+00:00,3,0.0,0.0,0.0,0.0,0.0,0,0,0
2025-10-17 20:00:00+00:00,3,0.0,0.0,0.0,0.0,0.0,0,0,0
2025-10-18 00:00:00+00:00,3,0.0,0.0,0.0,0.0,0.0,0,0,0
2025-10-18 04:00:00+00:00,3,0.0,0.0,0.0,0.0,0.0,0,0,0
2025-10-18 08:00:00+00:00,3,0.0,0.0,0.0,0.0,0.0,0,0,0
2025-10-18 12:00:00+00:00,3,0.0,0.0,0.0,0.0,0.0,0,0,0
2025-10-18 16:00:00+00:00,3,0.0,0.0,0.0,0.0,0.0,0,0,0
2025-10-18 20:00:00+00:00,3,0.0,0.0,0.0,0.0,0.0,0,0,0
2025-10-19 00:00:00+00:00,3,0.0,0.0,0.0,0.0,0.0,0,0,0
2025-10-19 04:00:00+00:00,3,0.0,0.0,0.0,0.0,0.0,0,0,0
2025-10-19 08:00:00+00:00,3,0.0,0.0,0.0,0.0,0.0,0,0,0
2025-10-19 12:00:00+00:00,3,0.0,0.0,0.0,0.0,0.0,0,0,0
2025-10-19 16:00:00+00:00,3,0.0,0.0,0.0,0.0,0.0,0,0,0
2025-10-19 20:00:00+00:00,3,0.0,0.0,0.0,0.0,0.0,0,0,0
2025-10-20 00:00:00+00:00,3,0.0,0.0,0.0,0.0,0.0,0,0,0
2025-10-20 04:00:00+00:00,3,0.0,0.0,0.0,0.0,0.0,0,0,0
2025-10-20 08:00:00+00:00,3,0.0,0.0,0.0,0.0,0.0,0,0,0
2025-10-20 12:00:00+00:00,3,0.0,0.0,0.0,0.0,0.0,0,0,0
2025-10-20 16:00:00+00:00,3,0.0,0.0,0.0,0.0,0.0,0,0,0
2025-10-20 20:00:00+00:00,3,0.0,0.0,0.0,0.0,0.0,0,0,0
2025-10-23 00:00:00+00:00,4,0.0,0.0,0.0,0.0,0.0,0,0,0
2025-10-23 04:00:00+00:00,4,0.0,0.0,0.0,0.0,0.0,0,0,0
2025-10-23 08:00:00+00:00,4,0.0,0.0,0.0,0.0,0.0,0,0,0
2025-10-23 12:00:00+00:00,4,0.0,0.0,0.0,0.0,0.0,0,0,0
2025-10-23 16:00:00+00:00,4,0.0,0.0,0.0,0.0,0.0,0,0,0
2025-10-23 20:00:00+00:00,4,0.0,0.0,0.0,0.0,0.0,0,0,0
2025-10-24 00:00:00+00:00,4,0.0,0.0,0.0,0.0,0.0,0,0,0
2025-10-24 04:00:00+00:00,4,0.0,0.0,0.0,0.0,0.0,0,0,0
2025-10-24 08:00:00+00:00,4,0.0,0.0,0.0,0.0,0.0,0,0,0
2025-10-24 12:00:00+00:00,4,0.0,0.0,0.0,0.0,0.0,0,0,0
2025-10-24 16:00:00+00:00,4,0.0,0.0,0.0,0.0,0.0,0,0,0
2025-10-24 20:00:00+00:00,4,0.0,0.0,0.0,0.0,0.0,0,0,0
2025-10-25 00:00:00+00:00,4,0.0,0.0,0.0,0.0,0.0,0,0,0
2025-10-25 04:00:00+00:00,4,0.0,0.0,0.0,0.0,0.0,0,0,0
2025-10-25 08:00:00+00:00,4,0.0,0.0,0.0,0.0,0.0,0,0,0
2025-10-25 12:00:00+00:00,4,0.0,0.0,0.0,0.0,0.0,0,0,0
2025-10-25 16:00:00+00:00,4,0.0,0.0,0.0,0.0,0.0,0,0,0
2025-10-25 20:00:00+00:00,4,0.0,0.0,0.0,0.0,0.0,0,0,0
2025-10-26 00:00:00+00:00,4,0.0,0.0,0.0,0.0,0.0,0,0,0
2025-10-26 04:00:00+00:00,4,0.0,0.0,0.0,0.0,0.0,0,0,0
2025-10-26 08:00:00+00:00,4,0.0,0.0,0.0,0.0,0.0,0,0,0
2025-10-26 12:00:00+00:00,4,0.0,0.0,0.0,0.0,0.0,0,0,0
2025-10-26 16:00:00+00:00,4,0.0,0.0,0.0,0.0,0.0,0,0,0
2025-10-26 20:00:00+00:00,4,0.0,0.0,0.0,0.0,0.0,0,0,0
2025-10-27 00:00:00+00:00,4,0.0,0.0,0.0,0.0,0.0,0,0,0
2025-10-27 04:00:00+00:00,4,0.0,0.0,0.0,0.0,0.0,0,0,0
2025-10-27 08:00:00+00:00,4,0.0,0.0,0.0,0.0,0.0,0,0,0
2025-10-27 12:00:00+00:00,4,0.0,0.0,0.0,0.0,0.0,0,0,0
2025-10-27 16:00:00+00:00,4,0.0,0.0,0.0,0.0,0.0,0,0,0
2025-10-27 20:00:00+00:00,4,0.0,0.0,0.0,0.0,0.0,0,0,0
2025-10-28 00:00:00+00:00,4,0.0,0.0,0.0,0.0,0.0,0,0,0
2025-10-28 04:00:00+00:00,4,0.0,0.0,0.0,0.0,0.0,0,0,0
2025-10-28 08:00:00+00:00,4,0.0,0.0,0.0,0.0,0.0,0,0,0
2025-10-28 12:00:00+00:00,4,0.0,0.0,0.0,0.0,0.0,0,0,0
2025-10-28 16:00:00+00:00,4,0.0,0.0,0.0,0.0,0.0,0,0,0
2025-10-28 20:00:00+00:00,4,0.0,0.75,-0.75,0.3333333333333333,0.3333333333333333,2,1,3
2025-10-29 00:00:00+00:00,4,13.588211887004002,0.0,13.588211887004002,0.0,0.3333333333333333,2,1,3
2025-10-29 04:00:00+00:00,4,56.60913874827177,0.0,56.60913874827177,0.0,0.3333333333333333,2,1,3
2025-10-29 08:00:00+00:00,4,-54.848907005895114,0.0,-54.848907005895114,0.0,0.3333333333333333,2,1,3
2025-10-29 12:00:00+00:00,4,4.864191876257838,0.0,4.864191876257838,0.0,0.3333333333333333,2,1,3
2025-10-29 16:00:00+00:00,4,-4.28716040080235,0.0,-4.28716040080235,0.0,0.3333333333333333,2,1,3
2025-10-29 20:00:00+00:00,4,-32.0342637805089,0.75,-32.7842637805089,0.3333333333333333,0.0,0,0,0
2025-10-30 00:00:00+00:00,4,0.0,0.0,0.0,0.0,0.0,0,0,0
2025-10-30 04:00:00+00:00,4,0.0,0.0,0.0,0.0,0.0,0,0,0
2025-10-30 08:00:00+00:00,4,0.0,0.0,0.0,0.0,0.0,0,0,0
2025-10-30 12:00:00+00:00,4,0.0,0.0,0.0,0.0,0.0,0,0,0
2025-10-30 16:00:00+00:00,4,0.0,0.0,0.0,0.0,0.0,0,0,0
2025-10-30 20:00:00+00:00,4,0.0,0.0,0.0,0.0,0.0,0,0,0
2025-10-31 00:00:00+00:00,4,0.0,0.0,0.0,0.0,0.0,0,0,0
2025-10-31 04:00:00+00:00,4,0.0,0.0,0.0,0.0,0.0,0,0,0
2025-10-31 08:00:00+00:00,4,0.0,0.0,0.0,0.0,0.0,0,0,0
2025-10-31 12:00:00+00:00,4,0.0,0.0,0.0,0.0,0.0,0,0,0
2025-10-31 16:00:00+00:00,4,0.0,0.0,0.0,0.0,0.0,0,0,0
2025-10-31 20:00:00+00:00,4,0.0,0.0,0.0,0.0,0.0,0,0,0
2025-11-01 00:00:00+00:00,4,0.0,0.0,0.0,0.0,0.0,0,0,0
2025-11-01 04:00:00+00:00,4,0.0,0.0,0.0,0.0,0.0,0,0,0
2025-11-01 08:00:00+00:00,4,0.0,0.0,0.0,0.0,0.0,0,0,0
2025-11-01 12:00:00+00:00,4,0.0,0.0,0.0,0.0,0.0,0,0,0
2025-11-01 16:00:00+00:00,4,0.0,0.0,0.0,0.0,0.0,0,0,0
2025-11-01 20:00:00+00:00,4,0.0,0.0,0.0,0.0,0.0,0,0,0
2025-11-02 00:00:00+00:00,4,0.0,0.0,0.0,0.0,0.0,0,0,0
2025-11-02 04:00:00+00:00,4,0.0,0.0,0.0,0.0,0.0,0,0,0
2025-11-02 08:00:00+00:00,4,0.0,0.0,0.0,0.0,0.0,0,0,0
2025-11-02 12:00:00+00:00,4,0.0,0.0,0.0,0.0,0.0,0,0,0
2025-11-02 16:00:00+00:00,4,0.0,0.0,0.0,0.0,0.0,0,0,0
2025-11-02 20:00:00+00:00,4,0.0,0.0,0.0,0.0,0.0,0,0,0
2025-11-03 00:00:00+00:00,4,0.0,0.0,0.0,0.0,0.0,0,0,0
2025-11-03 04:00:00+00:00,4,0.0,0.0,0.0,0.0,0.0,0,0,0
2025-11-03 08:00:00+00:00,4,0.0,0.0,0.0,0.0,0.0,0,0,0
2025-11-03 12:00:00+00:00,4,0.0,0.0,0.0,0.0,0.0,0,0,0
2025-11-03 16:00:00+00:00,4,0.0,0.0,0.0,0.0,0.0,0,0,0
2025-11-03 20:00:00+00:00,4,0.0,0.0,0.0,0.0,0.0,0,0,0
2025-11-04 00:00:00+00:00,4,0.0,0.0,0.0,0.0,0.0,0,0,0
2025-11-04 04:00:00+00:00,4,0.0,0.0,0.0,0.0,0.0,0,0,0
2025-11-04 08:00:00+00:00,4,0.0,0.0,0.0,0.0,0.0,0,0,0
2025-11-04 12:00:00+00:00,4,0.0,0.0,0.0,0.0,0.0,0,0,0
2025-11-04 16:00:00+00:00,4,0.0,0.0,0.0,0.0,0.0,0,0,0
2025-11-04 20:00:00+00:00,4,0.0,0.0,0.0,0.0,0.0,0,0,0
2025-11-05 00:00:00+00:00,4,0.0,0.0,0.0,0.0,0.0,0,0,0
2025-11-05 04:00:00+00:00,4,0.0,0.0,0.0,0.0,0.0,0,0,0
2025-11-05 08:00:00+00:00,4,0.0,0.0,0.0,0.0,0.0,0,0,0
2025-11-05 12:00:00+00:00,4,0.0,0.0,0.0,0.0,0.0,0,0,0
2025-11-05 16:00:00+00:00,4,0.0,0.0,0.0,0.0,0.0,0,0,0
2025-11-05 20:00:00+00:00,4,0.0,0.0,0.0,0.0,0.0,0,0,0
2025-11-06 00:00:00+00:00,4,0.0,0.0,0.0,0.0,0.0,0,0,0
2025-11-06 04:00:00+00:00,4,0.0,0.0,0.0,0.0,0.0,0,0,0
2025-11-06 08:00:00+00:00,4,0.0,0.0,0.0,0.0,0.0,0,0,0
2025-11-06 12:00:00+00:00,4,0.0,0.0,0.0,0.0,0.0,0,0,0
2025-11-06 16:00:00+00:00,4,0.0,0.0,0.0,0.0,0.0,0,0,0
2025-11-06 20:00:00+00:00,4,0.0,0.0,0.0,0.0,0.0,0,0,0
2025-11-07 00:00:00+00:00,4,0.0,0.0,0.0,0.0,0.0,0,0,0
2025-11-07 04:00:00+00:00,4,0.0,0.0,0.0,0.0,0.0,0,0,0
2025-11-07 08:00:00+00:00,4,0.0,0.0,0.0,0.0,0.0,0,0,0
2025-11-07 12:00:00+00:00,4,0.0,0.0,0.0,0.0,0.0,0,0,0
2025-11-07 16:00:00+00:00,4,0.0,0.0,0.0,0.0,0.0,0,0,0
2025-11-07 20:00:00+00:00,4,0.0,0.0,0.0,0.0,0.0,0,0,0
2025-11-08 00:00:00+00:00,4,0.0,0.0,0.0,0.0,0.0,0,0,0
2025-11-08 04:00:00+00:00,4,0.0,0.0,0.0,0.0,0.0,0,0,0
2025-11-08 08:00:00+00:00,4,0.0,0.0,0.0,0.0,0.0,0,0,0
2025-11-08 12:00:00+00:00,4,0.0,0.0,0.0,0.0,0.0,0,0,0
2025-11-08 16:00:00+00:00,4,0.0,0.0,0.0,0.0,0.0,0,0,0
2025-11-08 20:00:00+00:00,4,0.0,0.0,0.0,0.0,0.0,0,0,0
2025-11-09 00:00:00+00:00,4,0.0,0.0,0.0,0.0,0.0,0,0,0
2025-11-09 04:00:00+00:00,4,0.0,0.0,0.0,0.0,0.0,0,0,0
2025-11-09 08:00:00+00:00,4,0.0,0.0,0.0,0.0,0.0,0,0,0
2025-11-09 12:00:00+00:00,4,0.0,0.0,0.0,0.0,0.0,0,0,0
2025-11-09 16:00:00+00:00,4,0.0,0.0,0.0,0.0,0.0,0,0,0
2025-11-09 20:00:00+00:00,4,0.0,0.0,0.0,0.0,0.0,0,0,0
2025-11-10 00:00:00+00:00,4,0.0,0.0,0.0,0.0,0.0,0,0,0
2025-11-10 04:00:00+00:00,4,0.0,0.0,0.0,0.0,0.0,0,0,0
2025-11-10 08:00:00+00:00,4,0.0,0.0,0.0,0.0,0.0,0,0,0
2025-11-10 12:00:00+00:00,4,0.0,0.0,0.0,0.0,0.0,0,0,0
2025-11-10 16:00:00+00:00,4,0.0,0.0,0.0,0.0,0.0,0,0,0
2025-11-10 20:00:00+00:00,4,0.0,0.0,0.0,0.0,0.0,0,0,0
2025-11-11 00:00:00+00:00,4,0.0,0.0,0.0,0.0,0.0,0,0,0
2025-11-11 04:00:00+00:00,4,0.0,0.0,0.0,0.0,0.0,0,0,0
2025-11-11 08:00:00+00:00,4,0.0,0.0,0.0,0.0,0.0,0,0,0
2025-11-11 12:00:00+00:00,4,0.0,0.0,0.0,0.0,0.0,0,0,0
2025-11-11 16:00:00+00:00,4,0.0,0.0,0.0,0.0,0.0,0,0,0
2025-11-11 20:00:00+00:00,4,0.0,0.0,0.0,0.0,0.0,0,0,0
2025-11-12 00:00:00+00:00,4,0.0,0.0,0.0,0.0,0.0,0,0,0
2025-11-12 04:00:00+00:00,4,0.0,0.0,0.0,0.0,0.0,0,0,0
2025-11-12 08:00:00+00:00,4,0.0,0.0,0.0,0.0,0.0,0,0,0
2025-11-12 12:00:00+00:00,4,0.0,0.0,0.0,0.0,0.0,0,0,0
2025-11-12 16:00:00+00:00,4,0.0,0.0,0.0,0.0,0.0,0,0,0
2025-11-12 20:00:00+00:00,4,0.0,0.0,0.0,0.0,0.0,0,0,0
2025-11-13 00:00:00+00:00,4,0.0,0.0,0.0,0.0,0.0,0,0,0
2025-11-13 04:00:00+00:00,4,0.0,0.0,0.0,0.0,0.0,0,0,0
2025-11-13 08:00:00+00:00,4,0.0,0.0,0.0,0.0,0.0,0,0,0
2025-11-13 12:00:00+00:00,4,0.0,0.0,0.0,0.0,0.0,0,0,0
2025-11-13 16:00:00+00:00,4,0.0,0.0,0.0,0.0,0.0,0,0,0
2025-11-13 20:00:00+00:00,4,0.0,0.0,0.0,0.0,0.0,0,0,0
2025-11-14 00:00:00+00:00,4,0.0,0.0,0.0,0.0,0.0,0,0,0
2025-11-14 04:00:00+00:00,4,0.0,0.0,0.0,0.0,0.0,0,0,0
2025-11-14 08:00:00+00:00,4,0.0,0.0,0.0,0.0,0.0,0,0,0
2025-11-14 12:00:00+00:00,4,0.0,0.0,0.0,0.0,0.0,0,0,0
2025-11-14 16:00:00+00:00,4,0.0,0.0,0.0,0.0,0.0,0,0,0
2025-11-14 20:00:00+00:00,4,0.0,0.0,0.0,0.0,0.0,0,0,0
2025-11-15 00:00:00+00:00,4,0.0,0.0,0.0,0.0,0.0,0,0,0
2025-11-15 04:00:00+00:00,4,0.0,0.0,0.0,0.0,0.0,0,0,0
2025-11-15 08:00:00+00:00,4,0.0,0.0,0.0,0.0,0.0,0,0,0
2025-11-15 12:00:00+00:00,4,0.0,0.0,0.0,0.0,0.0,0,0,0
2025-11-15 16:00:00+00:00,4,0.0,0.0,0.0,0.0,0.0,0,0,0
2025-11-15 20:00:00+00:00,4,0.0,0.0,0.0,0.0,0.0,0,0,0
2025-11-16 00:00:00+00:00,4,0.0,0.75,-0.75,0.3333333333333333,0.3333333333333333,1,1,2
2025-11-16 04:00:00+00:00,4,91.64353505277336,0.0,91.64353505277336,0.0,0.3333333333333333,1,1,2
2025-11-16 08:00:00+00:00,4,-97.63391853501207,0.0,-97.63391853501207,0.0,0.3333333333333333,1,1,2
2025-11-16 12:00:00+00:00,4,-42.273680752806285,0.0,-42.273680752806285,0.0,0.3333333333333333,1,1,2
2025-11-16 16:00:00+00:00,4,12.36058102125055,0.0,12.36058102125055,0.0,0.3333333333333333,1,1,2
2025-11-16 20:00:00+00:00,4,60.949366868511774,0.0,60.949366868511774,0.0,0.3333333333333333,1,1,2
2025-11-17 00:00:00+00:00,4,56.38187474274136,0.75,55.63187474274136,0.3333333333333333,0.0,0,0,0
2025-11-17 04:00:00+00:00,4,0.0,0.0,0.0,0.0,0.0,0,0,0
2025-11-17 08:00:00+00:00,4,0.0,0.0,0.0,0.0,0.0,0,0,0
2025-11-17 12:00:00+00:00,4,0.0,0.75,-0.75,0.3333333333333333,0.3333333333333333,1,1,2
2025-11-17 16:00:00+00:00,4,40.67658831697859,0.0,40.67658831697859,0.0,0.3333333333333333,1,1,2
2025-11-17 20:00:00+00:00,4,85.46022614398288,0.0,85.46022614398288,0.0,0.3333333333333333,1,1,2
2025-11-18 00:00:00+00:00,4,145.38152203238698,0.0,145.38152203238698,0.0,0.3333333333333333,1,1,2
2025-11-18 04:00:00+00:00,4,-3.45732509580103,0.0,-3.45732509580103,0.0,0.3333333333333333,1,1,2
2025-11-18 08:00:00+00:00,4,-49.12415541613551,0.0,-49.12415541613551,0.0,0.3333333333333333,1,1,2
2025-11-18 12:00:00+00:00,4,69.90091569600582,0.75,69.15091569600582,0.3333333333333333,0.0,0,0,0
2025-11-18 16:00:00+00:00,4,0.0,0.0,0.0,0.0,0.0,0,0,0
2025-11-18 20:00:00+00:00,4,0.0,0.0,0.0,0.0,0.0,0,0,0
2025-11-19 00:00:00+00:00,4,0.0,0.0,0.0,0.0,0.0,0,0,0
2025-11-19 04:00:00+00:00,4,0.0,0.0,0.0,0.0,0.0,0,0,0
2025-11-19 08:00:00+00:00,4,0.0,0.0,0.0,0.0,0.0,0,0,0
2025-11-19 12:00:00+00:00,4,0.0,0.0,0.0,0.0,0.0,0,0,0
2025-11-19 16:00:00+00:00,4,0.0,0.0,0.0,0.0,0.0,0,0,0
2025-11-19 20:00:00+00:00,4,0.0,0.0,0.0,0.0,0.0,0,0,0
2025-11-20 00:00:00+00:00,4,0.0,0.0,0.0,0.0,0.0,0,0,0
2025-11-20 04:00:00+00:00,4,0.0,0.0,0.0,0.0,0.0,0,0,0
2025-11-20 08:00:00+00:00,4,0.0,0.0,0.0,0.0,0.0,0,0,0
2025-11-20 12:00:00+00:00,4,0.0,0.0,0.0,0.0,0.0,0,0,0
2025-11-20 16:00:00+00:00,4,0.0,0.0,0.0,0.0,0.0,0,0,0
2025-11-20 20:00:00+00:00,4,0.0,0.0,0.0,0.0,0.0,0,0,0
2025-11-21 00:00:00+00:00,4,0.0,0.0,0.0,0.0,0.0,0,0,0
2025-11-21 04:00:00+00:00,4,0.0,0.0,0.0,0.0,0.0,0,0,0
2025-11-21 08:00:00+00:00,4,0.0,0.0,0.0,0.0,0.0,0,0,0
2025-11-21 12:00:00+00:00,4,0.0,0.0,0.0,0.0,0.0,0,0,0
2025-11-21 16:00:00+00:00,4,0.0,0.0,0.0,0.0,0.0,0,0,0
2025-11-21 20:00:00+00:00,4,0.0,0.0,0.0,0.0,0.0,0,0,0
2025-11-24 00:00:00+00:00,5,0.0,0.0,0.0,0.0,0.0,0,0,0
2025-11-24 04:00:00+00:00,5,0.0,0.0,0.0,0.0,0.0,0,0,0
2025-11-24 08:00:00+00:00,5,0.0,0.0,0.0,0.0,0.0,0,0,0
2025-11-24 12:00:00+00:00,5,0.0,0.0,0.0,0.0,0.0,0,0,0
2025-11-24 16:00:00+00:00,5,0.0,0.0,0.0,0.0,0.0,0,0,0
2025-11-24 20:00:00+00:00,5,0.0,0.0,0.0,0.0,0.0,0,0,0
2025-11-25 00:00:00+00:00,5,0.0,0.0,0.0,0.0,0.0,0,0,0
2025-11-25 04:00:00+00:00,5,0.0,0.0,0.0,0.0,0.0,0,0,0
2025-11-25 08:00:00+00:00,5,0.0,0.0,0.0,0.0,0.0,0,0,0
2025-11-25 12:00:00+00:00,5,0.0,0.0,0.0,0.0,0.0,0,0,0
2025-11-25 16:00:00+00:00,5,0.0,0.0,0.0,0.0,0.0,0,0,0
2025-11-25 20:00:00+00:00,5,0.0,0.0,0.0,0.0,0.0,0,0,0
2025-11-26 00:00:00+00:00,5,0.0,0.0,0.0,0.0,0.0,0,0,0
2025-11-26 04:00:00+00:00,5,0.0,0.0,0.0,0.0,0.0,0,0,0
2025-11-26 08:00:00+00:00,5,0.0,0.0,0.0,0.0,0.0,0,0,0
2025-11-26 12:00:00+00:00,5,0.0,0.0,0.0,0.0,0.0,0,0,0
2025-11-26 16:00:00+00:00,5,0.0,0.0,0.0,0.0,0.0,0,0,0
2025-11-26 20:00:00+00:00,5,0.0,0.0,0.0,0.0,0.0,0,0,0
2025-11-27 00:00:00+00:00,5,0.0,0.0,0.0,0.0,0.0,0,0,0
2025-11-27 04:00:00+00:00,5,0.0,0.0,0.0,0.0,0.0,0,0,0
2025-11-27 08:00:00+00:00,5,0.0,0.0,0.0,0.0,0.0,0,0,0
2025-11-27 12:00:00+00:00,5,0.0,0.0,0.0,0.0,0.0,0,0,0
2025-11-27 16:00:00+00:00,5,0.0,0.0,0.0,0.0,0.0,0,0,0
2025-11-27 20:00:00+00:00,5,0.0,0.0,0.0,0.0,0.0,0,0,0
2025-11-28 00:00:00+00:00,5,0.0,0.0,0.0,0.0,0.0,0,0,0
2025-11-28 04:00:00+00:00,5,0.0,0.0,0.0,0.0,0.0,0,0,0
2025-11-28 08:00:00+00:00,5,0.0,0.0,0.0,0.0,0.0,0,0,0
2025-11-28 12:00:00+00:00,5,0.0,0.0,0.0,0.0,0.0,0,0,0
2025-11-28 16:00:00+00:00,5,0.0,0.0,0.0,0.0,0.0,0,0,0
2025-11-28 20:00:00+00:00,5,0.0,0.0,0.0,0.0,0.0,0,0,0
2025-11-29 00:00:00+00:00,5,0.0,0.0,0.0,0.0,0.0,0,0,0
2025-11-29 04:00:00+00:00,5,0.0,0.0,0.0,0.0,0.0,0,0,0
2025-11-29 08:00:00+00:00,5,0.0,0.0,0.0,0.0,0.0,0,0,0
2025-11-29 12:00:00+00:00,5,0.0,0.0,0.0,0.0,0.0,0,0,0
2025-11-29 16:00:00+00:00,5,0.0,0.0,0.0,0.0,0.0,0,0,0
2025-11-29 20:00:00+00:00,5,0.0,0.0,0.0,0.0,0.0,0,0,0
2025-11-30 00:00:00+00:00,5,0.0,0.0,0.0,0.0,0.0,0,0,0
2025-11-30 04:00:00+00:00,5,0.0,0.0,0.0,0.0,0.0,0,0,0
2025-11-30 08:00:00+00:00,5,0.0,0.0,0.0,0.0,0.0,0,0,0
2025-11-30 12:00:00+00:00,5,0.0,0.0,0.0,0.0,0.0,0,0,0
2025-11-30 16:00:00+00:00,5,0.0,0.0,0.0,0.0,0.0,0,0,0
2025-11-30 20:00:00+00:00,5,0.0,0.0,0.0,0.0,0.0,0,0,0
2025-12-01 00:00:00+00:00,5,0.0,0.0,0.0,0.0,0.0,0,0,0
2025-12-01 04:00:00+00:00,5,0.0,0.0,0.0,0.0,0.0,0,0,0
2025-12-01 08:00:00+00:00,5,0.0,0.0,0.0,0.0,0.0,0,0,0
2025-12-01 12:00:00+00:00,5,0.0,0.0,0.0,0.0,0.0,0,0,0
2025-12-01 16:00:00+00:00,5,0.0,0.0,0.0,0.0,0.0,0,0,0
2025-12-01 20:00:00+00:00,5,0.0,0.0,0.0,0.0,0.0,0,0,0
2025-12-02 00:00:00+00:00,5,0.0,0.0,0.0,0.0,0.0,0,0,0
2025-12-02 04:00:00+00:00,5,0.0,0.0,0.0,0.0,0.0,0,0,0
2025-12-02 08:00:00+00:00,5,0.0,0.0,0.0,0.0,0.0,0,0,0
2025-12-02 12:00:00+00:00,5,0.0,0.0,0.0,0.0,0.0,0,0,0
2025-12-02 16:00:00+00:00,5,0.0,0.0,0.0,0.0,0.0,0,0,0
2025-12-02 20:00:00+00:00,5,0.0,0.0,0.0,0.0,0.0,0,0,0
2025-12-03 00:00:00+00:00,5,0.0,0.0,0.0,0.0,0.0,0,0,0
2025-12-03 04:00:00+00:00,5,0.0,0.0,0.0,0.0,0.0,0,0,0
2025-12-03 08:00:00+00:00,5,0.0,0.0,0.0,0.0,0.0,0,0,0
2025-12-03 12:00:00+00:00,5,0.0,0.0,0.0,0.0,0.0,0,0,0
2025-12-03 16:00:00+00:00,5,0.0,0.0,0.0,0.0,0.0,0,0,0
2025-12-03 20:00:00+00:00,5,0.0,0.0,0.0,0.0,0.0,0,0,0
2025-12-04 00:00:00+00:00,5,0.0,0.0,0.0,0.0,0.0,0,0,0
2025-12-04 04:00:00+00:00,5,0.0,0.0,0.0,0.0,0.0,0,0,0
2025-12-04 08:00:00+00:00,5,0.0,0.0,0.0,0.0,0.0,0,0,0
2025-12-04 12:00:00+00:00,5,0.0,0.0,0.0,0.0,0.0,0,0,0
2025-12-04 16:00:00+00:00,5,0.0,0.0,0.0,0.0,0.0,0,0,0
2025-12-04 20:00:00+00:00,5,0.0,0.0,0.0,0.0,0.0,0,0,0
2025-12-05 00:00:00+00:00,5,0.0,0.0,0.0,0.0,0.0,0,0,0
2025-12-05 04:00:00+00:00,5,0.0,0.0,0.0,0.0,0.0,0,0,0
2025-12-05 08:00:00+00:00,5,0.0,0.0,0.0,0.0,0.0,0,0,0
2025-12-05 12:00:00+00:00,5,0.0,0.0,0.0,0.0,0.0,0,0,0
2025-12-05 16:00:00+00:00,5,0.0,0.0,0.0,0.0,0.0,0,0,0
2025-12-05 20:00:00+00:00,5,0.0,0.0,0.0,0.0,0.0,0,0,0
2025-12-06 00:00:00+00:00,5,0.0,0.0,0.0,0.0,0.0,0,0,0
2025-12-06 04:00:00+00:00,5,0.0,0.0,0.0,0.0,0.0,0,0,0
2025-12-06 08:00:00+00:00,5,0.0,0.0,0.0,0.0,0.0,0,0,0
2025-12-06 12:00:00+00:00,5,0.0,0.0,0.0,0.0,0.0,0,0,0
2025-12-06 16:00:00+00:00,5,0.0,0.0,0.0,0.0,0.0,0,0,0
2025-12-06 20:00:00+00:00,5,0.0,0.0,0.0,0.0,0.0,0,0,0
2025-12-07 00:00:00+00:00,5,0.0,0.0,0.0,0.0,0.0,0,0,0
2025-12-07 04:00:00+00:00,5,0.0,0.0,0.0,0.0,0.0,0,0,0
2025-12-07 08:00:00+00:00,5,0.0,0.0,0.0,0.0,0.0,0,0,0
2025-12-07 12:00:00+00:00,5,0.0,0.0,0.0,0.0,0.0,0,0,0
2025-12-07 16:00:00+00:00,5,0.0,0.0,0.0,0.0,0.0,0,0,0
2025-12-07 20:00:00+00:00,5,0.0,0.0,0.0,0.0,0.0,0,0,0
2025-12-08 00:00:00+00:00,5,0.0,0.0,0.0,0.0,0.0,0,0,0
2025-12-08 04:00:00+00:00,5,0.0,0.0,0.0,0.0,0.0,0,0,0
2025-12-08 08:00:00+00:00,5,0.0,0.0,0.0,0.0,0.0,0,0,0
2025-12-08 12:00:00+00:00,5,0.0,0.0,0.0,0.0,0.0,0,0,0
2025-12-08 16:00:00+00:00,5,0.0,0.0,0.0,0.0,0.0,0,0,0
2025-12-08 20:00:00+00:00,5,0.0,0.0,0.0,0.0,0.0,0,0,0
2025-12-09 00:00:00+00:00,5,0.0,0.0,0.0,0.0,0.0,0,0,0
2025-12-09 04:00:00+00:00,5,0.0,0.0,0.0,0.0,0.0,0,0,0
2025-12-09 08:00:00+00:00,5,0.0,0.0,0.0,0.0,0.0,0,0,0
2025-12-09 12:00:00+00:00,5,0.0,0.0,0.0,0.0,0.0,0,0,0
2025-12-09 16:00:00+00:00,5,0.0,0.0,0.0,0.0,0.0,0,0,0
2025-12-09 20:00:00+00:00,5,0.0,0.0,0.0,0.0,0.0,0,0,0
2025-12-10 00:00:00+00:00,5,0.0,0.0,0.0,0.0,0.0,0,0,0
2025-12-10 04:00:00+00:00,5,0.0,0.0,0.0,0.0,0.0,0,0,0
2025-12-10 08:00:00+00:00,5,0.0,0.0,0.0,0.0,0.0,0,0,0
2025-12-10 12:00:00+00:00,5,0.0,0.0,0.0,0.0,0.0,0,0,0
2025-12-10 16:00:00+00:00,5,0.0,0.0,0.0,0.0,0.0,0,0,0
2025-12-10 20:00:00+00:00,5,0.0,0.0,0.0,0.0,0.0,0,0,0
2025-12-11 00:00:00+00:00,5,0.0,0.0,0.0,0.0,0.0,0,0,0
2025-12-11 04:00:00+00:00,5,0.0,0.0,0.0,0.0,0.0,0,0,0
2025-12-11 08:00:00+00:00,5,0.0,0.0,0.0,0.0,0.0,0,0,0
2025-12-11 12:00:00+00:00,5,0.0,0.0,0.0,0.0,0.0,0,0,0
2025-12-11 16:00:00+00:00,5,0.0,0.0,0.0,0.0,0.0,0,0,0
2025-12-11 20:00:00+00:00,5,0.0,0.0,0.0,0.0,0.0,0,0,0
2025-12-12 00:00:00+00:00,5,0.0,0.0,0.0,0.0,0.0,0,0,0
2025-12-12 04:00:00+00:00,5,0.0,0.0,0.0,0.0,0.0,0,0,0
2025-12-12 08:00:00+00:00,5,0.0,0.0,0.0,0.0,0.0,0,0,0
2025-12-12 12:00:00+00:00,5,0.0,0.0,0.0,0.0,0.0,0,0,0
2025-12-12 16:00:00+00:00,5,0.0,0.0,0.0,0.0,0.0,0,0,0
2025-12-12 20:00:00+00:00,5,0.0,0.0,0.0,0.0,0.0,0,0,0
2025-12-13 00:00:00+00:00,5,0.0,0.0,0.0,0.0,0.0,0,0,0
2025-12-13 04:00:00+00:00,5,0.0,0.0,0.0,0.0,0.0,0,0,0
2025-12-13 08:00:00+00:00,5,0.0,0.0,0.0,0.0,0.0,0,0,0
2025-12-13 12:00:00+00:00,5,0.0,0.0,0.0,0.0,0.0,0,0,0
2025-12-13 16:00:00+00:00,5,0.0,0.0,0.0,0.0,0.0,0,0,0
2025-12-13 20:00:00+00:00,5,0.0,0.0,0.0,0.0,0.0,0,0,0
2025-12-14 00:00:00+00:00,5,0.0,0.0,0.0,0.0,0.0,0,0,0
2025-12-14 04:00:00+00:00,5,0.0,0.0,0.0,0.0,0.0,0,0,0
2025-12-14 08:00:00+00:00,5,0.0,0.0,0.0,0.0,0.0,0,0,0
2025-12-14 12:00:00+00:00,5,0.0,0.0,0.0,0.0,0.0,0,0,0
2025-12-14 16:00:00+00:00,5,0.0,0.0,0.0,0.0,0.0,0,0,0
2025-12-14 20:00:00+00:00,5,0.0,0.0,0.0,0.0,0.0,0,0,0
2025-12-15 00:00:00+00:00,5,0.0,0.0,0.0,0.0,0.0,0,0,0
2025-12-15 04:00:00+00:00,5,0.0,0.0,0.0,0.0,0.0,0,0,0
2025-12-15 08:00:00+00:00,5,0.0,0.0,0.0,0.0,0.0,0,0,0
2025-12-15 12:00:00+00:00,5,0.0,0.0,0.0,0.0,0.0,0,0,0
2025-12-15 16:00:00+00:00,5,0.0,0.0,0.0,0.0,0.0,0,0,0
2025-12-15 20:00:00+00:00,5,0.0,0.0,0.0,0.0,0.0,0,0,0
2025-12-16 00:00:00+00:00,5,0.0,0.0,0.0,0.0,0.0,0,0,0
2025-12-16 04:00:00+00:00,5,0.0,0.0,0.0,0.0,0.0,0,0,0
2025-12-16 08:00:00+00:00,5,0.0,0.0,0.0,0.0,0.0,0,0,0
2025-12-16 12:00:00+00:00,5,0.0,0.0,0.0,0.0,0.0,0,0,0
2025-12-16 16:00:00+00:00,5,0.0,0.0,0.0,0.0,0.0,0,0,0
2025-12-16 20:00:00+00:00,5,0.0,0.0,0.0,0.0,0.0,0,0,0
2025-12-17 00:00:00+00:00,5,0.0,0.0,0.0,0.0,0.0,0,0,0
2025-12-17 04:00:00+00:00,5,0.0,0.0,0.0,0.0,0.0,0,0,0
2025-12-17 08:00:00+00:00,5,0.0,0.0,0.0,0.0,0.0,0,0,0
2025-12-17 12:00:00+00:00,5,0.0,0.0,0.0,0.0,0.0,0,0,0
2025-12-17 16:00:00+00:00,5,0.0,0.0,0.0,0.0,0.0,0,0,0
2025-12-17 20:00:00+00:00,5,0.0,0.0,0.0,0.0,0.0,0,0,0
2025-12-18 00:00:00+00:00,5,0.0,0.0,0.0,0.0,0.0,0,0,0
2025-12-18 04:00:00+00:00,5,0.0,0.0,0.0,0.0,0.0,0,0,0
2025-12-18 08:00:00+00:00,5,0.0,0.0,0.0,0.0,0.0,0,0,0
2025-12-18 12:00:00+00:00,5,0.0,0.0,0.0,0.0,0.0,0,0,0
2025-12-18 16:00:00+00:00,5,0.0,0.0,0.0,0.0,0.0,0,0,0
2025-12-18 20:00:00+00:00,5,0.0,0.0,0.0,0.0,0.0,0,0,0
2025-12-19 00:00:00+00:00,5,0.0,0.0,0.0,0.0,0.0,0,0,0
2025-12-19 04:00:00+00:00,5,0.0,0.0,0.0,0.0,0.0,0,0,0
2025-12-19 08:00:00+00:00,5,0.0,0.0,0.0,0.0,0.0,0,0,0
2025-12-19 12:00:00+00:00,5,0.0,0.0,0.0,0.0,0.0,0,0,0
2025-12-19 16:00:00+00:00,5,0.0,0.0,0.0,0.0,0.0,0,0,0
2025-12-19 20:00:00+00:00,5,0.0,0.0,0.0,0.0,0.0,0,0,0
2025-12-20 00:00:00+00:00,5,0.0,0.0,0.0,0.0,0.0,0,0,0
2025-12-20 04:00:00+00:00,5,0.0,0.0,0.0,0.0,0.0,0,0,0
2025-12-20 08:00:00+00:00,5,0.0,0.0,0.0,0.0,0.0,0,0,0
2025-12-20 12:00:00+00:00,5,0.0,0.0,0.0,0.0,0.0,0,0,0
2025-12-20 16:00:00+00:00,5,0.0,0.0,0.0,0.0,0.0,0,0,0
2025-12-20 20:00:00+00:00,5,0.0,0.0,0.0,0.0,0.0,0,0,0
2025-12-21 00:00:00+00:00,5,0.0,0.0,0.0,0.0,0.0,0,0,0
2025-12-21 04:00:00+00:00,5,0.0,0.0,0.0,0.0,0.0,0,0,0
2025-12-21 08:00:00+00:00,5,0.0,0.0,0.0,0.0,0.0,0,0,0
2025-12-21 12:00:00+00:00,5,0.0,0.0,0.0,0.0,0.0,0,0,0
2025-12-21 16:00:00+00:00,5,0.0,0.0,0.0,0.0,0.0,0,0,0
2025-12-21 20:00:00+00:00,5,0.0,0.0,0.0,0.0,0.0,0,0,0
2025-12-22 00:00:00+00:00,5,0.0,0.0,0.0,0.0,0.0,0,0,0
2025-12-22 04:00:00+00:00,5,0.0,0.0,0.0,0.0,0.0,0,0,0
2025-12-22 08:00:00+00:00,5,0.0,0.0,0.0,0.0,0.0,0,0,0
2025-12-22 12:00:00+00:00,5,0.0,0.0,0.0,0.0,0.0,0,0,0
2025-12-22 16:00:00+00:00,5,0.0,0.0,0.0,0.0,0.0,0,0,0
2025-12-22 20:00:00+00:00,5,0.0,0.0,0.0,0.0,0.0,0,0,0
2025-12-23 00:00:00+00:00,5,0.0,0.0,0.0,0.0,0.0,0,0,0
2025-12-23 04:00:00+00:00,5,0.0,0.0,0.0,0.0,0.0,0,0,0
2025-12-23 08:00:00+00:00,5,0.0,0.0,0.0,0.0,0.0,0,0,0
2025-12-23 12:00:00+00:00,5,0.0,0.0,0.0,0.0,0.0,0,0,0
2025-12-23 16:00:00+00:00,5,0.0,0.0,0.0,0.0,0.0,0,0,0
2025-12-23 20:00:00+00:00,5,0.0,0.0,0.0,0.0,0.0,0,0,0
2025-12-26 00:00:00+00:00,6,0.0,0.0,0.0,0.0,0.0,0,0,0
2025-12-26 04:00:00+00:00,6,0.0,0.0,0.0,0.0,0.0,0,0,0
2025-12-26 08:00:00+00:00,6,0.0,0.0,0.0,0.0,0.0,0,0,0
2025-12-26 12:00:00+00:00,6,0.0,0.0,0.0,0.0,0.0,0,0,0
2025-12-26 16:00:00+00:00,6,0.0,0.0,0.0,0.0,0.0,0,0,0
2025-12-26 20:00:00+00:00,6,0.0,0.0,0.0,0.0,0.0,0,0,0
2025-12-27 00:00:00+00:00,6,0.0,0.0,0.0,0.0,0.0,0,0,0
2025-12-27 04:00:00+00:00,6,0.0,0.0,0.0,0.0,0.0,0,0,0
2025-12-27 08:00:00+00:00,6,0.0,0.0,0.0,0.0,0.0,0,0,0
2025-12-27 12:00:00+00:00,6,0.0,0.0,0.0,0.0,0.0,0,0,0
2025-12-27 16:00:00+00:00,6,0.0,0.0,0.0,0.0,0.0,0,0,0
2025-12-27 20:00:00+00:00,6,0.0,0.0,0.0,0.0,0.0,0,0,0
2025-12-28 00:00:00+00:00,6,0.0,0.0,0.0,0.0,0.0,0,0,0
2025-12-28 04:00:00+00:00,6,0.0,0.0,0.0,0.0,0.0,0,0,0
2025-12-28 08:00:00+00:00,6,0.0,0.0,0.0,0.0,0.0,0,0,0
2025-12-28 12:00:00+00:00,6,0.0,0.0,0.0,0.0,0.0,0,0,0
2025-12-28 16:00:00+00:00,6,0.0,0.0,0.0,0.0,0.0,0,0,0
2025-12-28 20:00:00+00:00,6,0.0,0.0,0.0,0.0,0.0,0,0,0
2025-12-29 00:00:00+00:00,6,0.0,0.0,0.0,0.0,0.0,0,0,0
2025-12-29 04:00:00+00:00,6,0.0,0.0,0.0,0.0,0.0,0,0,0
2025-12-29 08:00:00+00:00,6,0.0,0.0,0.0,0.0,0.0,0,0,0
2025-12-29 12:00:00+00:00,6,0.0,0.0,0.0,0.0,0.0,0,0,0
2025-12-29 16:00:00+00:00,6,0.0,0.0,0.0,0.0,0.0,0,0,0
2025-12-29 20:00:00+00:00,6,0.0,0.0,0.0,0.0,0.0,0,0,0
2025-12-30 00:00:00+00:00,6,0.0,0.0,0.0,0.0,0.0,0,0,0
2025-12-30 04:00:00+00:00,6,0.0,0.0,0.0,0.0,0.0,0,0,0
2025-12-30 08:00:00+00:00,6,0.0,0.0,0.0,0.0,0.0,0,0,0
2025-12-30 12:00:00+00:00,6,0.0,0.0,0.0,0.0,0.0,0,0,0
2025-12-30 16:00:00+00:00,6,0.0,0.0,0.0,0.0,0.0,0,0,0
2025-12-30 20:00:00+00:00,6,0.0,0.0,0.0,0.0,0.0,0,0,0
2025-12-31 00:00:00+00:00,6,0.0,0.0,0.0,0.0,0.0,0,0,0
2025-12-31 04:00:00+00:00,6,0.0,0.0,0.0,0.0,0.0,0,0,0
2025-12-31 08:00:00+00:00,6,0.0,0.0,0.0,0.0,0.0,0,0,0
2025-12-31 12:00:00+00:00,6,0.0,0.0,0.0,0.0,0.0,0,0,0
2025-12-31 16:00:00+00:00,6,0.0,0.0,0.0,0.0,0.0,0,0,0
2025-12-31 20:00:00+00:00,6,0.0,0.0,0.0,0.0,0.0,0,0,0
2026-01-01 00:00:00+00:00,6,0.0,0.0,0.0,0.0,0.0,0,0,0
2026-01-01 04:00:00+00:00,6,0.0,0.0,0.0,0.0,0.0,0,0,0
2026-01-01 08:00:00+00:00,6,0.0,0.0,0.0,0.0,0.0,0,0,0
2026-01-01 12:00:00+00:00,6,0.0,0.0,0.0,0.0,0.0,0,0,0
2026-01-01 16:00:00+00:00,6,0.0,0.0,0.0,0.0,0.0,0,0,0
2026-01-01 20:00:00+00:00,6,0.0,0.0,0.0,0.0,0.0,0,0,0
2026-01-02 00:00:00+00:00,6,0.0,0.0,0.0,0.0,0.0,0,0,0
2026-01-02 04:00:00+00:00,6,0.0,0.0,0.0,0.0,0.0,0,0,0
2026-01-02 08:00:00+00:00,6,0.0,0.0,0.0,0.0,0.0,0,0,0
2026-01-02 12:00:00+00:00,6,0.0,0.0,0.0,0.0,0.0,0,0,0
2026-01-02 16:00:00+00:00,6,0.0,0.0,0.0,0.0,0.0,0,0,0
2026-01-02 20:00:00+00:00,6,0.0,0.0,0.0,0.0,0.0,0,0,0
2026-01-03 00:00:00+00:00,6,0.0,0.0,0.0,0.0,0.0,0,0,0
2026-01-03 04:00:00+00:00,6,0.0,0.0,0.0,0.0,0.0,0,0,0
2026-01-03 08:00:00+00:00,6,0.0,0.0,0.0,0.0,0.0,0,0,0
2026-01-03 12:00:00+00:00,6,0.0,0.0,0.0,0.0,0.0,0,0,0
2026-01-03 16:00:00+00:00,6,0.0,0.0,0.0,0.0,0.0,0,0,0
2026-01-03 20:00:00+00:00,6,0.0,0.0,0.0,0.0,0.0,0,0,0
2026-01-04 00:00:00+00:00,6,0.0,0.0,0.0,0.0,0.0,0,0,0
2026-01-04 04:00:00+00:00,6,0.0,0.0,0.0,0.0,0.0,0,0,0
2026-01-04 08:00:00+00:00,6,0.0,0.0,0.0,0.0,0.0,0,0,0
2026-01-04 12:00:00+00:00,6,0.0,0.0,0.0,0.0,0.0,0,0,0
2026-01-04 16:00:00+00:00,6,0.0,0.0,0.0,0.0,0.0,0,0,0
2026-01-04 20:00:00+00:00,6,0.0,0.0,0.0,0.0,0.0,0,0,0
2026-01-05 00:00:00+00:00,6,0.0,0.0,0.0,0.0,0.0,0,0,0
2026-01-05 04:00:00+00:00,6,0.0,0.0,0.0,0.0,0.0,0,0,0
2026-01-05 08:00:00+00:00,6,0.0,0.0,0.0,0.0,0.0,0,0,0
2026-01-05 12:00:00+00:00,6,0.0,0.0,0.0,0.0,0.0,0,0,0
2026-01-05 16:00:00+00:00,6,0.0,0.0,0.0,0.0,0.0,0,0,0
2026-01-05 20:00:00+00:00,6,0.0,0.0,0.0,0.0,0.0,0,0,0
2026-01-06 00:00:00+00:00,6,0.0,0.0,0.0,0.0,0.0,0,0,0
2026-01-06 04:00:00+00:00,6,0.0,0.0,0.0,0.0,0.0,0,0,0
2026-01-06 08:00:00+00:00,6,0.0,0.0,0.0,0.0,0.0,0,0,0
2026-01-06 12:00:00+00:00,6,0.0,0.0,0.0,0.0,0.0,0,0,0
2026-01-06 16:00:00+00:00,6,0.0,0.0,0.0,0.0,0.0,0,0,0
2026-01-06 20:00:00+00:00,6,0.0,0.0,0.0,0.0,0.0,0,0,0
2026-01-07 00:00:00+00:00,6,0.0,0.0,0.0,0.0,0.0,0,0,0
2026-01-07 04:00:00+00:00,6,0.0,0.0,0.0,0.0,0.0,0,0,0
2026-01-07 08:00:00+00:00,6,0.0,0.0,0.0,0.0,0.0,0,0,0
2026-01-07 12:00:00+00:00,6,0.0,0.0,0.0,0.0,0.0,0,0,0
2026-01-07 16:00:00+00:00,6,0.0,0.0,0.0,0.0,0.0,0,0,0
2026-01-07 20:00:00+00:00,6,0.0,0.0,0.0,0.0,0.0,0,0,0
2026-01-08 00:00:00+00:00,6,0.0,0.0,0.0,0.0,0.0,0,0,0
2026-01-08 04:00:00+00:00,6,0.0,0.0,0.0,0.0,0.0,0,0,0
2026-01-08 08:00:00+00:00,6,0.0,0.0,0.0,0.0,0.0,0,0,0
2026-01-08 12:00:00+00:00,6,0.0,0.0,0.0,0.0,0.0,0,0,0
2026-01-08 16:00:00+00:00,6,0.0,0.0,0.0,0.0,0.0,0,0,0
2026-01-08 20:00:00+00:00,6,0.0,0.0,0.0,0.0,0.0,0,0,0
2026-01-09 00:00:00+00:00,6,0.0,0.0,0.0,0.0,0.0,0,0,0
2026-01-09 04:00:00+00:00,6,0.0,0.0,0.0,0.0,0.0,0,0,0
2026-01-09 08:00:00+00:00,6,0.0,0.0,0.0,0.0,0.0,0,0,0
2026-01-09 12:00:00+00:00,6,0.0,0.0,0.0,0.0,0.0,0,0,0
2026-01-09 16:00:00+00:00,6,0.0,0.0,0.0,0.0,0.0,0,0,0
2026-01-09 20:00:00+00:00,6,0.0,0.0,0.0,0.0,0.0,0,0,0
2026-01-10 00:00:00+00:00,6,0.0,0.0,0.0,0.0,0.0,0,0,0
2026-01-10 04:00:00+00:00,6,0.0,0.0,0.0,0.0,0.0,0,0,0
2026-01-10 08:00:00+00:00,6,0.0,0.0,0.0,0.0,0.0,0,0,0
2026-01-10 12:00:00+00:00,6,0.0,0.0,0.0,0.0,0.0,0,0,0
2026-01-10 16:00:00+00:00,6,0.0,0.0,0.0,0.0,0.0,0,0,0
2026-01-10 20:00:00+00:00,6,0.0,0.0,0.0,0.0,0.0,0,0,0
2026-01-11 00:00:00+00:00,6,0.0,0.0,0.0,0.0,0.0,0,0,0
2026-01-11 04:00:00+00:00,6,0.0,0.0,0.0,0.0,0.0,0,0,0
2026-01-11 08:00:00+00:00,6,0.0,0.0,0.0,0.0,0.0,0,0,0
2026-01-11 12:00:00+00:00,6,0.0,0.0,0.0,0.0,0.0,0,0,0
2026-01-11 16:00:00+00:00,6,0.0,0.0,0.0,0.0,0.0,0,0,0
2026-01-11 20:00:00+00:00,6,0.0,0.0,0.0,0.0,0.0,0,0,0
2026-01-12 00:00:00+00:00,6,0.0,0.0,0.0,0.0,0.0,0,0,0
2026-01-12 04:00:00+00:00,6,0.0,0.0,0.0,0.0,0.0,0,0,0
2026-01-12 08:00:00+00:00,6,0.0,0.0,0.0,0.0,0.0,0,0,0
2026-01-12 12:00:00+00:00,6,0.0,0.0,0.0,0.0,0.0,0,0,0
2026-01-12 16:00:00+00:00,6,0.0,0.0,0.0,0.0,0.0,0,0,0
2026-01-12 20:00:00+00:00,6,0.0,0.0,0.0,0.0,0.0,0,0,0
2026-01-13 00:00:00+00:00,6,0.0,0.0,0.0,0.0,0.0,0,0,0
2026-01-13 04:00:00+00:00,6,0.0,0.0,0.0,0.0,0.0,0,0,0
2026-01-13 08:00:00+00:00,6,0.0,0.0,0.0,0.0,0.0,0,0,0
2026-01-13 12:00:00+00:00,6,0.0,0.0,0.0,0.0,0.0,0,0,0
2026-01-13 16:00:00+00:00,6,0.0,0.0,0.0,0.0,0.0,0,0,0
2026-01-13 20:00:00+00:00,6,0.0,0.0,0.0,0.0,0.0,0,0,0
2026-01-14 00:00:00+00:00,6,0.0,0.0,0.0,0.0,0.0,0,0,0
2026-01-14 04:00:00+00:00,6,0.0,0.0,0.0,0.0,0.0,0,0,0
2026-01-14 08:00:00+00:00,6,0.0,0.0,0.0,0.0,0.0,0,0,0
2026-01-14 12:00:00+00:00,6,0.0,0.0,0.0,0.0,0.0,0,0,0
2026-01-14 16:00:00+00:00,6,0.0,0.0,0.0,0.0,0.0,0,0,0
2026-01-14 20:00:00+00:00,6,0.0,0.0,0.0,0.0,0.0,0,0,0
2026-01-15 00:00:00+00:00,6,0.0,0.0,0.0,0.0,0.0,0,0,0
2026-01-15 04:00:00+00:00,6,0.0,0.0,0.0,0.0,0.0,0,0,0
2026-01-15 08:00:00+00:00,6,0.0,0.0,0.0,0.0,0.0,0,0,0
2026-01-15 12:00:00+00:00,6,0.0,0.0,0.0,0.0,0.0,0,0,0
2026-01-15 16:00:00+00:00,6,0.0,0.0,0.0,0.0,0.0,0,0,0
2026-01-15 20:00:00+00:00,6,0.0,0.0,0.0,0.0,0.0,0,0,0
2026-01-16 00:00:00+00:00,6,0.0,0.0,0.0,0.0,0.0,0,0,0
2026-01-16 04:00:00+00:00,6,0.0,0.0,0.0,0.0,0.0,0,0,0
2026-01-16 08:00:00+00:00,6,0.0,0.0,0.0,0.0,0.0,0,0,0
2026-01-16 12:00:00+00:00,6,0.0,0.0,0.0,0.0,0.0,0,0,0
2026-01-16 16:00:00+00:00,6,0.0,0.0,0.0,0.0,0.0,0,0,0
2026-01-16 20:00:00+00:00,6,0.0,0.0,0.0,0.0,0.0,0,0,0
2026-01-17 00:00:00+00:00,6,0.0,0.0,0.0,0.0,0.0,0,0,0
2026-01-17 04:00:00+00:00,6,0.0,0.0,0.0,0.0,0.0,0,0,0
2026-01-17 08:00:00+00:00,6,0.0,0.0,0.0,0.0,0.0,0,0,0
2026-01-17 12:00:00+00:00,6,0.0,0.0,0.0,0.0,0.0,0,0,0
2026-01-17 16:00:00+00:00,6,0.0,0.0,0.0,0.0,0.0,0,0,0
2026-01-17 20:00:00+00:00,6,0.0,0.0,0.0,0.0,0.0,0,0,0
2026-01-18 00:00:00+00:00,6,0.0,0.0,0.0,0.0,0.0,0,0,0
2026-01-18 04:00:00+00:00,6,0.0,0.0,0.0,0.0,0.0,0,0,0
2026-01-18 08:00:00+00:00,6,0.0,0.0,0.0,0.0,0.0,0,0,0
2026-01-18 12:00:00+00:00,6,0.0,0.0,0.0,0.0,0.0,0,0,0
2026-01-18 16:00:00+00:00,6,0.0,0.0,0.0,0.0,0.0,0,0,0
2026-01-18 20:00:00+00:00,6,0.0,0.0,0.0,0.0,0.0,0,0,0
2026-01-19 00:00:00+00:00,6,0.0,0.0,0.0,0.0,0.0,0,0,0
2026-01-19 04:00:00+00:00,6,0.0,0.0,0.0,0.0,0.0,0,0,0
2026-01-19 08:00:00+00:00,6,0.0,0.0,0.0,0.0,0.0,0,0,0
2026-01-19 12:00:00+00:00,6,0.0,0.0,0.0,0.0,0.0,0,0,0
2026-01-19 16:00:00+00:00,6,0.0,0.0,0.0,0.0,0.0,0,0,0
2026-01-19 20:00:00+00:00,6,0.0,0.0,0.0,0.0,0.0,0,0,0
2026-01-20 00:00:00+00:00,6,0.0,0.0,0.0,0.0,0.0,0,0,0
2026-01-20 04:00:00+00:00,6,0.0,0.0,0.0,0.0,0.0,0,0,0
2026-01-20 08:00:00+00:00,6,0.0,0.0,0.0,0.0,0.0,0,0,0
2026-01-20 12:00:00+00:00,6,0.0,0.0,0.0,0.0,0.0,0,0,0
2026-01-20 16:00:00+00:00,6,0.0,0.0,0.0,0.0,0.0,0,0,0
2026-01-20 20:00:00+00:00,6,0.0,0.0,0.0,0.0,0.0,0,0,0
2026-01-21 00:00:00+00:00,6,0.0,0.0,0.0,0.0,0.0,0,0,0
2026-01-21 04:00:00+00:00,6,0.0,0.0,0.0,0.0,0.0,0,0,0
2026-01-21 08:00:00+00:00,6,0.0,0.0,0.0,0.0,0.0,0,0,0
2026-01-21 12:00:00+00:00,6,0.0,0.0,0.0,0.0,0.0,0,0,0
2026-01-21 16:00:00+00:00,6,0.0,0.0,0.0,0.0,0.0,0,0,0
2026-01-21 20:00:00+00:00,6,0.0,0.0,0.0,0.0,0.0,0,0,0
2026-01-22 00:00:00+00:00,6,0.0,0.0,0.0,0.0,0.0,0,0,0
2026-01-22 04:00:00+00:00,6,0.0,0.0,0.0,0.0,0.0,0,0,0
2026-01-22 08:00:00+00:00,6,0.0,0.0,0.0,0.0,0.0,0,0,0
2026-01-22 12:00:00+00:00,6,0.0,0.0,0.0,0.0,0.0,0,0,0
2026-01-22 16:00:00+00:00,6,0.0,0.0,0.0,0.0,0.0,0,0,0
2026-01-22 20:00:00+00:00,6,0.0,0.0,0.0,0.0,0.0,0,0,0
2026-01-23 00:00:00+00:00,6,0.0,0.0,0.0,0.0,0.0,0,0,0
2026-01-23 04:00:00+00:00,6,0.0,0.0,0.0,0.0,0.0,0,0,0
2026-01-23 08:00:00+00:00,6,0.0,0.0,0.0,0.0,0.0,0,0,0
2026-01-23 12:00:00+00:00,6,0.0,0.0,0.0,0.0,0.0,0,0,0
2026-01-23 16:00:00+00:00,6,0.0,0.0,0.0,0.0,0.0,0,0,0
2026-01-23 20:00:00+00:00,6,0.0,0.0,0.0,0.0,0.0,0,0,0
2026-01-24 00:00:00+00:00,6,0.0,0.0,0.0,0.0,0.0,0,0,0
2026-01-24 04:00:00+00:00,6,0.0,0.0,0.0,0.0,0.0,0,0,0
2026-01-24 08:00:00+00:00,6,0.0,0.0,0.0,0.0,0.0,0,0,0
2026-01-24 12:00:00+00:00,6,0.0,0.0,0.0,0.0,0.0,0,0,0
2026-01-24 16:00:00+00:00,6,0.0,0.0,0.0,0.0,0.0,0,0,0
2026-01-24 20:00:00+00:00,6,0.0,0.0,0.0,0.0,0.0,0,0,0
2026-01-27 00:00:00+00:00,7,0.0,0.0,0.0,0.0,0.0,0,0,0
2026-01-27 04:00:00+00:00,7,0.0,0.0,0.0,0.0,0.0,0,0,0
2026-01-27 08:00:00+00:00,7,0.0,0.0,0.0,0.0,0.0,0,0,0
2026-01-27 12:00:00+00:00,7,0.0,0.0,0.0,0.0,0.0,0,0,0
2026-01-27 16:00:00+00:00,7,0.0,0.0,0.0,0.0,0.0,0,0,0
2026-01-27 20:00:00+00:00,7,0.0,0.0,0.0,0.0,0.0,0,0,0
2026-01-28 00:00:00+00:00,7,0.0,0.0,0.0,0.0,0.0,0,0,0
2026-01-28 04:00:00+00:00,7,0.0,0.0,0.0,0.0,0.0,0,0,0
2026-01-28 08:00:00+00:00,7,0.0,0.0,0.0,0.0,0.0,0,0,0
2026-01-28 12:00:00+00:00,7,0.0,0.0,0.0,0.0,0.0,0,0,0
2026-01-28 16:00:00+00:00,7,0.0,0.0,0.0,0.0,0.0,0,0,0
2026-01-28 20:00:00+00:00,7,0.0,0.0,0.0,0.0,0.0,0,0,0
2026-01-29 00:00:00+00:00,7,0.0,0.0,0.0,0.0,0.0,0,0,0
2026-01-29 04:00:00+00:00,7,0.0,0.0,0.0,0.0,0.0,0,0,0
2026-01-29 08:00:00+00:00,7,0.0,0.0,0.0,0.0,0.0,0,0,0
2026-01-29 12:00:00+00:00,7,0.0,0.0,0.0,0.0,0.0,0,0,0
2026-01-29 16:00:00+00:00,7,0.0,0.0,0.0,0.0,0.0,0,0,0
2026-01-29 20:00:00+00:00,7,0.0,0.0,0.0,0.0,0.0,0,0,0
2026-01-30 00:00:00+00:00,7,0.0,0.0,0.0,0.0,0.0,0,0,0
2026-01-30 04:00:00+00:00,7,0.0,0.0,0.0,0.0,0.0,0,0,0
2026-01-30 08:00:00+00:00,7,0.0,0.0,0.0,0.0,0.0,0,0,0
2026-01-30 12:00:00+00:00,7,0.0,0.0,0.0,0.0,0.0,0,0,0
2026-01-30 16:00:00+00:00,7,0.0,0.0,0.0,0.0,0.0,0,0,0
2026-01-30 20:00:00+00:00,7,0.0,0.0,0.0,0.0,0.0,0,0,0
2026-01-31 00:00:00+00:00,7,0.0,0.0,0.0,0.0,0.0,0,0,0
2026-01-31 04:00:00+00:00,7,0.0,0.0,0.0,0.0,0.0,0,0,0
2026-01-31 08:00:00+00:00,7,0.0,0.0,0.0,0.0,0.0,0,0,0
2026-01-31 12:00:00+00:00,7,0.0,0.0,0.0,0.0,0.0,0,0,0
2026-01-31 16:00:00+00:00,7,0.0,0.0,0.0,0.0,0.0,0,0,0
2026-01-31 20:00:00+00:00,7,0.0,0.0,0.0,0.0,0.0,0,0,0
2026-02-01 00:00:00+00:00,7,0.0,0.0,0.0,0.0,0.0,0,0,0
2026-02-01 04:00:00+00:00,7,0.0,0.0,0.0,0.0,0.0,0,0,0
2026-02-01 08:00:00+00:00,7,0.0,0.0,0.0,0.0,0.0,0,0,0
2026-02-01 12:00:00+00:00,7,0.0,0.0,0.0,0.0,0.0,0,0,0
2026-02-01 16:00:00+00:00,7,0.0,0.0,0.0,0.0,0.0,0,0,0
2026-02-01 20:00:00+00:00,7,0.0,0.0,0.0,0.0,0.0,0,0,0
2026-02-02 00:00:00+00:00,7,0.0,0.0,0.0,0.0,0.0,0,0,0
2026-02-02 04:00:00+00:00,7,0.0,0.0,0.0,0.0,0.0,0,0,0
2026-02-02 08:00:00+00:00,7,0.0,0.0,0.0,0.0,0.0,0,0,0
2026-02-02 12:00:00+00:00,7,0.0,0.0,0.0,0.0,0.0,0,0,0
2026-02-02 16:00:00+00:00,7,0.0,0.0,0.0,0.0,0.0,0,0,0
2026-02-02 20:00:00+00:00,7,0.0,0.0,0.0,0.0,0.0,0,0,0
2026-02-03 00:00:00+00:00,7,0.0,0.0,0.0,0.0,0.0,0,0,0
2026-02-03 04:00:00+00:00,7,0.0,0.0,0.0,0.0,0.0,0,0,0
2026-02-03 08:00:00+00:00,7,0.0,0.0,0.0,0.0,0.0,0,0,0
2026-02-03 12:00:00+00:00,7,0.0,0.0,0.0,0.0,0.0,0,0,0
2026-02-03 16:00:00+00:00,7,0.0,0.0,0.0,0.0,0.0,0,0,0
2026-02-03 20:00:00+00:00,7,0.0,0.0,0.0,0.0,0.0,0,0,0
2026-02-04 00:00:00+00:00,7,0.0,0.0,0.0,0.0,0.0,0,0,0
2026-02-04 04:00:00+00:00,7,0.0,0.0,0.0,0.0,0.0,0,0,0
2026-02-04 08:00:00+00:00,7,0.0,0.0,0.0,0.0,0.0,0,0,0
2026-02-04 12:00:00+00:00,7,0.0,0.0,0.0,0.0,0.0,0,0,0
2026-02-04 16:00:00+00:00,7,0.0,0.0,0.0,0.0,0.0,0,0,0
2026-02-04 20:00:00+00:00,7,0.0,0.0,0.0,0.0,0.0,0,0,0
2026-02-05 00:00:00+00:00,7,0.0,0.0,0.0,0.0,0.0,0,0,0
2026-02-05 04:00:00+00:00,7,0.0,0.0,0.0,0.0,0.0,0,0,0
2026-02-05 08:00:00+00:00,7,0.0,0.0,0.0,0.0,0.0,0,0,0
2026-02-05 12:00:00+00:00,7,0.0,0.0,0.0,0.0,0.0,0,0,0
2026-02-05 16:00:00+00:00,7,0.0,0.0,0.0,0.0,0.0,0,0,0
2026-02-05 20:00:00+00:00,7,0.0,0.0,0.0,0.0,0.0,0,0,0
2026-02-06 00:00:00+00:00,7,0.0,0.0,0.0,0.0,0.0,0,0,0
2026-02-06 04:00:00+00:00,7,0.0,0.0,0.0,0.0,0.0,0,0,0
2026-02-06 08:00:00+00:00,7,0.0,0.0,0.0,0.0,0.0,0,0,0
2026-02-06 12:00:00+00:00,7,0.0,0.0,0.0,0.0,0.0,0,0,0
2026-02-06 16:00:00+00:00,7,0.0,0.0,0.0,0.0,0.0,0,0,0
2026-02-06 20:00:00+00:00,7,0.0,0.0,0.0,0.0,0.0,0,0,0
2026-02-07 00:00:00+00:00,7,0.0,0.0,0.0,0.0,0.0,0,0,0
2026-02-07 04:00:00+00:00,7,0.0,0.0,0.0,0.0,0.0,0,0,0
2026-02-07 08:00:00+00:00,7,0.0,0.0,0.0,0.0,0.0,0,0,0
2026-02-07 12:00:00+00:00,7,0.0,0.0,0.0,0.0,0.0,0,0,0
2026-02-07 16:00:00+00:00,7,0.0,0.0,0.0,0.0,0.0,0,0,0
2026-02-07 20:00:00+00:00,7,0.0,0.0,0.0,0.0,0.0,0,0,0
2026-02-08 00:00:00+00:00,7,0.0,0.0,0.0,0.0,0.0,0,0,0
2026-02-08 04:00:00+00:00,7,0.0,0.0,0.0,0.0,0.0,0,0,0
2026-02-08 08:00:00+00:00,7,0.0,0.0,0.0,0.0,0.0,0,0,0
2026-02-08 12:00:00+00:00,7,0.0,0.0,0.0,0.0,0.0,0,0,0
2026-02-08 16:00:00+00:00,7,0.0,0.0,0.0,0.0,0.0,0,0,0
2026-02-08 20:00:00+00:00,7,0.0,0.0,0.0,0.0,0.0,0,0,0
2026-02-09 00:00:00+00:00,7,0.0,0.0,0.0,0.0,0.0,0,0,0
2026-02-09 04:00:00+00:00,7,0.0,0.0,0.0,0.0,0.0,0,0,0
2026-02-09 08:00:00+00:00,7,0.0,0.0,0.0,0.0,0.0,0,0,0
2026-02-09 12:00:00+00:00,7,0.0,0.0,0.0,0.0,0.0,0,0,0
2026-02-09 16:00:00+00:00,7,0.0,0.0,0.0,0.0,0.0,0,0,0
2026-02-09 20:00:00+00:00,7,0.0,0.0,0.0,0.0,0.0,0,0,0
2026-02-10 00:00:00+00:00,7,0.0,0.0,0.0,0.0,0.0,0,0,0
2026-02-10 04:00:00+00:00,7,0.0,0.0,0.0,0.0,0.0,0,0,0
2026-02-10 08:00:00+00:00,7,0.0,0.0,0.0,0.0,0.0,0,0,0
2026-02-10 12:00:00+00:00,7,0.0,0.0,0.0,0.0,0.0,0,0,0
2026-02-10 16:00:00+00:00,7,0.0,0.0,0.0,0.0,0.0,0,0,0
2026-02-10 20:00:00+00:00,7,0.0,0.0,0.0,0.0,0.0,0,0,0
2026-02-11 00:00:00+00:00,7,0.0,0.0,0.0,0.0,0.0,0,0,0
2026-02-11 04:00:00+00:00,7,0.0,0.0,0.0,0.0,0.0,0,0,0
2026-02-11 08:00:00+00:00,7,0.0,0.0,0.0,0.0,0.0,0,0,0
2026-02-11 12:00:00+00:00,7,0.0,0.0,0.0,0.0,0.0,0,0,0
2026-02-11 16:00:00+00:00,7,0.0,0.0,0.0,0.0,0.0,0,0,0
2026-02-11 20:00:00+00:00,7,0.0,0.0,0.0,0.0,0.0,0,0,0
2026-02-12 00:00:00+00:00,7,0.0,0.0,0.0,0.0,0.0,0,0,0
2026-02-12 04:00:00+00:00,7,0.0,0.0,0.0,0.0,0.0,0,0,0
2026-02-12 08:00:00+00:00,7,0.0,0.0,0.0,0.0,0.0,0,0,0
2026-02-12 12:00:00+00:00,7,0.0,0.0,0.0,0.0,0.0,0,0,0
2026-02-12 16:00:00+00:00,7,0.0,0.0,0.0,0.0,0.0,0,0,0
2026-02-12 20:00:00+00:00,7,0.0,0.0,0.0,0.0,0.0,0,0,0
2026-02-13 00:00:00+00:00,7,0.0,0.0,0.0,0.0,0.0,0,0,0
2026-02-13 04:00:00+00:00,7,0.0,0.0,0.0,0.0,0.0,0,0,0
2026-02-13 08:00:00+00:00,7,0.0,0.0,0.0,0.0,0.0,0,0,0
2026-02-13 12:00:00+00:00,7,0.0,0.0,0.0,0.0,0.0,0,0,0
2026-02-13 16:00:00+00:00,7,0.0,0.0,0.0,0.0,0.0,0,0,0
2026-02-13 20:00:00+00:00,7,0.0,0.0,0.0,0.0,0.0,0,0,0
2026-02-14 00:00:00+00:00,7,0.0,0.0,0.0,0.0,0.0,0,0,0
2026-02-14 04:00:00+00:00,7,0.0,0.0,0.0,0.0,0.0,0,0,0
2026-02-14 08:00:00+00:00,7,0.0,0.0,0.0,0.0,0.0,0,0,0
2026-02-14 12:00:00+00:00,7,0.0,0.0,0.0,0.0,0.0,0,0,0
2026-02-14 16:00:00+00:00,7,0.0,0.0,0.0,0.0,0.0,0,0,0
2026-02-14 20:00:00+00:00,7,0.0,0.0,0.0,0.0,0.0,0,0,0
2026-02-15 00:00:00+00:00,7,0.0,0.0,0.0,0.0,0.0,0,0,0
2026-02-15 04:00:00+00:00,7,0.0,0.0,0.0,0.0,0.0,0,0,0
2026-02-15 08:00:00+00:00,7,0.0,0.0,0.0,0.0,0.0,0,0,0
2026-02-15 12:00:00+00:00,7,0.0,0.0,0.0,0.0,0.0,0,0,0
2026-02-15 16:00:00+00:00,7,0.0,0.0,0.0,0.0,0.0,0,0,0
2026-02-15 20:00:00+00:00,7,0.0,0.0,0.0,0.0,0.0,0,0,0
2026-02-16 00:00:00+00:00,7,0.0,0.0,0.0,0.0,0.0,0,0,0
2026-02-16 04:00:00+00:00,7,0.0,0.0,0.0,0.0,0.0,0,0,0
2026-02-16 08:00:00+00:00,7,0.0,0.0,0.0,0.0,0.0,0,0,0
2026-02-16 12:00:00+00:00,7,0.0,0.0,0.0,0.0,0.0,0,0,0
2026-02-16 16:00:00+00:00,7,0.0,0.0,0.0,0.0,0.0,0,0,0
2026-02-16 20:00:00+00:00,7,0.0,0.0,0.0,0.0,0.0,0,0,0
2026-02-17 00:00:00+00:00,7,0.0,0.0,0.0,0.0,0.0,0,0,0
2026-02-17 04:00:00+00:00,7,0.0,0.0,0.0,0.0,0.0,0,0,0
2026-02-17 08:00:00+00:00,7,0.0,0.0,0.0,0.0,0.0,0,0,0
2026-02-17 12:00:00+00:00,7,0.0,0.0,0.0,0.0,0.0,0,0,0
2026-02-17 16:00:00+00:00,7,0.0,0.0,0.0,0.0,0.0,0,0,0
2026-02-17 20:00:00+00:00,7,0.0,0.0,0.0,0.0,0.0,0,0,0
2026-02-18 00:00:00+00:00,7,0.0,0.0,0.0,0.0,0.0,0,0,0
2026-02-18 04:00:00+00:00,7,0.0,0.0,0.0,0.0,0.0,0,0,0
2026-02-18 08:00:00+00:00,7,0.0,0.0,0.0,0.0,0.0,0,0,0
2026-02-18 12:00:00+00:00,7,0.0,0.0,0.0,0.0,0.0,0,0,0
2026-02-18 16:00:00+00:00,7,0.0,0.0,0.0,0.0,0.0,0,0,0
2026-02-18 20:00:00+00:00,7,0.0,0.0,0.0,0.0,0.0,0,0,0
2026-02-19 00:00:00+00:00,7,0.0,0.0,0.0,0.0,0.0,0,0,0
2026-02-19 04:00:00+00:00,7,0.0,0.0,0.0,0.0,0.0,0,0,0
2026-02-19 08:00:00+00:00,7,0.0,0.0,0.0,0.0,0.0,0,0,0
2026-02-19 12:00:00+00:00,7,0.0,0.0,0.0,0.0,0.0,0,0,0
2026-02-19 16:00:00+00:00,7,0.0,0.0,0.0,0.0,0.0,0,0,0
2026-02-19 20:00:00+00:00,7,0.0,0.0,0.0,0.0,0.0,0,0,0
2026-02-20 00:00:00+00:00,7,0.0,0.0,0.0,0.0,0.0,0,0,0
2026-02-20 04:00:00+00:00,7,0.0,0.0,0.0,0.0,0.0,0,0,0
2026-02-20 08:00:00+00:00,7,0.0,0.0,0.0,0.0,0.0,0,0,0
2026-02-20 12:00:00+00:00,7,0.0,0.0,0.0,0.0,0.0,0,0,0
2026-02-20 16:00:00+00:00,7,0.0,0.0,0.0,0.0,0.0,0,0,0
2026-02-20 20:00:00+00:00,7,0.0,0.0,0.0,0.0,0.0,0,0,0
2026-02-21 00:00:00+00:00,7,0.0,0.0,0.0,0.0,0.0,0,0,0
2026-02-21 04:00:00+00:00,7,0.0,0.0,0.0,0.0,0.0,0,0,0
2026-02-21 08:00:00+00:00,7,0.0,0.0,0.0,0.0,0.0,0,0,0
2026-02-21 12:00:00+00:00,7,0.0,0.0,0.0,0.0,0.0,0,0,0
2026-02-21 16:00:00+00:00,7,0.0,0.0,0.0,0.0,0.0,0,0,0
2026-02-21 20:00:00+00:00,7,0.0,0.0,0.0,0.0,0.0,0,0,0
2026-02-22 00:00:00+00:00,7,0.0,0.0,0.0,0.0,0.0,0,0,0
2026-02-22 04:00:00+00:00,7,0.0,0.0,0.0,0.0,0.0,0,0,0
2026-02-22 08:00:00+00:00,7,0.0,0.0,0.0,0.0,0.0,0,0,0
2026-02-22 12:00:00+00:00,7,0.0,0.0,0.0,0.0,0.0,0,0,0
2026-02-22 16:00:00+00:00,7,0.0,0.0,0.0,0.0,0.0,0,0,0
2026-02-22 20:00:00+00:00,7,0.0,0.0,0.0,0.0,0.0,0,0,0
2026-02-23 00:00:00+00:00,7,0.0,0.0,0.0,0.0,0.0,0,0,0
2026-02-23 04:00:00+00:00,7,0.0,0.0,0.0,0.0,0.0,0,0,0
2026-02-23 08:00:00+00:00,7,0.0,0.0,0.0,0.0,0.0,0,0,0
2026-02-23 12:00:00+00:00,7,0.0,0.0,0.0,0.0,0.0,0,0,0
2026-02-23 16:00:00+00:00,7,0.0,0.0,0.0,0.0,0.0,0,0,0
2026-02-23 20:00:00+00:00,7,0.0,0.0,0.0,0.0,0.0,0,0,0
2026-02-24 00:00:00+00:00,7,0.0,0.0,0.0,0.0,0.0,0,0,0
2026-02-24 04:00:00+00:00,7,0.0,0.0,0.0,0.0,0.0,0,0,0
2026-02-24 08:00:00+00:00,7,0.0,0.0,0.0,0.0,0.0,0,0,0
2026-02-24 12:00:00+00:00,7,0.0,0.0,0.0,0.0,0.0,0,0,0
2026-02-24 16:00:00+00:00,7,0.0,0.0,0.0,0.0,0.0,0,0,0
2026-02-24 20:00:00+00:00,7,0.0,0.0,0.0,0.0,0.0,0,0,0
2026-02-25 00:00:00+00:00,7,0.0,0.0,0.0,0.0,0.0,0,0,0
2026-02-25 04:00:00+00:00,7,0.0,0.0,0.0,0.0,0.0,0,0,0
2026-02-25 08:00:00+00:00,7,0.0,0.0,0.0,0.0,0.0,0,0,0
2026-02-25 12:00:00+00:00,7,0.0,0.0,0.0,0.0,0.0,0,0,0
2026-02-25 16:00:00+00:00,7,0.0,0.0,0.0,0.0,0.0,0,0,0
2026-02-25 20:00:00+00:00,7,0.0,0.0,0.0,0.0,0.0,0,0,0
2026-02-28 00:00:00+00:00,8,0.0,0.0,0.0,0.0,0.0,0,0,0
2026-02-28 04:00:00+00:00,8,0.0,0.0,0.0,0.0,0.0,0,0,0
2026-02-28 08:00:00+00:00,8,0.0,0.0,0.0,0.0,0.0,0,0,0
2026-02-28 12:00:00+00:00,8,0.0,0.0,0.0,0.0,0.0,0,0,0
2026-02-28 16:00:00+00:00,8,0.0,0.0,0.0,0.0,0.0,0,0,0
2026-02-28 20:00:00+00:00,8,0.0,0.0,0.0,0.0,0.0,0,0,0
2026-03-01 00:00:00+00:00,8,0.0,0.0,0.0,0.0,0.0,0,0,0
2026-03-01 04:00:00+00:00,8,0.0,0.0,0.0,0.0,0.0,0,0,0
2026-03-01 08:00:00+00:00,8,0.0,0.0,0.0,0.0,0.0,0,0,0
2026-03-01 12:00:00+00:00,8,0.0,0.0,0.0,0.0,0.0,0,0,0
2026-03-01 16:00:00+00:00,8,0.0,0.0,0.0,0.0,0.0,0,0,0
2026-03-01 20:00:00+00:00,8,0.0,0.0,0.0,0.0,0.0,0,0,0
2026-03-02 00:00:00+00:00,8,0.0,0.0,0.0,0.0,0.0,0,0,0
2026-03-02 04:00:00+00:00,8,0.0,0.0,0.0,0.0,0.0,0,0,0
2026-03-02 08:00:00+00:00,8,0.0,0.0,0.0,0.0,0.0,0,0,0
2026-03-02 12:00:00+00:00,8,0.0,0.0,0.0,0.0,0.0,0,0,0
2026-03-02 16:00:00+00:00,8,0.0,0.0,0.0,0.0,0.0,0,0,0
2026-03-02 20:00:00+00:00,8,0.0,0.0,0.0,0.0,0.0,0,0,0
2026-03-03 00:00:00+00:00,8,0.0,0.0,0.0,0.0,0.0,0,0,0
2026-03-03 04:00:00+00:00,8,0.0,0.0,0.0,0.0,0.0,0,0,0
2026-03-03 08:00:00+00:00,8,0.0,0.0,0.0,0.0,0.0,0,0,0
2026-03-03 12:00:00+00:00,8,0.0,0.0,0.0,0.0,0.0,0,0,0
2026-03-03 16:00:00+00:00,8,0.0,0.0,0.0,0.0,0.0,0,0,0
2026-03-03 20:00:00+00:00,8,0.0,0.0,0.0,0.0,0.0,0,0,0
2026-03-04 00:00:00+00:00,8,0.0,0.0,0.0,0.0,0.0,0,0,0
2026-03-04 04:00:00+00:00,8,0.0,0.0,0.0,0.0,0.0,0,0,0
2026-03-04 08:00:00+00:00,8,0.0,0.0,0.0,0.0,0.0,0,0,0
2026-03-04 12:00:00+00:00,8,0.0,0.0,0.0,0.0,0.0,0,0,0
2026-03-04 16:00:00+00:00,8,0.0,0.0,0.0,0.0,0.0,0,0,0
2026-03-04 20:00:00+00:00,8,0.0,0.0,0.0,0.0,0.0,0,0,0
2026-03-05 00:00:00+00:00,8,0.0,0.0,0.0,0.0,0.0,0,0,0
2026-03-05 04:00:00+00:00,8,0.0,0.0,0.0,0.0,0.0,0,0,0
2026-03-05 08:00:00+00:00,8,0.0,0.0,0.0,0.0,0.0,0,0,0
2026-03-05 12:00:00+00:00,8,0.0,0.0,0.0,0.0,0.0,0,0,0
2026-03-05 16:00:00+00:00,8,0.0,0.0,0.0,0.0,0.0,0,0,0
2026-03-05 20:00:00+00:00,8,0.0,0.0,0.0,0.0,0.0,0,0,0
2026-03-06 00:00:00+00:00,8,0.0,0.0,0.0,0.0,0.0,0,0,0
2026-03-06 04:00:00+00:00,8,0.0,0.0,0.0,0.0,0.0,0,0,0
2026-03-06 08:00:00+00:00,8,0.0,0.0,0.0,0.0,0.0,0,0,0
2026-03-06 12:00:00+00:00,8,0.0,0.0,0.0,0.0,0.0,0,0,0
2026-03-06 16:00:00+00:00,8,0.0,0.0,0.0,0.0,0.0,0,0,0
2026-03-06 20:00:00+00:00,8,0.0,0.0,0.0,0.0,0.0,0,0,0
2026-03-07 00:00:00+00:00,8,0.0,0.0,0.0,0.0,0.0,0,0,0
2026-03-07 04:00:00+00:00,8,0.0,0.0,0.0,0.0,0.0,0,0,0
2026-03-07 08:00:00+00:00,8,0.0,0.0,0.0,0.0,0.0,0,0,0
2026-03-07 12:00:00+00:00,8,0.0,0.0,0.0,0.0,0.0,0,0,0
2026-03-07 16:00:00+00:00,8,0.0,0.0,0.0,0.0,0.0,0,0,0
2026-03-07 20:00:00+00:00,8,0.0,0.0,0.0,0.0,0.0,0,0,0
2026-03-08 00:00:00+00:00,8,0.0,0.0,0.0,0.0,0.0,0,0,0
2026-03-08 04:00:00+00:00,8,0.0,0.0,0.0,0.0,0.0,0,0,0
2026-03-08 08:00:00+00:00,8,0.0,0.0,0.0,0.0,0.0,0,0,0
2026-03-08 12:00:00+00:00,8,0.0,0.0,0.0,0.0,0.0,0,0,0
2026-03-08 16:00:00+00:00,8,0.0,0.0,0.0,0.0,0.0,0,0,0
2026-03-08 20:00:00+00:00,8,0.0,0.0,0.0,0.0,0.0,0,0,0
2026-03-09 00:00:00+00:00,8,0.0,0.0,0.0,0.0,0.0,0,0,0
2026-03-09 04:00:00+00:00,8,0.0,0.0,0.0,0.0,0.0,0,0,0
2026-03-09 08:00:00+00:00,8,0.0,0.0,0.0,0.0,0.0,0,0,0
2026-03-09 12:00:00+00:00,8,0.0,0.0,0.0,0.0,0.0,0,0,0
2026-03-09 16:00:00+00:00,8,0.0,0.0,0.0,0.0,0.0,0,0,0
2026-03-09 20:00:00+00:00,8,0.0,0.0,0.0,0.0,0.0,0,0,0
2026-03-10 00:00:00+00:00,8,0.0,0.0,0.0,0.0,0.0,0,0,0
2026-03-10 04:00:00+00:00,8,0.0,0.0,0.0,0.0,0.0,0,0,0
2026-03-10 08:00:00+00:00,8,0.0,0.0,0.0,0.0,0.0,0,0,0
2026-03-10 12:00:00+00:00,8,0.0,0.0,0.0,0.0,0.0,0,0,0
2026-03-10 16:00:00+00:00,8,0.0,0.0,0.0,0.0,0.0,0,0,0
2026-03-10 20:00:00+00:00,8,0.0,0.0,0.0,0.0,0.0,0,0,0
2026-03-11 00:00:00+00:00,8,0.0,0.0,0.0,0.0,0.0,0,0,0
2026-03-11 04:00:00+00:00,8,0.0,0.0,0.0,0.0,0.0,0,0,0
2026-03-11 08:00:00+00:00,8,0.0,0.0,0.0,0.0,0.0,0,0,0
2026-03-11 12:00:00+00:00,8,0.0,0.0,0.0,0.0,0.0,0,0,0
2026-03-11 16:00:00+00:00,8,0.0,0.0,0.0,0.0,0.0,0,0,0
2026-03-11 20:00:00+00:00,8,0.0,0.0,0.0,0.0,0.0,0,0,0
2026-03-12 00:00:00+00:00,8,0.0,0.0,0.0,0.0,0.0,0,0,0
2026-03-12 04:00:00+00:00,8,0.0,0.0,0.0,0.0,0.0,0,0,0
2026-03-12 08:00:00+00:00,8,0.0,0.0,0.0,0.0,0.0,0,0,0
2026-03-12 12:00:00+00:00,8,0.0,0.0,0.0,0.0,0.0,0,0,0
2026-03-12 16:00:00+00:00,8,0.0,0.0,0.0,0.0,0.0,0,0,0
2026-03-12 20:00:00+00:00,8,0.0,0.0,0.0,0.0,0.0,0,0,0
2026-03-13 00:00:00+00:00,8,0.0,0.0,0.0,0.0,0.0,0,0,0
2026-03-13 04:00:00+00:00,8,0.0,0.0,0.0,0.0,0.0,0,0,0
2026-03-13 08:00:00+00:00,8,0.0,0.0,0.0,0.0,0.0,0,0,0
2026-03-13 12:00:00+00:00,8,0.0,0.0,0.0,0.0,0.0,0,0,0
2026-03-13 16:00:00+00:00,8,0.0,0.0,0.0,0.0,0.0,0,0,0
2026-03-13 20:00:00+00:00,8,0.0,0.0,0.0,0.0,0.0,0,0,0
2026-03-14 00:00:00+00:00,8,0.0,0.0,0.0,0.0,0.0,0,0,0
2026-03-14 04:00:00+00:00,8,0.0,0.0,0.0,0.0,0.0,0,0,0
2026-03-14 08:00:00+00:00,8,0.0,0.0,0.0,0.0,0.0,0,0,0
2026-03-14 12:00:00+00:00,8,0.0,0.0,0.0,0.0,0.0,0,0,0
2026-03-14 16:00:00+00:00,8,0.0,0.0,0.0,0.0,0.0,0,0,0
2026-03-14 20:00:00+00:00,8,0.0,0.0,0.0,0.0,0.0,0,0,0
2026-03-15 00:00:00+00:00,8,0.0,0.0,0.0,0.0,0.0,0,0,0
2026-03-15 04:00:00+00:00,8,0.0,0.0,0.0,0.0,0.0,0,0,0
2026-03-15 08:00:00+00:00,8,0.0,0.0,0.0,0.0,0.0,0,0,0
2026-03-15 12:00:00+00:00,8,0.0,0.0,0.0,0.0,0.0,0,0,0
2026-03-15 16:00:00+00:00,8,0.0,0.0,0.0,0.0,0.0,0,0,0
2026-03-15 20:00:00+00:00,8,0.0,0.0,0.0,0.0,0.0,0,0,0
2026-03-16 00:00:00+00:00,8,0.0,0.0,0.0,0.0,0.0,0,0,0
2026-03-16 04:00:00+00:00,8,0.0,0.0,0.0,0.0,0.0,0,0,0
2026-03-16 08:00:00+00:00,8,0.0,0.0,0.0,0.0,0.0,0,0,0
2026-03-16 12:00:00+00:00,8,0.0,0.0,0.0,0.0,0.0,0,0,0
2026-03-16 16:00:00+00:00,8,0.0,0.0,0.0,0.0,0.0,0,0,0
2026-03-16 20:00:00+00:00,8,0.0,0.0,0.0,0.0,0.0,0,0,0
2026-03-17 00:00:00+00:00,8,0.0,0.0,0.0,0.0,0.0,0,0,0
2026-03-17 04:00:00+00:00,8,0.0,0.0,0.0,0.0,0.0,0,0,0
2026-03-17 08:00:00+00:00,8,0.0,0.0,0.0,0.0,0.0,0,0,0
2026-03-17 12:00:00+00:00,8,0.0,0.0,0.0,0.0,0.0,0,0,0
2026-03-17 16:00:00+00:00,8,0.0,0.0,0.0,0.0,0.0,0,0,0
2026-03-17 20:00:00+00:00,8,0.0,0.0,0.0,0.0,0.0,0,0,0
2026-03-18 00:00:00+00:00,8,0.0,0.0,0.0,0.0,0.0,0,0,0
2026-03-18 04:00:00+00:00,8,0.0,0.0,0.0,0.0,0.0,0,0,0
2026-03-18 08:00:00+00:00,8,0.0,0.0,0.0,0.0,0.0,0,0,0
2026-03-18 12:00:00+00:00,8,0.0,0.0,0.0,0.0,0.0,0,0,0
2026-03-18 16:00:00+00:00,8,0.0,0.0,0.0,0.0,0.0,0,0,0
2026-03-18 20:00:00+00:00,8,0.0,0.0,0.0,0.0,0.0,0,0,0
2026-03-19 00:00:00+00:00,8,0.0,0.0,0.0,0.0,0.0,0,0,0
2026-03-19 04:00:00+00:00,8,0.0,0.0,0.0,0.0,0.0,0,0,0
2026-03-19 08:00:00+00:00,8,0.0,0.0,0.0,0.0,0.0,0,0,0
2026-03-19 12:00:00+00:00,8,0.0,0.0,0.0,0.0,0.0,0,0,0
2026-03-19 16:00:00+00:00,8,0.0,0.0,0.0,0.0,0.0,0,0,0
2026-03-19 20:00:00+00:00,8,0.0,0.0,0.0,0.0,0.0,0,0,0
2026-03-20 00:00:00+00:00,8,0.0,0.0,0.0,0.0,0.0,0,0,0
2026-03-20 04:00:00+00:00,8,0.0,0.0,0.0,0.0,0.0,0,0,0
2026-03-20 08:00:00+00:00,8,0.0,0.0,0.0,0.0,0.0,0,0,0
2026-03-20 12:00:00+00:00,8,0.0,0.0,0.0,0.0,0.0,0,0,0
2026-03-20 16:00:00+00:00,8,0.0,0.0,0.0,0.0,0.0,0,0,0
2026-03-20 20:00:00+00:00,8,0.0,0.0,0.0,0.0,0.0,0,0,0
2026-03-21 00:00:00+00:00,8,0.0,0.0,0.0,0.0,0.0,0,0,0
2026-03-21 04:00:00+00:00,8,0.0,0.0,0.0,0.0,0.0,0,0,0
2026-03-21 08:00:00+00:00,8,0.0,0.0,0.0,0.0,0.0,0,0,0
2026-03-21 12:00:00+00:00,8,0.0,0.0,0.0,0.0,0.0,0,0,0
2026-03-21 16:00:00+00:00,8,0.0,0.0,0.0,0.0,0.0,0,0,0
2026-03-21 20:00:00+00:00,8,0.0,0.0,0.0,0.0,0.0,0,0,0
2026-03-22 00:00:00+00:00,8,0.0,0.0,0.0,0.0,0.0,0,0,0
2026-03-22 04:00:00+00:00,8,0.0,0.0,0.0,0.0,0.0,0,0,0
2026-03-22 08:00:00+00:00,8,0.0,0.0,0.0,0.0,0.0,0,0,0
2026-03-22 12:00:00+00:00,8,0.0,0.0,0.0,0.0,0.0,0,0,0
2026-03-22 16:00:00+00:00,8,0.0,0.0,0.0,0.0,0.0,0,0,0
2026-03-22 20:00:00+00:00,8,0.0,0.0,0.0,0.0,0.0,0,0,0
2026-03-23 00:00:00+00:00,8,0.0,0.0,0.0,0.0,0.0,0,0,0
2026-03-23 04:00:00+00:00,8,0.0,0.0,0.0,0.0,0.0,0,0,0
2026-03-23 08:00:00+00:00,8,0.0,0.0,0.0,0.0,0.0,0,0,0
2026-03-23 12:00:00+00:00,8,0.0,0.0,0.0,0.0,0.0,0,0,0
2026-03-23 16:00:00+00:00,8,0.0,0.0,0.0,0.0,0.0,0,0,0
2026-03-23 20:00:00+00:00,8,0.0,0.0,0.0,0.0,0.0,0,0,0
2026-03-24 00:00:00+00:00,8,0.0,0.0,0.0,0.0,0.0,0,0,0
2026-03-24 04:00:00+00:00,8,0.0,0.0,0.0,0.0,0.0,0,0,0
2026-03-24 08:00:00+00:00,8,0.0,0.0,0.0,0.0,0.0,0,0,0
2026-03-24 12:00:00+00:00,8,0.0,0.0,0.0,0.0,0.0,0,0,0
2026-03-24 16:00:00+00:00,8,0.0,0.0,0.0,0.0,0.0,0,0,0
2026-03-24 20:00:00+00:00,8,0.0,0.0,0.0,0.0,0.0,0,0,0
2026-03-25 00:00:00+00:00,8,0.0,0.0,0.0,0.0,0.0,0,0,0
2026-03-25 04:00:00+00:00,8,0.0,0.0,0.0,0.0,0.0,0,0,0
2026-03-25 08:00:00+00:00,8,0.0,0.0,0.0,0.0,0.0,0,0,0
2026-03-25 12:00:00+00:00,8,0.0,0.0,0.0,0.0,0.0,0,0,0
2026-03-25 16:00:00+00:00,8,0.0,0.0,0.0,0.0,0.0,0,0,0
2026-03-25 20:00:00+00:00,8,0.0,0.0,0.0,0.0,0.0,0,0,0
2026-03-26 00:00:00+00:00,8,0.0,0.0,0.0,0.0,0.0,0,0,0
2026-03-26 04:00:00+00:00,8,0.0,0.0,0.0,0.0,0.0,0,0,0
2026-03-26 08:00:00+00:00,8,0.0,0.0,0.0,0.0,0.0,0,0,0
2026-03-26 12:00:00+00:00,8,0.0,0.0,0.0,0.0,0.0,0,0,0
2026-03-26 16:00:00+00:00,8,0.0,0.0,0.0,0.0,0.0,0,0,0
2026-03-26 20:00:00+00:00,8,0.0,0.0,0.0,0.0,0.0,0,0,0
2026-03-27 00:00:00+00:00,8,0.0,0.0,0.0,0.0,0.0,0,0,0
2026-03-27 04:00:00+00:00,8,0.0,0.0,0.0,0.0,0.0,0,0,0
2026-03-27 08:00:00+00:00,8,0.0,0.0,0.0,0.0,0.0,0,0,0
2026-03-27 12:00:00+00:00,8,0.0,0.0,0.0,0.0,0.0,0,0,0
2026-03-27 16:00:00+00:00,8,0.0,0.0,0.0,0.0,0.0,0,0,0
2026-03-27 20:00:00+00:00,8,0.0,0.0,0.0,0.0,0.0,0,0,0
2026-03-28 00:00:00+00:00,8,0.0,0.0,0.0,0.0,0.0,0,0,0
2026-03-28 04:00:00+00:00,8,0.0,0.0,0.0,0.0,0.0,0,0,0
2026-03-28 08:00:00+00:00,8,0.0,0.0,0.0,0.0,0.0,0,0,0
2026-03-28 12:00:00+00:00,8,0.0,0.0,0.0,0.0,0.0,0,0,0
2026-03-28 16:00:00+00:00,8,0.0,0.0,0.0,0.0,0.0,0,0,0
2026-03-28 20:00:00+00:00,8,0.0,0.0,0.0,0.0,0.0,0,0,0
2026-03-29 00:00:00+00:00,8,0.0,0.0,0.0,0.0,0.0,0,0,0
2026-03-29 04:00:00+00:00,8,0.0,0.0,0.0,0.0,0.0,0,0,0
2026-03-29 08:00:00+00:00,8,0.0,0.0,0.0,0.0,0.0,0,0,0
2026-03-29 12:00:00+00:00,8,0.0,0.0,0.0,0.0,0.0,0,0,0
2026-03-29 16:00:00+00:00,8,0.0,0.0,0.0,0.0,0.0,0,0,0
2026-03-29 20:00:00+00:00,8,0.0,0.0,0.0,0.0,0.0,0,0,0
2026-04-01 00:00:00+00:00,9,0.0,0.0,0.0,0.0,0.0,0,0,0
2026-04-01 04:00:00+00:00,9,0.0,0.0,0.0,0.0,0.0,0,0,0
2026-04-01 08:00:00+00:00,9,0.0,0.0,0.0,0.0,0.0,0,0,0
2026-04-01 12:00:00+00:00,9,0.0,0.0,0.0,0.0,0.0,0,0,0
2026-04-01 16:00:00+00:00,9,0.0,0.0,0.0,0.0,0.0,0,0,0
2026-04-01 20:00:00+00:00,9,0.0,0.0,0.0,0.0,0.0,0,0,0
2026-04-02 00:00:00+00:00,9,0.0,0.0,0.0,0.0,0.0,0,0,0
2026-04-02 04:00:00+00:00,9,0.0,0.0,0.0,0.0,0.0,0,0,0
2026-04-02 08:00:00+00:00,9,0.0,0.0,0.0,0.0,0.0,0,0,0
2026-04-02 12:00:00+00:00,9,0.0,0.0,0.0,0.0,0.0,0,0,0
2026-04-02 16:00:00+00:00,9,0.0,0.0,0.0,0.0,0.0,0,0,0
2026-04-02 20:00:00+00:00,9,0.0,0.0,0.0,0.0,0.0,0,0,0
2026-04-03 00:00:00+00:00,9,0.0,0.0,0.0,0.0,0.0,0,0,0
2026-04-03 04:00:00+00:00,9,0.0,0.0,0.0,0.0,0.0,0,0,0
2026-04-03 08:00:00+00:00,9,0.0,0.0,0.0,0.0,0.0,0,0,0
2026-04-03 12:00:00+00:00,9,0.0,0.0,0.0,0.0,0.0,0,0,0
2026-04-03 16:00:00+00:00,9,0.0,0.0,0.0,0.0,0.0,0,0,0
2026-04-03 20:00:00+00:00,9,0.0,0.0,0.0,0.0,0.0,0,0,0
2026-04-04 00:00:00+00:00,9,0.0,0.0,0.0,0.0,0.0,0,0,0
2026-04-04 04:00:00+00:00,9,0.0,0.0,0.0,0.0,0.0,0,0,0
2026-04-04 08:00:00+00:00,9,0.0,0.0,0.0,0.0,0.0,0,0,0
2026-04-04 12:00:00+00:00,9,0.0,0.0,0.0,0.0,0.0,0,0,0
2026-04-04 16:00:00+00:00,9,0.0,0.0,0.0,0.0,0.0,0,0,0
2026-04-04 20:00:00+00:00,9,0.0,0.0,0.0,0.0,0.0,0,0,0
2026-04-05 00:00:00+00:00,9,0.0,0.0,0.0,0.0,0.0,0,0,0
2026-04-05 04:00:00+00:00,9,0.0,0.0,0.0,0.0,0.0,0,0,0
2026-04-05 08:00:00+00:00,9,0.0,0.0,0.0,0.0,0.0,0,0,0
2026-04-05 12:00:00+00:00,9,0.0,0.0,0.0,0.0,0.0,0,0,0
2026-04-05 16:00:00+00:00,9,0.0,0.0,0.0,0.0,0.0,0,0,0
2026-04-05 20:00:00+00:00,9,0.0,0.0,0.0,0.0,0.0,0,0,0
2026-04-06 00:00:00+00:00,9,0.0,0.0,0.0,0.0,0.0,0,0,0
2026-04-06 04:00:00+00:00,9,0.0,0.0,0.0,0.0,0.0,0,0,0
2026-04-06 08:00:00+00:00,9,0.0,0.0,0.0,0.0,0.0,0,0,0
2026-04-06 12:00:00+00:00,9,0.0,0.0,0.0,0.0,0.0,0,0,0
2026-04-06 16:00:00+00:00,9,0.0,0.0,0.0,0.0,0.0,0,0,0
2026-04-06 20:00:00+00:00,9,0.0,0.0,0.0,0.0,0.0,0,0,0
2026-04-07 00:00:00+00:00,9,0.0,0.0,0.0,0.0,0.0,0,0,0
2026-04-07 04:00:00+00:00,9,0.0,0.0,0.0,0.0,0.0,0,0,0
2026-04-07 08:00:00+00:00,9,0.0,0.0,0.0,0.0,0.0,0,0,0
2026-04-07 12:00:00+00:00,9,0.0,0.0,0.0,0.0,0.0,0,0,0
2026-04-07 16:00:00+00:00,9,0.0,0.0,0.0,0.0,0.0,0,0,0
2026-04-07 20:00:00+00:00,9,0.0,0.0,0.0,0.0,0.0,0,0,0
2026-04-08 00:00:00+00:00,9,0.0,0.0,0.0,0.0,0.0,0,0,0
2026-04-08 04:00:00+00:00,9,0.0,0.0,0.0,0.0,0.0,0,0,0
2026-04-08 08:00:00+00:00,9,0.0,0.0,0.0,0.0,0.0,0,0,0
2026-04-08 12:00:00+00:00,9,0.0,0.0,0.0,0.0,0.0,0,0,0
2026-04-08 16:00:00+00:00,9,0.0,0.0,0.0,0.0,0.0,0,0,0
2026-04-08 20:00:00+00:00,9,0.0,0.0,0.0,0.0,0.0,0,0,0
2026-04-09 00:00:00+00:00,9,0.0,0.0,0.0,0.0,0.0,0,0,0
2026-04-09 04:00:00+00:00,9,0.0,0.0,0.0,0.0,0.0,0,0,0
2026-04-09 08:00:00+00:00,9,0.0,0.0,0.0,0.0,0.0,0,0,0
2026-04-09 12:00:00+00:00,9,0.0,0.0,0.0,0.0,0.0,0,0,0
2026-04-09 16:00:00+00:00,9,0.0,0.0,0.0,0.0,0.0,0,0,0
2026-04-09 20:00:00+00:00,9,0.0,0.0,0.0,0.0,0.0,0,0,0
2026-04-10 00:00:00+00:00,9,0.0,0.0,0.0,0.0,0.0,0,0,0
2026-04-10 04:00:00+00:00,9,0.0,0.0,0.0,0.0,0.0,0,0,0
2026-04-10 08:00:00+00:00,9,0.0,0.0,0.0,0.0,0.0,0,0,0
2026-04-10 12:00:00+00:00,9,0.0,0.0,0.0,0.0,0.0,0,0,0
2026-04-10 16:00:00+00:00,9,0.0,0.0,0.0,0.0,0.0,0,0,0
2026-04-10 20:00:00+00:00,9,0.0,0.0,0.0,0.0,0.0,0,0,0
2026-04-11 00:00:00+00:00,9,0.0,0.0,0.0,0.0,0.0,0,0,0
2026-04-11 04:00:00+00:00,9,0.0,0.0,0.0,0.0,0.0,0,0,0
2026-04-11 08:00:00+00:00,9,0.0,0.0,0.0,0.0,0.0,0,0,0
2026-04-11 12:00:00+00:00,9,0.0,0.0,0.0,0.0,0.0,0,0,0
2026-04-11 16:00:00+00:00,9,0.0,0.0,0.0,0.0,0.0,0,0,0
2026-04-11 20:00:00+00:00,9,0.0,0.0,0.0,0.0,0.0,0,0,0
2026-04-12 00:00:00+00:00,9,0.0,0.0,0.0,0.0,0.0,0,0,0
2026-04-12 04:00:00+00:00,9,0.0,0.0,0.0,0.0,0.0,0,0,0
2026-04-12 08:00:00+00:00,9,0.0,0.0,0.0,0.0,0.0,0,0,0
2026-04-12 12:00:00+00:00,9,0.0,0.0,0.0,0.0,0.0,0,0,0
2026-04-12 16:00:00+00:00,9,0.0,0.0,0.0,0.0,0.0,0,0,0
2026-04-12 20:00:00+00:00,9,0.0,0.0,0.0,0.0,0.0,0,0,0
2026-04-13 00:00:00+00:00,9,0.0,0.0,0.0,0.0,0.0,0,0,0
2026-04-13 04:00:00+00:00,9,0.0,0.0,0.0,0.0,0.0,0,0,0
2026-04-13 08:00:00+00:00,9,0.0,0.0,0.0,0.0,0.0,0,0,0
2026-04-13 12:00:00+00:00,9,0.0,0.0,0.0,0.0,0.0,0,0,0
2026-04-13 16:00:00+00:00,9,0.0,0.0,0.0,0.0,0.0,0,0,0
2026-04-13 20:00:00+00:00,9,0.0,0.0,0.0,0.0,0.0,0,0,0
2026-04-14 00:00:00+00:00,9,0.0,0.0,0.0,0.0,0.0,0,0,0
2026-04-14 04:00:00+00:00,9,0.0,0.0,0.0,0.0,0.0,0,0,0
2026-04-14 08:00:00+00:00,9,0.0,0.0,0.0,0.0,0.0,0,0,0
2026-04-14 12:00:00+00:00,9,0.0,0.0,0.0,0.0,0.0,0,0,0
2026-04-14 16:00:00+00:00,9,0.0,0.0,0.0,0.0,0.0,0,0,0
2026-04-14 20:00:00+00:00,9,0.0,0.0,0.0,0.0,0.0,0,0,0
2026-04-15 00:00:00+00:00,9,0.0,0.0,0.0,0.0,0.0,0,0,0
2026-04-15 04:00:00+00:00,9,0.0,0.0,0.0,0.0,0.0,0,0,0
2026-04-15 08:00:00+00:00,9,0.0,0.0,0.0,0.0,0.0,0,0,0
2026-04-15 12:00:00+00:00,9,0.0,0.0,0.0,0.0,0.0,0,0,0
2026-04-15 16:00:00+00:00,9,0.0,0.0,0.0,0.0,0.0,0,0,0
2026-04-15 20:00:00+00:00,9,0.0,0.0,0.0,0.0,0.0,0,0,0
2026-04-16 00:00:00+00:00,9,0.0,0.0,0.0,0.0,0.0,0,0,0
2026-04-16 04:00:00+00:00,9,0.0,0.0,0.0,0.0,0.0,0,0,0
2026-04-16 08:00:00+00:00,9,0.0,0.0,0.0,0.0,0.0,0,0,0
2026-04-16 12:00:00+00:00,9,0.0,0.0,0.0,0.0,0.0,0,0,0
2026-04-16 16:00:00+00:00,9,0.0,0.0,0.0,0.0,0.0,0,0,0
2026-04-16 20:00:00+00:00,9,0.0,0.0,0.0,0.0,0.0,0,0,0
2026-04-17 00:00:00+00:00,9,0.0,0.0,0.0,0.0,0.0,0,0,0
2026-04-17 04:00:00+00:00,9,0.0,0.0,0.0,0.0,0.0,0,0,0
2026-04-17 08:00:00+00:00,9,0.0,0.0,0.0,0.0,0.0,0,0,0
2026-04-17 12:00:00+00:00,9,0.0,0.0,0.0,0.0,0.0,0,0,0
2026-04-17 16:00:00+00:00,9,0.0,0.0,0.0,0.0,0.0,0,0,0
2026-04-17 20:00:00+00:00,9,0.0,0.0,0.0,0.0,0.0,0,0,0
2026-04-18 00:00:00+00:00,9,0.0,0.0,0.0,0.0,0.0,0,0,0
2026-04-18 04:00:00+00:00,9,0.0,0.0,0.0,0.0,0.0,0,0,0
2026-04-18 08:00:00+00:00,9,0.0,0.0,0.0,0.0,0.0,0,0,0
2026-04-18 12:00:00+00:00,9,0.0,0.0,0.0,0.0,0.0,0,0,0
2026-04-18 16:00:00+00:00,9,0.0,0.0,0.0,0.0,0.0,0,0,0
2026-04-18 20:00:00+00:00,9,0.0,0.0,0.0,0.0,0.0,0,0,0
2026-04-19 00:00:00+00:00,9,0.0,0.0,0.0,0.0,0.0,0,0,0
2026-04-19 04:00:00+00:00,9,0.0,0.0,0.0,0.0,0.0,0,0,0
2026-04-19 08:00:00+00:00,9,0.0,0.0,0.0,0.0,0.0,0,0,0
2026-04-19 12:00:00+00:00,9,0.0,0.0,0.0,0.0,0.0,0,0,0
2026-04-19 16:00:00+00:00,9,0.0,0.0,0.0,0.0,0.0,0,0,0
2026-04-19 20:00:00+00:00,9,0.0,0.0,0.0,0.0,0.0,0,0,0
2026-04-20 00:00:00+00:00,9,0.0,0.0,0.0,0.0,0.0,0,0,0
2026-04-20 04:00:00+00:00,9,0.0,0.0,0.0,0.0,0.0,0,0,0
2026-04-20 08:00:00+00:00,9,0.0,0.0,0.0,0.0,0.0,0,0,0
2026-04-20 12:00:00+00:00,9,0.0,0.0,0.0,0.0,0.0,0,0,0
2026-04-20 16:00:00+00:00,9,0.0,0.0,0.0,0.0,0.0,0,0,0
2026-04-20 20:00:00+00:00,9,0.0,0.0,0.0,0.0,0.0,0,0,0
2026-04-21 00:00:00+00:00,9,0.0,0.0,0.0,0.0,0.0,0,0,0
2026-04-21 04:00:00+00:00,9,0.0,0.0,0.0,0.0,0.0,0,0,0
2026-04-21 08:00:00+00:00,9,0.0,0.0,0.0,0.0,0.0,0,0,0
2026-04-21 12:00:00+00:00,9,0.0,0.0,0.0,0.0,0.0,0,0,0
2026-04-21 16:00:00+00:00,9,0.0,0.0,0.0,0.0,0.0,0,0,0
2026-04-21 20:00:00+00:00,9,0.0,0.0,0.0,0.0,0.0,0,0,0
2026-04-22 00:00:00+00:00,9,0.0,0.0,0.0,0.0,0.0,0,0,0
2026-04-22 04:00:00+00:00,9,0.0,0.0,0.0,0.0,0.0,0,0,0
2026-04-22 08:00:00+00:00,9,0.0,0.0,0.0,0.0,0.0,0,0,0
2026-04-22 12:00:00+00:00,9,0.0,0.0,0.0,0.0,0.0,0,0,0
2026-04-22 16:00:00+00:00,9,0.0,0.0,0.0,0.0,0.0,0,0,0
2026-04-22 20:00:00+00:00,9,0.0,0.0,0.0,0.0,0.0,0,0,0
2026-04-23 00:00:00+00:00,9,0.0,0.0,0.0,0.0,0.0,0,0,0
2026-04-23 04:00:00+00:00,9,0.0,0.0,0.0,0.0,0.0,0,0,0
2026-04-23 08:00:00+00:00,9,0.0,0.0,0.0,0.0,0.0,0,0,0
2026-04-23 12:00:00+00:00,9,0.0,0.0,0.0,0.0,0.0,0,0,0
2026-04-23 16:00:00+00:00,9,0.0,0.0,0.0,0.0,0.0,0,0,0
2026-04-23 20:00:00+00:00,9,0.0,0.0,0.0,0.0,0.0,0,0,0
2026-04-24 00:00:00+00:00,9,0.0,0.0,0.0,0.0,0.0,0,0,0
2026-04-24 04:00:00+00:00,9,0.0,0.0,0.0,0.0,0.0,0,0,0
2026-04-24 08:00:00+00:00,9,0.0,0.0,0.0,0.0,0.0,0,0,0
2026-04-24 12:00:00+00:00,9,0.0,0.0,0.0,0.0,0.0,0,0,0
2026-04-24 16:00:00+00:00,9,0.0,0.0,0.0,0.0,0.0,0,0,0
2026-04-24 20:00:00+00:00,9,0.0,0.0,0.0,0.0,0.0,0,0,0
2026-04-25 00:00:00+00:00,9,0.0,0.0,0.0,0.0,0.0,0,0,0
2026-04-25 04:00:00+00:00,9,0.0,0.0,0.0,0.0,0.0,0,0,0
2026-04-25 08:00:00+00:00,9,0.0,0.0,0.0,0.0,0.0,0,0,0
2026-04-25 12:00:00+00:00,9,0.0,0.0,0.0,0.0,0.0,0,0,0
2026-04-25 16:00:00+00:00,9,0.0,0.0,0.0,0.0,0.0,0,0,0
2026-04-25 20:00:00+00:00,9,0.0,0.0,0.0,0.0,0.0,0,0,0
2026-04-26 00:00:00+00:00,9,0.0,0.0,0.0,0.0,0.0,0,0,0
2026-04-26 04:00:00+00:00,9,0.0,0.0,0.0,0.0,0.0,0,0,0
2026-04-26 08:00:00+00:00,9,0.0,0.0,0.0,0.0,0.0,0,0,0
2026-04-26 12:00:00+00:00,9,0.0,0.0,0.0,0.0,0.0,0,0,0
2026-04-26 16:00:00+00:00,9,0.0,0.0,0.0,0.0,0.0,0,0,0
2026-04-26 20:00:00+00:00,9,0.0,0.0,0.0,0.0,0.0,0,0,0
2026-04-27 00:00:00+00:00,9,0.0,0.0,0.0,0.0,0.0,0,0,0
2026-04-27 04:00:00+00:00,9,0.0,0.0,0.0,0.0,0.0,0,0,0
2026-04-27 08:00:00+00:00,9,0.0,0.0,0.0,0.0,0.0,0,0,0
2026-04-27 12:00:00+00:00,9,0.0,0.0,0.0,0.0,0.0,0,0,0
2026-04-27 16:00:00+00:00,9,0.0,0.0,0.0,0.0,0.0,0,0,0
2026-04-27 20:00:00+00:00,9,0.0,0.0,0.0,0.0,0.0,0,0,0
2026-04-28 00:00:00+00:00,9,0.0,0.0,0.0,0.0,0.0,0,0,0
2026-04-28 04:00:00+00:00,9,0.0,0.0,0.0,0.0,0.0,0,0,0
2026-04-28 08:00:00+00:00,9,0.0,0.0,0.0,0.0,0.0,0,0,0
2026-04-28 12:00:00+00:00,9,0.0,0.0,0.0,0.0,0.0,0,0,0
2026-04-28 16:00:00+00:00,9,0.0,0.0,0.0,0.0,0.0,0,0,0
2026-04-28 20:00:00+00:00,9,0.0,0.0,0.0,0.0,0.0,0,0,0
2026-04-29 00:00:00+00:00,9,0.0,0.0,0.0,0.0,0.0,0,0,0
2026-04-29 04:00:00+00:00,9,0.0,0.0,0.0,0.0,0.0,0,0,0
2026-04-29 08:00:00+00:00,9,0.0,0.0,0.0,0.0,0.0,0,0,0
2026-04-29 12:00:00+00:00,9,0.0,0.0,0.0,0.0,0.0,0,0,0
2026-04-29 16:00:00+00:00,9,0.0,0.0,0.0,0.0,0.0,0,0,0
2026-04-29 20:00:00+00:00,9,0.0,0.0,0.0,0.0,0.0,0,0,0
2026-04-30 00:00:00+00:00,9,0.0,0.0,0.0,0.0,0.0,0,0,0
2026-04-30 04:00:00+00:00,9,0.0,0.0,0.0,0.0,0.0,0,0,0
2026-04-30 08:00:00+00:00,9,0.0,0.0,0.0,0.0,0.0,0,0,0
2026-04-30 12:00:00+00:00,9,0.0,0.0,0.0,0.0,0.0,0,0,0
2026-04-30 16:00:00+00:00,9,0.0,0.0,0.0,0.0,0.0,0,0,0
2026-04-30 20:00:00+00:00,9,0.0,0.0,0.0,0.0,0.0,0,0,0
